-7,262983845;-0,499658029;-0,251095467;0,233718424;0,317038988;0,315769575;0,380137086;-0,396930931;-0,166240556;-0,035254903;0,48834157;0,18773987;-0,192983619;-0,538645911;-0,242231482;-0,209219263;0,409044248;0,306416358;0,255374099;-0,348728405;-0,073325722;-0,428571462;-0,396687845;-0,339767173;-0,450819877;0,433231623;0,277393049;-0,80167886;0,215272174;0,247123016;0,212671416;-0,461609535;0,02561872;0,365605365;0,436099149;0,240471175;0,297095043;0,327413676;-0,405456479;0,30083498;0,189738662;-0,357253456;0,154863979;-0,035239583;0,01313459;0,118423356;-0,035162909;-0,329624151;-0,44546003;-0,334979817;-0,454528956;0,361765703;0,325294194;0,509186894;0,373966626;0,085759795;-0,395422842;0,233858381;-0,293313313;-0,291510254;-0,379062501;-0,378416781;0,466601508;0,265531098;0,092138074;0,356958496;-0,141089058;-0,3941285;-0,3010342;0,334750023;0,277201146;-0,484452499;-0,342417109;0,229853911;0,440079881;-0,362795818;0,398845937;-0,301353031;-0,261435195;-0,347579308;-0,31861257;-0,384612485;-0,255054849;-0,282885511;0,336703136;-0,15254258;-0,035509606;-0,393553635;-0,035173015;0,272334288;0,222617781;-0,437342681;-0,03541849;0,496438107;0,365602486;0,492402522;-0,035208398;0,377402254;0,277859864;-0,344339378;0,174278592;-0,35439656;-0,534797326;0,436809876;0,285137322;-0,035593212;-0,307626054;0,315654592;0,369912011;-0,125698525;-0,216659366;-0,358608792;-0,433770439;-0,475566754;0,14417385;0,164368679;0,182710179;0,350473899;0,228770879;-0,184743444;0,174777426;0,28975811;-0,284093817;-0,035154879;0,225020162;-0,463395306;0,338182812;-0,035417379;-0,225536003;0,483392335;-0,221597975;-0,481571693;-0,085925405;0,191061065;-0,035163869;0,110674884;-0,393540159;-0,41286769;-0,303032749;0,123492026;0,245275708;0,31833498;-0,097519628;0,358595195;-0,32983297;0,249441456;-0,407651137;-0,254842236;-0,035285309;0,402114255;-0,427530413;0,273087021;0,275887555;-0,103222131;-0,539721662;-0,4726122;-0,340437442;0,290585072;0,133658763;0,116793596;-0,275151642;-0,533448608;-0,035292;-0,295582543;-0,237526639;-0,035464108;-0,414350455;-0,035228753;-0,221485996;-0,348133534;-0,035687836;-0,035353401;0,302518407;-0,410907498;-0,528119457;-0,01126654;-0,467698528;-0,357910087;0,436039239;-0,313234613;0,27996463;-0,068030033;-0,121183505;-0,455802779;0,171770812;0,328169039;0,156053211;0,270898216;-0,320513246;0,092504274;0,300100249;-0,035333499;-0,035213385;0,346973777;0,315526292;0,241248606;0,197608228;0,165097568;-0,434775009;0,256241429;-0,035218731;-0,03521106;-0,285854108;-0,461142066
-6,76923185;0,332004078;-0,264383168;-0,347801351;0,187114728;-0,274104736;-0,322622294;-0,220355523;-0,376405638;-0,029952237;-0,283874558;0,256623751;0,206937571;-0,342101588;-0,423572918;-0,238140321;0,145821908;0,210934881;0,33010322;0,235073107;0,053170102;0,315376614;-0,262515748;-0,351796364;-0,305236073;-0,211916643;0,271788897;0,152669196;0,171847443;0,193684248;0,169833822;-0,333293886;0,155422104;-0,309250847;-0,185589653;0,239300482;-0,247918476;0,192283891;0,192783607;0,275564847;-0,25592636;0,214635387;0,28060001;-0,029990182;0,187907937;0,033713638;-0,03021402;-0,348625773;0,248948864;-0,292058988;0,160681387;0,219174513;0,341485869;0,259853572;0,250564321;-0,302819956;-0,284633137;0,183205278;-0,332246328;0,295178378;-0,254201117;-0,406944475;0,340796365;0,066136873;0,226057117;0,224992243;0,303024859;-0,285022074;-0,235642667;0,32009192;0,216528979;0,266004491;0,271593127;0,395970735;-0,31179018;0,341451433;-0,376558065;-0,298522979;-0,302235664;-0,268356417;-0,276476558;0,395711585;-0,265264004;-0,304588687;0,286986316;-0,291261455;-0,029471501;0,153946076;-0,030180192;-0,321192768;0,186564933;-0,354533345;-0,029620419;0,404479019;-0,350865661;0,204547492;-0,030073301;-0,363383862;0,11051613;-0,251013015;0,165714892;-0,227618355;0,342676626;-0,340277013;-0,437275686;-0,029348657;-0,141903329;0,235548228;-0,186695168;-0,294777656;-0,358687213;-0,23060592;0,211144221;0,335941263;-0,285060707;0,230554429;0,185632356;-0,420990882;0,16446454;-0,221704882;-0,38123486;-0,371414272;-0,256869633;-0,030242227;-0,104713801;-0,358756036;0,213731456;-0,029622355;-0,300962241;0,264321274;0,218871792;-0,353889761;-0,198591164;0,182407727;-0,030210729;0,16436074;0,14451822;-0,262728037;-0,381621446;0,220197007;-0,37459448;0,317677988;0,0573353;-0,328126096;0,110406074;0,252600527;0,204634625;-0,333836737;-0,029881463;-0,223199922;0,314144107;0,191737653;0,194120634;-0,301671804;-0,324827493;0,211617881;0,053856945;-0,242174595;0,237989757;0,221159317;0,352534568;-0,09058485;-0,029866601;-0,293677824;0,250144871;-0,029543588;0,19378105;-0,030018083;-0,232331561;-0,26862655;-0,029221566;-0,029739869;0,235133;-0,343228113;0,226293112;-0,303414814;-0,247834756;-0,414476233;-0,466999904;-0,237841163;0,10587465;-0,035876095;-0,380688577;-0,372965861;0,154208854;0,357937096;0,116817293;-0,397873659;-0,413626767;-0,038438078;0,230917787;-0,029779218;-0,030059409;0,23426291;-0,145359968;0,222359011;-0,397397616;0,179540787;0,287282768;0,155772885;-0,030044788;-0,030065854;-0,305817089;-0,014174661
-7,824905137;0,11391227;-0,319140165;-0,676991035;0,291057094;0,12537661;-0,336412681;-0,496804487;-0,310923168;-0,045950095;0,20791304;-0,16852085;0,176781233;0,066013402;0,324813033;0,364801593;0,199498989;0,113284442;-0,369116893;-0,308825133;0,10563093;0,277489151;0,404941102;0,16865164;0,384613813;-0,224052226;0,358234772;-0,303723097;-0,462227778;-0,261127098;0,29283983;-0,425534937;-0,116336347;0,143783256;-0,387225854;-0,277117942;0,153600938;0,154940046;-0,433703178;0,119184655;-0,27443321;-0,305511341;0,436628743;-0,045921147;-0,526551694;0,359088175;-0,045757292;0,175352037;0,230526898;-0,419780427;0,210263412;-0,444039796;-0,133622948;0,20252722;0,176240901;-0,296768529;0,447432903;0,189281186;0,395602625;-0,368809038;0,144917621;0,182315728;0,187184465;0,165117925;0,223537216;-0,361731579;0,364244182;0,37794746;0,332409184;-0,27242683;0,340377093;0,547365331;-0,562155593;0,309587121;0,408298426;-0,401477364;0,051979063;-0,027426498;0,320003441;0,174881977;-0,32578779;-0,434874723;0,253338287;-0,350560371;0,017293072;0,391143279;-0,046345885;-0,397998572;-0,045781294;0,256011958;-0,244895567;-0,453948095;-0,046217568;0,23095716;0,479131745;0,213216613;-0,04585892;-0,331486481;-0,376481968;0,269747891;-0,463556629;-0,274135756;-0,251493361;0,242669805;-0,33411688;-0,046455548;-0,274559982;0,246973565;0,291278441;0,436264959;-0,273115161;-0,242651607;-0,34270078;0,28130034;-0,519575902;0,306214097;-0,318778112;-0,251847543;0,496041463;0,502690808;-0,381435785;-0,418729941;-0,70520826;-0,045737487;-0,427013734;0,234018743;-0,387702875;-0,046215933;-0,167392022;-0,286906035;-0,24048748;0,212791002;0,374070591;0,262079207;-0,045759615;-0,082571365;0,281134627;0,162225887;-0,354461537;-0,338454275;0,140636128;-0,320195225;-0,031047372;-0,293480082;0,079896507;0,157156217;-0,251257369;0,330775047;-0,046004992;0,35119139;-0,290988681;-0,260518458;-0,359776088;0,129265186;-0,352158238;-0,310704395;-0,22627829;0,222929621;0,263885599;-0,411025734;-0,107361738;0,161023057;-0,046016669;-0,392667197;-0,390464161;-0,046283135;0,668365156;-0,045900077;0,362285005;0,298170924;-0,046572597;-0,046118333;0,156820744;0,41702721;-0,355300326;-0,319734398;0,12885048;0,313686482;0,218448885;0,198772585;-0,337286937;0,258946047;-0,445884667;0,212782792;-0,432198527;-0,415375033;-0,427906322;0,245161291;0,147951049;-0,396272011;0,087291111;-0,046086367;-0,045869207;0,196742224;0,30860116;0,046191188;0,262198961;0,14180544;0,248442348;-0,333785157;-0,045880083;-0,045864428;-0,415033753;-0,00329388
-6,394126006;-0,308273213;-0,523480309;0,455942539;-0,435774987;-0,267410823;0,50254666;-0,240235047;0,226231308;-0,03914362;0,466566964;-0,237206741;0,224441927;0,303274707;0,220213301;0,251321101;0,330177732;0,096595383;-0,301111784;-0,309022122;0,431902171;-0,389142094;0,237204313;0,181198886;0,265188447;-0,3539915;0,29747879;-0,573341512;-0,502239664;0,357241835;0,195179495;0,23311539;0,310272;0,252786893;0,38167568;-0,458487506;0,254773282;0,079517116;-0,498966698;-0,490882464;-0,543985862;-0,451655084;0,245377271;-0,039097252;0,346028241;0,399507124;-0,038831622;0,124647539;0,023668624;0,341493788;-0,348664178;-0,509299859;0,248475205;0,30447414;0,526726691;-0,347381352;-0,402710489;0,335233114;-0,229135929;-0,238727572;-0,040248618;-0,536594245;0,173101117;0,366464252;0,41803532;-0,198617963;0,482629081;-0,241735661;0,235731721;-0,223536478;0,177754879;-0,411754395;-0,087025212;-0,144342857;0,306223207;0,243040528;0,277700295;-0,367667345;-0,547882954;0,221986349;0,295298578;0,251862815;-0,402105389;0,122953588;0,229228686;0,155348186;-0,03976413;0,183959879;-0,038870897;-0,274126476;-0,226173913;-0,200550107;-0,039565425;0,231777637;-0,123921848;0,216945001;-0,038997035;-0,331818819;-0,511450324;-0,377638427;-0,185951947;0,167643665;-0,456127971;-0,185607103;-0,452926839;-0,03993235;-0,448724259;-0,23938121;0,40663118;0,189692869;0,229187648;-0,023641793;-0,122507965;0,320366769;-0,178306321;-0,279549899;-0,355187057;0,15734707;-0,461717446;-0,387584528;-0,25548973;-0,343507353;-0,306742398;-0,038799113;-0,200695377;-0,427752424;0,418219941;-0,039562879;-0,171227567;0,472441498;0,254120994;-0,349183708;-0,328023681;0,455954785;-0,03883543;0,362101233;0,067176596;-0,576996411;-0,203144958;0,473452982;-0,463665215;0,299005972;0,319915187;-0,322757488;0,194398921;-0,012212857;-0,185854587;0,402282093;-0,039231135;0,368713094;-0,406452137;-0,20932277;-0,464436961;-0,322296768;-0,37010826;-0,382827302;-0,280802149;-0,332090302;0,59267696;-0,381974404;0,330545866;0,177496312;-0,039249682;-0,056244657;-0,2966297;-0,039667223;-0,244727702;-0,039063405;-0,433758025;-0,344030709;-0,040110424;-0,039410225;0,194101942;0,362923646;0,222183533;-0,436794658;0,177362021;-0,408261456;0,322815298;-0,225519294;0,45254905;0,244751019;0,201911811;-0,430823878;-0,360953341;-0,058109694;0,272084591;-0,323853807;0,113971834;0,027058874;-0,463581902;-0,039359922;-0,039013656;-0,455965072;-0,261009228;-0,001536556;-0,401083442;0,268899821;0,221487978;0,247986786;-0,039031204;-0,039005938;-0,419664466;-0,581534568
-6,647056994;0,190567685;-0,267713241;-0,354227781;-0,425558853;0,175867892;0,349095702;0,441524607;-0,292001597;-0,037101941;-0,363875017;0,148487173;-0,398340102;0,186170855;0,354204025;-0,338456237;-0,360299218;-0,474015648;0,278328803;0,17800786;0,271718599;0,336337753;0,191349222;-0,431680072;0,219143611;-0,335174235;-0,314909764;0,409905731;-0,424420052;-0,387345153;0,110167637;0,229256693;0,164073229;-0,422615795;0,339462997;0,25458725;0,302286632;-0,496902181;-0,317474812;0,354423364;-0,436789637;0,191578993;0,164962575;-0,037097833;-0,401703176;-0,302351984;-0,037083585;-0,477310887;-0,142475819;0,420464936;0,340532219;-0,261225853;0,299557384;-0,41888657;-0,322866988;0,341941966;-0,481763333;-0,389127714;-0,183239057;-0,217242849;-0,428868848;-0,354707541;-0,25926069;0,131510554;0,203177332;-0,225831877;0,381441805;0,227144772;-0,206115711;0,210191513;-0,324357353;0,269055583;-0,315895094;0,262759261;-0,495702893;-0,403572049;-0,365816306;0,247079356;-0,378961202;0,067819709;-0,345478032;-0,151261029;-0,411081413;-0,21128528;0,372615524;-0,374211694;-0,037198179;0,261873945;-0,037084658;0,153929444;0,37350913;0,234198274;-0,037159461;-0,393401393;-0,500472721;-0,374971296;-0,037090564;0,244431559;0,409519143;-0,320128251;0,209171002;0,308731802;0,395755724;0,283754366;0,210462319;-0,037236269;-0,211814665;-0,385444114;0,338939265;-0,396166497;-0,357752;-0,348810932;0,197586374;0,399133288;0,17888699;0,314681671;-0,084024567;-0,419287913;0,195703933;-0,249812162;0,333867321;-0,355240609;0,158554509;-0,037082979;0,334475173;0,292600353;-0,226142707;-0,037159011;0,282599416;-0,431714207;-0,18606802;0,317322671;-0,284868156;0,229693192;-0,037083673;-0,513326776;0,202612165;0,0988636;-0,196507028;-0,340589923;0,126800361;0,339023831;0,164199344;-0,265197892;-0,274402307;-0,371231624;-0,2707366;0,288349539;-0,037110939;-0,200745607;0,489728272;0,267684984;-0,291433933;0,184297757;0,411992196;0,346796966;-0,066604408;0,297982471;0,263546305;0,347753654;-0,294481727;0,372877755;-0,037113051;-0,367301788;0,260262676;-0,037178422;0,379556163;-0,037095129;-0,171052302;0,08143274;-0,037281594;-0,037134234;-0,439402381;-0,454839567;0,301043701;0,216119449;0,158900036;-0,36431882;-0,507521889;0,409052307;-0,400118987;0,233861213;-0,339875229;-0,387660677;0,159651322;-0,371964906;0,252653384;-0,446885273;-0,355718806;0,219247544;-0,383846453;-0,037127046;-0,037091615;-0,402663268;0,195938346;-0,32100948;-0,424270006;-0,497249081;-0,23429748;0,190606073;-0,037092791;-0,037091119;0,388355777;0,347014698
-9,172051356;-0,272275717;0,332994619;-0,300687546;-0,359413606;0,451562785;0,130702305;-0,268911184;0,292203451;-0,045309044;-0,3333845;0,217037218;0,220283622;0,208145297;0,166580241;0,327858802;0,305419057;0,246292758;-0,287927133;0,338744699;-0,349714409;0,029297109;-0,284656667;0,342303848;0,105895012;-0,285049485;-0,331564545;0,197035052;0,308929892;-0,457369344;0,061217067;0,143858955;0,126725042;-0,402938362;0,228473556;0,261435386;0,107759189;0,226586838;0,213471562;0,131215281;0,286018704;0,279627964;0,127233194;-0,045354087;-0,333909621;0,312509399;-0,045619282;0,313248991;0,234425644;0,296286927;0,224446222;-0,432060043;-0,329168446;-0,311565989;0,308925844;-0,297338209;-0,304767897;-0,267882122;-0,139276283;-0,264274527;0,073624138;-0,382429479;-0,4224054;0,320796045;-0,428966312;-0,215417886;0,283043196;0,230141112;0,301888675;0,405549874;-0,465646476;0,248684463;-0,132900601;-0,314443931;-0,215486064;0,29530252;0,254711287;-0,427393062;0,256117161;0,231107286;0,263051257;0,197096559;-0,330910898;-0,267967039;0,327663566;0,286282245;-0,044734908;0,20983205;-0,045579249;0,420495012;-0,324486853;0,201608185;-0,044913572;0,295802419;-0,474850837;-0,477204104;-0,045452655;-0,240042862;0,221341235;-0,208921105;0,083680184;-0,38170744;0,344648064;-0,391246864;-0,077112693;-0,04458684;-0,367070631;-0,429597569;-0,284936185;0,324287522;-0,44266432;-0,391931929;0,172304557;0,1793519;0,316047433;-0,32678929;-0,348502173;-0,273207774;0,292435011;0,270225419;-0,279701589;-0,211407067;0,108802787;-0,045652651;-0,300444236;-0,284155619;-0,290235742;-0,04491589;-0,346146575;0,287672795;-0,395787507;0,324901156;0,480421096;-0,40344161;-0,045615387;-0,414999431;0,233544796;-0,412220767;-0,35310461;-0,251407258;0,287752516;0,285155659;0,152665942;-0,262274199;-0,423776778;-0,391081184;-0,331885334;-0,257717974;-0,045224946;0,197504891;0,357858464;-0,110360371;-0,367279554;0,303540277;0,320093672;0,32704148;-0,369867038;-0,276019312;-0,171513473;0,289787528;0,337114346;-0,319009418;-0,04520727;0,305161757;-0,155713213;-0,044821501;-0,176430039;-0,045387188;-0,317047082;0,233453733;-0,04443292;-0,045056308;-0,444206542;0,01727098;0,137129464;0,308835525;0,198311826;0,275277548;0,250728447;-0,245950458;0,137450447;0,22644094;0,271160656;-0,104231294;0,276794714;-0,223988299;0,193929328;0,276824033;0,270196539;0,325667143;-0,066332063;-0,045103229;-0,04543619;-0,422127658;0,236840687;0,259234024;-0,33622071;0,161598295;-0,477807083;0,058565958;-0,045418857;-0,04544383;0,273425626;0,253080632
-7,103185759;0,258122287;-0,323798959;0,288953142;0,126154489;0,176057399;0,25653361;-0,294175394;-0,264139055;-0,043210735;0,367298307;0,185914963;0,261420419;0,254673657;0,206209412;-0,334723874;0,134666592;0,135499487;-0,306114135;0,361090766;0,05170481;0,213249104;-0,411091969;0,198295141;0,097610718;0,311100004;-0,432790563;-0,43321487;0,374887225;-0,316960972;-0,459500453;-0,389444113;0,092133133;0,345457673;-0,231846695;-0,330466972;-0,159803633;0,089383703;-0,196927896;0,187842895;-0,327976723;-0,366721167;0,222225946;-0,043147678;-0,422600002;0,262213669;-0,042796131;0,234515962;-0,445742786;-0,413534151;-0,36309174;0,266623897;-0,366772666;0,206530513;0,469697174;-0,376936054;0,111570766;0,267708138;-0,399431087;-0,24425329;-0,402261032;0,114578526;0,175425827;0,22188464;-0,354770353;-0,266532946;0,480494586;0,250441949;-0,378576327;0,348809128;-0,468134569;-0,339699403;-0,292883761;-0,331106062;-0,191026066;-0,043359681;0,220789972;0,142107274;-0,37022101;0,154986464;0,331803094;-0,341401077;-0,290763707;-0,289201581;0,234605879;-0,440631723;-0,044099326;0,37916649;-0,042847045;0,243911167;-0,213207262;0,207147943;-0,043806049;0,225606807;-0,44587236;0,262556874;-0,043013084;0,334586868;0,33319149;-0,311618575;0,248323971;-0,306371872;-0,312114202;0,344223051;-0,433234857;-0,044353642;-0,28585865;0,275020526;-0,422290241;-0,40034458;-0,409010225;-0,243761377;-0,277846372;0,182159591;-0,365376181;0,169536515;-0,34280977;0,290416695;-0,356453507;-0,296121496;0,197813441;-0,404202079;0,132867475;-0,042754274;0,261454271;0,292155389;0,297637212;-0,043802343;-0,193011821;-0,211569582;0,344329379;0,27651803;0,429573408;-0,243957152;-0,04280105;-0,307982676;-0,375795847;0,255290853;-0,354986402;-0,26844663;-0,133189871;0,334842571;0,193417331;0,333689515;0,193881026;0,118994231;-0,240230368;0,19579483;-0,04333107;-0,474136706;0,346673289;-0,337100284;0,242119734;0,321065493;0,299368011;-0,174160413;-0,358408801;0,310477895;0,175211445;0,303982651;0,251375185;0,173798723;-0,043356793;0,355211308;-0,278951987;-0,043955312;-0,25937479;-0,043101959;-0,334161034;0,162258231;-0,044628644;-0,043582578;0,206695674;-0,298518801;-0,308816997;-0,304851134;0,131071617;0,255955862;-0,107215345;-0,341629271;-0,356518384;0,242686549;-0,396961176;-0,305499316;-0,370401203;0,111913248;0,235509886;-0,460905874;0,302417404;-0,370404983;0,065630746;-0,043511235;-0,043035244;0,17504123;0,306217341;0,143828122;0,19785427;0,157830411;0,217367311;0,39165232;-0,043058711;-0,043024946;0,34926736;0,182520538
-8,423556031;-0,215447483;-0,321417646;-0,511814684;-0,366077802;-0,394734121;-0,503500601;-0,421684169;0,203735603;-0,043075803;-0,360662825;-0,330047954;-0,221524414;0,252233601;0,243283854;0,199415377;0,199754056;0,049488257;-0,33106199;-0,398097385;0,259171103;0,106105824;0,32475593;0,06675209;0,338581263;-0,313649676;0,365761433;-0,018315285;-0,405194925;-0,330032416;-0,048325825;0,23273082;0,258977408;0,175149156;0,119713052;-0,41569499;0,294101168;0,107733909;-0,291597492;0,127779585;-0,458769528;0,293685345;0,285972729;-0,043081698;-0,024403748;-0,45749988;-0,043116173;0,270150208;0,280197744;0,293292083;0,347783914;-0,471927533;0,395036074;0,178401102;-0,385856643;-0,448818928;-0,231473876;-0,431854937;0,275109033;-0,189958809;0,069573106;0,200869916;0,345483109;-0,444941276;0,423702374;-0,348777384;-0,338941788;0,366820934;-0,019764775;-0,457330099;0,149621884;0,571858566;0,291661096;-0,281397801;-0,312247013;0,343340522;-0,577570273;0,315939571;0,197285161;0,137429345;0,354972196;0,25556141;-0,258066074;0,240309609;0,283473011;0,29018268;-0,042998418;0,327897496;-0,043110983;-0,412467122;-0,267109549;0,268346984;-0,043023056;0,1753344;0,175924868;0,097829078;-0,043094547;-0,361474573;0,120684425;-0,275551003;-0,450405616;0,344598146;-0,365271656;-0,307228797;-0,135429703;-0,042977516;0,251205512;-0,403933158;0,378158915;0,352201675;-0,013549727;-0,267156714;0,383220183;0,356779884;0,240321589;-0,277476554;-0,447988563;-0,523720899;0,312950604;0,260984476;-0,394780029;-0,451075487;0,234309396;-0,043120498;-0,475118109;-0,168595814;-0,333269424;-0,043023372;-0,109186863;-0,497864175;-0,179432995;0,410858487;-0,317179914;0,37388189;-0,043115668;-0,277005821;0,235450629;0,370669606;-0,08745775;-0,214877445;0,165588628;0,212950883;0,208619047;-0,308800343;-0,001625529;0,381889732;0,342863343;-0,308661731;-0,043064749;0,025647014;0,47603637;-0,334036769;-0,077288375;-0,389979556;0,027590658;-0,08866056;-0,301677473;-0,219065111;-0,267420214;0,328106543;-0,073113472;0,343608462;-0,043062417;0,27453834;-0,366997136;-0,043010434;0,417985592;-0,04308602;0,296870168;0,159903171;-0,042955276;-0,04304234;0,37625601;0,363554958;0,260481659;0,258520188;0,102649606;0,390941397;-0,461024218;-0,349399858;-0,521707563;-0,587355039;0,191546419;-0,060745018;-0,482662247;-0,413081532;-0,461316083;-0,588886583;0,183714584;0,281466258;-0,161763937;-0,043048612;-0,043092405;-0,3496089;0,22938427;0,092559356;-0,012025693;0,268829855;0,198658414;0,280153469;-0,043090148;-0,043093399;-0,486164272;0,27917016
-7,734458715;-0,466072655;-0,250106755;-0,415982131;0,285382236;0,206563267;-0,085860316;-0,212503891;-0,232867256;-0,036878479;0,342518074;0,255829566;-0,354153271;0,206165942;-0,470589299;-0,284260581;-0,209725329;-0,375443412;0,232819134;0,284346925;0,214773979;-0,3496148;0,317239052;-0,317632548;0,347182568;0,058736619;-0,342320094;-0,577624851;0,301921225;0,297157789;0,148994206;0,305529343;0,084379489;0,168260424;-0,416465793;0,065121808;0,227555724;-0,409048854;0,34814385;0,249039188;-0,245741569;0,068136306;0,247596508;-0,03689868;0,1813488;-0,450424935;-0,037020886;0,35451626;-0,314313282;-0,2166348;0,296780371;0,252729017;-0,309606276;0,33985067;-0,279484243;0,20904275;0,407040901;0,18789854;-0,276702538;-0,322690798;-0,347473887;0,373001248;-0,378879511;0,132378946;0,188694574;-0,442935327;-0,245957876;0,340182221;-0,372518429;-0,35034991;-0,381922593;0,363620661;-0,329285789;0,196114681;0,27524371;-0,26647117;-0,205689599;0,081129605;-0,352070417;0,302308272;-0,076699447;-0,316039593;0,189292649;-0,292770373;0,145442793;0,440777724;-0,036635632;0,270883599;-0,037002085;0,234132914;0,253436712;-0,282681727;-0,036708261;-0,239891286;0,370835921;0,285697777;-0,036943453;0,209628566;0,322403339;-0,339011325;0,154657183;-0,422598384;-0,441544983;0,309253699;-0,515096715;-0,036577474;-0,183811662;0,062465286;-0,472977459;0,438295419;0,452404394;0,517337543;0,291084313;0,351722243;0,28123813;0,202078463;0,263682451;0,316601924;0,350767309;-0,33071793;0,279023074;-0,406335619;0,2491959;-0,037036653;-0,555209393;0,256644351;-0,420355207;-0,036709221;0,232716981;-0,375131153;-0,288722565;0,361669724;-0,242267309;0,158423764;-0,037019052;0,25528973;0,182272078;0,445161003;-0,123188281;0,254696572;0,22440472;-0,038891875;0,125643803;-0,393968852;0,205018812;0,216624905;-0,202344062;-0,459676466;-0,036841204;-0,458968833;-0,284835844;0,219592963;0,278136741;0,047164841;-0,33944634;0,243915014;-0,370530553;0,226663803;0,229668945;-0,356181415;-0,242524868;-0,378083585;-0,036833443;-0,203019882;0,200030461;-0,036670498;0,361302404;-0,036913629;-0,223960019;0,403909529;-0,03651897;-0,036768205;0,440732641;-0,360812664;-0,49513495;0,299861056;0,206589787;-0,130649931;0,223033219;-0,413332111;-0,310466533;-0,447666998;-0,253256451;-0,33374226;0,159827133;-0,375790785;0,219296901;-0,345811608;-0,288648452;-0,405068779;-0,159335439;-0,03678828;-0,036935919;0,236889917;-0,335761721;-0,41991741;0,288151893;-0,370185124;-0,258612685;0,221001678;-0,036928013;-0,036939412;-0,365038745;0,211074646
-7,50518329;-0,237807385;0,454261285;-0,227309758;-0,428205795;-0,219397824;0,410144903;-0,312092557;0,188469434;-0,036359885;0,466309002;-0,197200929;0,326499463;-0,541080339;0,267142819;0,149104256;0,392732419;0,066146484;-0,329668168;0,208955326;-0,552821164;-0,22856684;0,427984378;0,103978786;0,189326422;-0,316243163;-0,426764189;-0,637740791;0,299313399;0,322468861;0,174705855;0,171898549;-0,562575111;0,315803436;0,176689515;-0,088134582;0,388638996;0,137480811;0,261540053;-0,182742349;0,268423597;-0,515130301;0,203925712;-0,036394349;-0,455307228;-0,479482276;-0,036592331;0,150877016;-0,540252094;-0,013069754;-0,248635335;0,315660445;-0,358628619;0,59557149;0,370576184;-0,453683177;-0,277172847;0,368556977;-0,485515493;-0,175649647;0,142682807;-0,417499148;0,433323286;0,365346739;-0,48605625;-0,416128905;0,374581963;0,250279274;0,113306291;-0,222375524;0,280995332;0,039128294;0,318345641;0,590457668;0,41183912;0,254669603;0,213657945;-0,405485134;0,212285459;0,16079174;-0,293270739;0,221680806;0,551817853;0,143682083;0,279372831;0,175184266;-0,03589877;0,095530284;-0,036562978;-0,353675489;-0,207995397;-0,552073607;-0,036046629;0,262317204;0,155754709;0,330230098;-0,036468913;0,048048279;0,24651227;-0,285326876;0,055042571;-0,538128967;-0,245382345;-0,232055806;-0,535587695;-0,035773242;-0,441949578;0,371875133;-0,326488877;0,165987845;0,473007856;0,461790327;0,192634494;0,31140514;0,227243066;-0,297222118;-0,412948937;0,141088392;0,237787953;0,253784484;-0,153264435;-0,288230858;0,358598644;-0,036616656;-0,112446758;-0,311069138;-0,336912192;-0,036048521;-0,239849702;0,310702889;0,238239187;0,20638647;0,55233792;-0,465563078;-0,036589484;-0,598126079;-0,389737311;0,108114545;0,233217871;-0,353039784;-0,385957786;-0,576007563;-0,624870991;-0,275665355;0,378095674;0,33759146;-0,289476875;-0,527955728;-0,036294878;0,00658338;-0,424990443;-0,224078347;-0,424384684;0,471023227;-0,577712739;-0,303400478;-0,408612335;-0,25007899;-0,312436255;-0,314399828;0,394880079;-0,380358516;-0,036281106;-0,454860372;-0,319332458;-0,035970927;-0,377442304;-0,036419519;0,252336976;0,279148248;-0,035639894;-0,036161913;0,272050645;-0,226676047;-0,114490361;-0,537345885;0,269307958;-0,356829112;0,155310948;-0,233833447;0,414442648;0,271844447;0,187754202;-0,565819476;-0,422461672;-0,033748365;0,196845389;0,199280021;0,061736879;-0,078303876;0,368836838;-0,03619926;-0,036456539;0,252570231;-0,453335416;-0,008419916;-0,236924622;-0,48290089;0,023587827;0,048550703;-0,036443477;-0,036462284;0,503213276;-0,423151248
-8,359337635;-0,40227818;-0,499905706;-0,226471513;0,410847733;-0,334975909;0,208656425;-0,293575287;0,437354902;-0,044258107;-0,27531551;0,177235083;-0,368168009;0,336817723;0,217335565;-0,260165888;-0,297163165;-0,373243729;-0,321412941;0,157337253;-0,407690621;-0,288072966;-0,250837563;-0,293965126;0,153329273;-0,214980916;-0,224468645;0,154731471;-0,471832982;0,075372139;0,052570141;0,11077596;0,328919165;-0,318036915;0,276340346;0,134407734;-0,461510857;-0,423541205;0,038611049;0,235081798;0,143088664;0,211621641;0,125349741;-0,044328135;-0,266030454;0,374354256;-0,044725295;-0,346534007;0,413936679;-0,336235223;0,317756787;0,249717983;-0,36238626;-0,274756679;0,259848004;-0,302746804;0,335548778;-0,451972268;0,440294791;-0,397309158;-0,348027446;0,236319962;-0,286652229;-0,008435841;-0,378331597;0,258234947;0,309716194;0,083278384;0,236738919;0,447207243;0,09690345;0,217821889;-0,331094226;-0,431333115;-0,26992294;-0,001206559;0,444554924;0,277733909;0,083307394;0,305812688;0,310171934;-0,286716744;-0,597628319;-0,259137342;-0,27941797;-0,407014781;-0,043299478;0,342550287;-0,044666987;-0,440986465;-0,473521755;0,253369231;-0,043610905;-0,28421092;0,170610975;0,506848558;-0,044478761;0,310059221;0,228312042;-0,231569946;0,135592136;0,29970263;0,185636708;0,352348704;-0,492510438;-0,043032512;0,324598105;0,209013293;-0,207499184;-0,375672264;-0,462535466;0,180001744;0,182860082;0,251214903;-0,336690507;0,260185523;0,133582156;-0,288065397;0,246478653;0,245220423;-0,062953379;-0,237637621;-0,336659614;-0,044773456;-0,293442759;0,406717794;-0,208296017;-0,043614867;0,43419572;0,161000453;-0,222767715;-0,21149437;-0,344842028;0,309849409;-0,044719648;0,212122875;0,327080821;-0,503272091;-0,336019248;-0,257057305;-0,428804227;0,478648591;0,280009019;-0,243143469;-0,440476393;-0,432031342;-0,35359985;0,393662268;-0,044125348;0,368035962;0,314677945;-0,445962905;0,392383013;0,193769347;-0,469328524;0,266810239;0,203772874;-0,271059211;-0,391002732;-0,298434603;-0,400453869;-0,24886159;-0,044097112;-0,289840953;0,265188173;-0,043451889;0,2933102;-0,044379117;-0,323153982;-0,404560779;-0,042746594;-0,043851209;-0,435397063;0,284514988;0,158587836;0,345301222;0,278630141;-0,29428366;0,156689735;-0,180958334;0,190790648;0,133340645;0,358325252;0,215163746;0,183391397;-0,365790007;0,209559428;0,10487679;0,249494797;-0,322255446;0,316055563;-0,043928547;-0,044453848;0,292432617;0,380614096;-0,477075234;-0,33797052;0,363833699;0,256044516;0,309677946;-0,044427515;-0,04446542;0,182266047;-0,287800652
-6,554253224;-0,321504054;0,357661362;-0,46819329;0,482635665;-0,241989713;-0,463612955;0,499143864;0,228042638;-0,032587089;-0,463293873;-0,115229371;-0,523536777;-0,569072326;-0,646917005;0,203080495;-0,22907869;0,202593694;0,267567441;-0,018442672;-0,358865336;-0,341614746;-0,378355712;0,055118806;0,188240931;-0,388921209;-0,105531559;0,417161948;-0,236764368;0,191038565;0,086619476;0,057557141;-0,672723598;-0,436996439;0,117671248;0,244290557;-0,494410367;0,088589868;0,176547882;0,533936197;0,182780814;0,453979461;0,207374326;-0,032630288;-0,316216616;-0,464748221;-0,03288498;0,172204715;0,438148706;-0,437072834;-0,341241697;0,256336331;-0,299311819;-0,519086939;-0,452188224;0,611673447;0,314278075;-0,414094691;0,456836065;-0,29075325;0,229666177;0,256608616;-0,416213408;0,170809628;-0,316666414;0,438825057;-0,476659225;-0,456488404;0,172016697;-0,382760385;-0,158890337;0,509963897;0,28982256;0,567857498;0,396703153;0,213739011;0,277921379;-0,529900294;0,280321875;0,213590186;-0,65319286;0,101341237;0,250338301;0,068239642;0,463891489;0,372067278;-0,032038452;-0,538471977;-0,032846499;-0,274390498;-0,211301443;-0,676327559;-0,032208751;0,349298848;0,136865805;0,268748343;-0,032724885;0,3561536;0,248302832;0,577621272;0,078020387;0,149575351;0,307007754;0,145195556;0,163567602;-0,031897637;0,18173238;-0,000361653;-0,277167174;0,423659991;-0,556455276;-0,052634933;0,151925029;0,309778538;0,087427377;-0,211260468;0,549195665;-0,490328523;0,307780382;0,279175243;-0,294600735;-0,404984797;0,213244041;-0,032917065;-0,376396677;-0,334384457;-0,172805898;-0,032210963;-0,586284514;0,180938126;-0,198232481;-0,10394342;-0,441284371;-0,492298356;-0,032881236;0,332904191;-0,171887488;0,011647987;-0,196365531;-0,319527665;-0,390097345;-0,31305097;-0,633204051;-0,227702563;0,316772059;-0,416629409;-0,299035966;-0,375065878;-0,032506488;0,177054996;-0,1591608;-0,210329275;0,404129709;0,239150958;-0,341724341;0,337668499;-0,135502448;-0,169205645;-0,240378662;-0,245254396;-0,429798218;-0,266732681;-0,032489557;-0,401538738;0,428240773;-0,032120939;-0,157183092;-0,032662046;0,425037157;0,210840085;-0,031751568;-0,032345094;-0,504828194;-0,336769639;-0,275765308;0,453423343;0,134193719;-0,346925034;0,247402646;-0,323272594;-0,238655888;0,053969441;0,217865814;0,277513549;0,459143906;0,338874313;-0,586722934;0,090610104;0,227076244;0,077224352;0,237409181;-0,032389967;-0,032709077;0,206744476;-0,268181155;0,374865418;-0,310804989;-0,608576209;0,079509515;-0,568817238;-0,032692439;-0,032716412;-0,007875274;-0,08556958
-6,178968841;0,377231054;-0,262334539;0,495960242;0,225739508;0,243879408;-0,218742035;0,479551106;-0,315898794;-0,032452161;0,331526904;-0,446414009;0,203334101;0,296228732;-0,593239484;-0,353659039;0,248021151;0,165509389;0,319425258;-0,325480117;0,180695988;0,273647635;-0,559324125;0,315438785;-0,495050005;-0,283047351;0,140239196;-0,457643076;0,258447738;0,312423219;-0,465081191;-0,332629681;0,127771091;0,286771459;-0,244601003;-0,46757996;-0,461727237;0,073522298;0,35413221;0,153000716;-0,25134673;-0,408412109;-0,576023362;-0,032427032;0,244356076;0,286989955;-0,032297935;-0,599916944;0,303867782;-0,269987117;0,224915143;0,436311993;0,48424347;0,251968196;-0,269422889;0,344187389;0,205822675;0,144403677;0,243150832;0,527791783;0,138374796;0,101675874;0,222413946;0,254995971;0,136535403;0,500374727;0,449281739;-0,550765618;0,295636221;-0,330925354;-0,414223002;-0,484657565;0,398193398;0,241546013;-0,467404789;0,320960379;-0,34758002;-0,088108496;0,207659499;0,329723795;-0,244371167;0,467250452;0,314431331;0,448463176;0,076797282;-0,529016396;-0,032854243;-0,259198092;-0,032315369;0,17386868;-0,34711298;-0,283478852;-0,032712918;0,266871373;-0,458263067;0,329345804;-0,032375296;-0,367442699;-0,283107796;0,275719288;0,014466456;-0,302491838;-0,424840579;-0,070746724;-0,449731393;-0,032982298;-0,283285852;0,248182413;-0,395261643;-0,5917426;-0,358064884;-0,289654449;-0,378863133;-0,355674597;0,106939857;0,331220968;-0,477495131;-0,316134765;-0,360112967;-0,367328875;-0,375254703;0,176465985;0,408338458;-0,032283957;-0,43474776;-0,320480887;0,39553316;-0,032711181;-0,208376763;-0,349584036;-0,380134586;0,296419562;0,324091899;0,210700472;-0,032299599;0,017830388;0,225585103;0,279841872;-0,366568836;-0,390892029;0,224079067;-0,258386665;0,157557598;-0,377263283;0,306944941;0,172492332;0,378123946;0,305677255;-0,032501579;-0,413824812;-0,229085907;-0,42455041;-0,433617125;-0,327189251;-0,339952452;-0,311940417;-0,427453685;0,146519723;0,190299441;-0,443497296;-0,382790706;0,277126053;-0,03251238;-0,329994967;0,527497113;-0,032783934;-0,539606803;-0,032409161;-0,241382142;0,033970328;-0,033125747;-0,032610499;0,20586038;-0,448503337;-0,207100452;-0,349923719;0,263472752;-0,573605219;-0,43014102;0,268395996;-0,27999121;-0,430630211;-0,320939485;0,155524976;0,436925863;0,303874204;-0,194908909;-0,385771763;-0,461846549;-0,415914402;0,337923305;-0,032578877;-0,032383628;0,246987434;0,021256755;0,152359271;-0,612422018;0,244674604;0,342099537;-0,317998927;-0,032392534;-0,032379746;-0,206330925;0,090044394
-7,925837684;-0,462513936;-0,143350192;0,19931717;0,208465902;-0,306941778;-0,272163264;0,429152547;0,377976105;-0,039483094;0,26606198;-0,283688252;0,1454059;0,129787843;-0,57983018;0,27809129;0,250603446;0,088002127;0,348861589;-0,328778906;0,278402683;-0,484841806;0,415972067;0,130495846;-0,445846893;0,313173059;0,303237252;0,001656388;0,255372195;0,212066465;-0,517064546;-0,362838689;-0,320012234;0,188183281;-0,33781994;-0,328626013;-0,180637977;0,175175906;0,112588074;-0,06221337;-0,362827334;-0,34895437;-0,4858848;-0,039511376;0,34585352;-0,474729264;-0,03967704;0,312133674;-0,386632248;-0,364022374;-0,3924813;0,362069205;-0,312157269;0,278387223;-0,428970632;0,40224658;0,078551601;0,24288383;-0,21573085;-0,441316838;0,196904988;0,215101594;0,310455068;0,338619013;0,118640693;-0,466288114;-0,41844205;-0,09669748;-0,408658541;-0,298319123;-0,554811056;-0,154038116;0,300286114;0,38375306;0,269546584;0,337241214;0,31561843;-0,237063417;-0,548346101;0,349803646;-0,38428829;-0,307600316;0,326431367;0,24567608;0,284053919;0,43239295;-0,039117964;-0,291785765;-0,039652116;-0,428371682;-0,340176674;-0,514459291;-0,039232603;0,36481904;-0,182587965;0,173231013;-0,03957311;0,477708774;-0,107549681;0,375043914;-0,17409182;-0,25625739;-0,278098498;0,195760557;0,128563457;-0,039022174;-0,387266349;0,226599618;-0,266755943;0,495831716;0,461238933;0,439890029;-0,408380051;-0,292611284;0,25079597;-0,368911209;0,416906468;0,359538258;-0,352193681;-0,399057863;0,479174141;0,362900153;0,23622116;-0,039697795;0,052674943;-0,318547666;0,334693467;-0,039234084;-0,373100645;-0,453873125;0,218385154;0,269883604;-0,395430677;-0,280237697;-0,039674616;0,275442544;-0,520551253;0,219816329;0,386775919;0,473252175;-0,501137112;-0,363689013;0,072784049;0,3842961;0,279942047;0,278792169;0,036556562;-0,44753762;-0,039430166;-0,338585327;-0,183683595;-0,271809435;0,260930449;-0,378985625;-0,06380152;-0,043559083;-0,405417932;0,379282072;0,338491543;-0,05254073;-0,236025625;0,267017448;-0,03941902;0,092107721;-0,432042838;-0,039173651;-0,234099054;-0,03953213;0,2955647;0,304093706;-0,038921799;-0,039323498;0,258486511;-0,323066099;-0,31962556;-0,267101453;0,165018295;0,249499886;0,151222957;-0,458642114;-0,40265311;-0,456589747;0,344052794;-0,036530881;-0,48605368;0,412987506;-0,269568884;-0,421983599;0,233648092;-0,037460311;0,109959961;-0,039353252;-0,039562811;0,278332113;-0,540022328;0,164849045;0,396411576;-0,466820977;0,098239148;-0,265582411;-0,039551964;-0,039567591;-0,337168089;0,011642506
-7,169949261;0,454973881;0,322400353;-0,387135395;0,385294163;-0,218628669;-0,575465754;-0,252434413;-0,534560275;-0,042377404;-0,098486704;0,158546071;0,271924355;-0,406182175;0,164351646;0,176778084;-0,263023663;-0,433887481;-0,339012523;0,124760022;-0,567653445;0,369659707;-0,404769223;-0,299303323;0,165793219;0,337586867;-0,334819784;0,072167431;0,462975311;-0,549571831;0,113861183;-0,020936111;-0,413958441;-0,322723275;-0,555274753;0,103058414;-0,452326306;0,467766206;0,305434345;0,416048993;0,201599658;0,361377743;0,22784208;-0,042355629;-0,349388503;0,388638622;-0,042248167;-0,342268296;0,375633558;-0,284285172;0,312377068;0,189368166;0,188010916;-0,363886642;0,269593343;-0,285574507;0,410386168;0,373279743;0,37564191;0,413751945;-0,322167151;0,398525898;-0,40444611;-0,468240789;-0,507552652;0,308068387;0,24076705;-0,417781084;0,01116364;0,335228584;0,085918167;0,291037822;-0,382868051;-0,466839156;-0,289141542;-0,331049635;-0,418708915;-0,240375761;0,307873418;-0,423941941;0,212196011;-0,207158684;0,293552636;-0,258414152;-0,272852491;-0,20752995;-0,042745625;-0,414745851;-0,042262135;0,497734112;0,328188706;0,018561689;-0,042613005;-0,32501825;0,153126107;-0,483796468;-0,042311564;-0,564601629;0,318932248;-0,145259831;0,105773316;-0,574951888;-0,021698665;0,430744397;0,261847875;-0,042867776;0,384474717;0,020197256;-0,503127095;-0,300705412;-0,675984467;-0,64916633;-0,024142131;0,171252816;-0,247228772;0,278748832;0,128532358;-0,091428289;0,521818571;0,036018138;-0,404501479;-0,406883681;-0,304084503;-0,042237131;-0,302894527;0,274686869;-0,125954864;-0,042611392;-0,482794349;0,291100396;0,252115412;-0,15129765;0,5381458;-0,507699038;-0,042249491;-0,603197926;0,377934263;0,390712809;-0,2799019;-0,402512886;0,309354262;-0,274918087;-0,460349585;-0,44637103;-0,44582482;-0,580202254;0,504582173;-0,420437243;-0,042420819;-0,587478186;0,30045342;0,289308568;0,346639927;0,180299194;0,353481846;0,024117161;0,110561516;-0,317787093;-0,529874042;0,422651661;0,287498497;-0,108296616;-0,042430402;0,582240218;0,190704996;-0,042679321;0,261453239;-0,042340284;-0,147531837;0,377586672;-0,043006373;-0,042518752;0,190161242;-0,543740035;-0,707365755;0,044752265;-0,394348338;0,395246641;-0,385511397;-0,279908861;0,110648881;0,177203902;-0,603705749;0,232751883;0,2192514;-0,245858364;0,085931299;0,114065999;0,244026425;-0,384439439;0,398619109;-0,042490044;-0,042318583;0,044274388;0,397672604;0,467958956;0,166004448;0,237270353;0,327775262;-0,492231517;-0,042326121;-0,042315309;0,216650914;0,458889386
-6,272877215;0,337827347;0,422424977;0,244444782;0,151996096;0,52888474;0,084313904;-0,225125066;-0,42358001;-0,039785784;-0,303059406;0,123021174;0,198891851;-0,297319881;0,100306026;-0,159195045;0,419699001;-0,516414007;-0,378913495;0,193810849;-0,099949481;0,448908708;0,351920546;-0,450780536;0,103747943;-0,475520787;-0,29660387;0,13189817;-0,298143249;-0,373283373;0,066235481;-0,353522076;-0,356900133;-0,280673697;-0,375457472;0,117252949;0,165872388;0,235529392;-0,343109794;-0,335894264;0,15561346;-0,5004503;0,1287636;-0,039698411;-0,167444723;-0,375979502;-0,039199318;-0,235037728;0,270226233;0,20190814;0,12532025;0,223852721;0,247089758;0,399998067;-0,335821672;-0,318921592;-0,279035893;-0,405068114;0,319058562;0,415961879;-0,190266608;-0,361614984;0,387261321;0,493779954;-0,459397414;-0,291238433;0,103392755;0,301090388;-0,199299511;0,299593518;0,168258533;0,246422034;-0,16537441;0,571613351;-0,13806225;-0,170131587;-0,258998653;-0,30845405;-0,270140673;0,324748692;-0,498126976;-0,2462114;0,499184822;-0,162286193;-0,305528177;-0,059823784;-0,040964087;-0,241708917;-0,039272971;0,439758814;0,140955918;-0,51312045;-0,040584774;-0,176324697;0,18789938;-0,288536012;-0,03950984;0,22156713;-0,544842226;-0,208052847;0,070695207;-0,330580854;0,18991227;-0,535533788;0,037529372;-0,041286813;-0,564706143;0,182426912;0,278539272;-0,037478788;0,276423043;0,242957178;-0,37797239;0,183232969;-0,274828409;0,096996091;0,130686986;0,281795114;0,109110137;-0,247275596;0,302878648;0,408329396;-0,230223288;-0,039138383;0,26521151;-0,311982623;0,241086445;-0,040579928;-0,306068212;-0,423182507;-0,518501856;-0,181281247;0,400863012;-0,441611895;-0,039206456;-0,358910322;-0,363513189;-0,247046654;-0,194237673;-0,210122297;0,364518675;-0,534541684;-0,333024984;0,293215905;-0,130233703;0,371885052;-0,391325071;-0,326155674;-0,039950921;0,207201407;0,343982131;0,146803437;-0,616260489;0,31009355;0,169023594;-0,279092831;0,110558893;-0,360998405;0,531870055;-0,448282339;0,272640749;0,249886388;-0,039985959;-0,490807034;0,334651663;-0,040778849;0,227071106;-0,039634682;-0,163128982;0,129934836;-0,041630129;-0,040289863;0,20205092;0,322742034;0,190735497;-0,364927727;-0,276508963;0,362351285;-0,338364855;0,589966094;0,190267182;0,060006588;-0,426478914;-0,303713191;0,254335352;0,333693318;0,12671303;0,365036284;-0,523459758;0,300995792;0,231353023;-0,040194519;-0,039541088;0,215397803;-0,253408762;-0,543441523;0,133228592;0,231069352;-0,528468436;-0,351962677;-0,039574092;-0,039526576;0,2448385;-0,385321287
-8,195128391;-0,540367176;-0,512681104;-0,238985957;0,277273178;-0,568827131;0,208472473;-0,202442853;0,504656026;-0,051449508;-0,137507276;0,347154172;-0,684606251;-0,412222372;0,17031483;-0,475187072;0,277441581;0,2482578;-0,201535842;0,243362467;-0,310698827;-0,513945825;-0,384973411;0,205276515;0,144656333;0,351966597;-0,337330021;-0,062050669;-0,405587712;-0,369939309;0,116832827;-0,340892643;-0,407062748;-0,304278857;0,494398521;0,154410333;0,122185802;0,213010402;-0,46076704;0,511514466;0,206372513;0,500478293;0,219520607;-0,051346733;-0,199081596;-0,490720513;-0,050773257;-0,462749555;0,22107189;0,296742902;0,118317059;0,273030452;0,169419736;0,263015482;-0,393159609;-0,23714977;-0,393694046;-0,497163135;0,225032389;-0,533262406;-0,304901176;0,173485617;0,216119958;-0,534257914;-0,347360217;-0,310122786;-0,300601088;-0,410283914;-0,294448848;0,43805896;0,135550923;0,149447886;-0,295955411;-0,441950231;-0,285855079;-0,333367805;0,305672349;0,158834406;-0,445712605;0,217231989;0,174554077;-0,396573897;-0,670108051;-0,389200927;0,533345618;0,126903565;-0,052896309;-0,383326888;-0,050856376;-0,629819421;0,344317626;0,205288185;-0,052418998;0,450811693;0,095626247;0,464171732;-0,051127283;0,266522235;0,536747934;-0,251532345;0,288001826;0,422466742;0,108490507;0,455818922;0,275996607;-0,05331015;0,505196295;0,220939335;0,310028821;0,132067589;0,05398238;0,153283409;-0,393332599;0,273732103;-0,339995427;0,32813686;0,360536813;0,200870351;0,305722393;-0,397019203;0,140396734;-0,381888786;-0,202878225;-0,050704905;0,246733359;-0,303083953;0,313749083;-0,052412967;-0,314506597;-0,381725561;0,378409886;-0,245801978;-0,509799887;-0,322862178;-0,05078129;-0,417585388;-0,397398134;-0,364700673;-0,461674975;-0,146916564;-0,662815191;0,662841641;-0,412938529;0,054746012;-0,384071499;-0,570826429;0,254284676;-0,367903285;-0,051645582;0,35870704;0,292016976;0,286814883;0,55184371;-0,410053151;0,11377618;-0,295321837;0,153273078;-0,227562198;-0,564234046;0,491654223;0,127663088;0,089852998;-0,051687486;0,276285496;-0,22244338;-0,05266194;0,219338257;-0,051272204;-0,290760024;0,313030712;-0,053757632;-0,052055197;0,107454243;-0,307073062;0,128956323;0,460092611;-0,253472321;0,17058227;-0,412289327;-0,387154941;0,234877471;0,216454274;0,489014252;-0,445018784;-0,318527134;0,333053239;0,192305972;-0,674708777;0,354004295;0,294353821;0,268855763;-0,051939027;-0,051163422;0,226637727;0,265687319;0,25211254;0,125399384;0,193189407;0,375834752;-0,310580437;-0,051201689;-0,051146628;0,219005899;0,331899015
-6,552343718;-0,291799722;0,318893963;-0,432299734;-0,337361571;0,297584241;-0,307632694;0,020268794;-0,301786773;-0,027669082;-0,266845055;-0,326005191;0,205963786;0,244185923;0,181991464;0,37354843;-0,255208555;0,038275827;0,285058541;-0,23249807;-0,325115321;0,270448632;0,369623494;-0,268632822;-0,275039662;0,23285982;0,172694057;0,187631766;0,225458657;0,218360425;0,209843032;0,311767393;0,229872264;-0,354136867;0,18489685;0,162722606;0,262025662;0,238978014;0,200859495;-0,234072629;-0,389469085;-0,336574011;-0,327531662;-0,02770489;-0,333560705;0,138094552;-0,027915126;-0,38392916;-0,252846509;0,37544502;0,31649164;-0,410248202;0,350261765;-0,26383126;-0,251933447;0,183343743;-0,320079921;0,116985036;-0,252298787;0,312977004;0,281047874;-0,343913327;0,275586777;0,176605839;0,278367242;-0,367339997;0,347212096;0,180962722;0,365085422;-0,213344345;0,113894463;-0,297822071;0,05741553;0,28653963;-0,285993226;-0,362419373;-0,305876752;-0,170340692;0,281914332;-0,296960488;-0,357647966;0,290977228;0,200941744;0,251964081;-0,249151611;0,353304049;-0,027209564;-0,415507477;-0,02788345;0,300349655;-0,05551547;-0,296215934;-0,027353235;-0,264537097;-0,321243518;-0,270875701;-0,027783143;-0,402645441;-0,073419079;-0,37891981;-0,354602756;-0,329180522;0,2426956;-0,149634806;0,186807414;-0,027089969;-0,281175007;-0,430771263;0,22066582;0,289578447;0,257049578;-0,247445383;-0,302032576;-0,279905966;0,296667611;0,296660772;-0,315144419;-0,28848646;0,336332738;0,355498918;0,10329332;0,264294065;-0,289153123;-0,027941515;-0,353055825;-0,28181854;-0,496698886;-0,027355094;-0,330055345;-0,381231455;-0,349144127;0,178830999;0,364546876;0,230148741;-0,027912045;-0,287209685;0,329462272;0,24043145;0,230001229;-0,324173956;0,323424235;-0,230793834;0,204669941;-0,380819574;-0,421394381;0,197052453;0,290360107;0,188315193;-0,027602142;-0,305532408;-0,241420172;-0,055321939;-0,340791294;-0,226659612;0,236608586;0,279454785;0,065316586;0,186540047;0,322041525;-0,378963138;0,1062307;-0,407743109;-0,027588058;-0,271597658;0,250422421;-0,027279281;0,372564386;-0,027731185;0,311260065;0,351487909;-0,026965097;-0,027467555;0,245887351;-0,302182251;-0,362002399;-0,324704875;-0,345194094;-0,344789012;0,195219429;0,338647171;-0,295409736;-0,073411259;-0,220052911;0,20641459;0,190504302;-0,303295969;0,148431011;0,253714046;-0,430840976;-0,289911074;0,202378851;-0,027505051;-0,027770081;0,056614899;0,149833542;0,153135829;-0,363047863;-0,354089985;-0,368299067;-0,459483968;-0,027756327;-0,027776143;-0,356203363;0,161446984
-7,185311438;0,270124987;0,220365726;0,030315175;-0,327773852;0,302172796;0,265644521;0,341954599;-0,225426996;-0,037077879;-0,232464711;-0,213710522;0,195896824;-0,453095439;0,155543816;0,037131588;-0,291387423;0,051373079;0,205568295;-0,281527363;-0,42627246;0,1744592;-0,35436205;0,110195789;-0,332525481;-0,33221495;0,17901444;0,14127195;0,124804073;0,179964322;-0,50726985;-0,41156912;-0,410166791;-0,050136301;0,257888657;0,257737497;0,195463729;0,076956123;0,206451532;0,307167664;0,115526297;-0,185546259;-0,326861931;-0,037076618;-0,46665371;-0,391049644;-0,037070857;0,25190293;-0,347966623;-0,352373973;0,068280559;0,298513052;-0,30331839;-0,308060685;0,290307136;0,370021397;-0,253555523;0,197749089;-0,316774312;0,289744945;-0,462578435;-0,354436998;0,078892217;-0,259147991;-0,489688935;0,284149408;0,326404984;0,329059495;-0,402935676;-0,148964825;0,167963635;-0,081742841;0,179638619;0,380957647;-0,302680688;0,39654296;-0,180311848;-0,28231273;0,181207755;-0,352361967;-0,321998083;0,271619549;0,184774038;0,169867995;0,443471063;-0,370792012;-0,037099473;0,413362161;-0,037071532;0,149356477;-0,27724973;-0,30728889;-0,037091814;-0,213791316;-0,328388546;-0,279745469;-0,037074133;0,368102908;0,38214143;0,322000707;-0,367691478;0,183642184;0,273435975;-0,159840313;0,171754819;-0,03710629;-0,287305974;0,330406278;-0,109945077;-0,302811232;-0,363946341;-0,338795259;0,273296277;-0,22182304;0,19848296;-0,32197054;-0,396232275;-0,328724692;-0,277227079;0,312740369;0,001387909;0,163319803;0,339884794;-0,037070351;0,337347084;-0,177463737;0,336531739;-0,03709172;-0,037047895;0,200623329;0,268325155;0,343365792;0,319158624;-0,339403546;-0,03707092;-0,457833961;-0,343872591;0,169996243;0,230529877;-0,362678232;-0,313080905;-0,227803613;-0,472553865;0,320254507;0,274351478;0,214688025;-0,537812197;0,281480728;-0,037080429;-0,252893863;-0,191778743;-0,28875654;-0,147318272;0,408304853;0,15925649;0,174922119;0,210581745;0,341932061;-0,297381285;0,358061934;0,195501164;0,247644046;-0,037080996;-0,400412006;0,216617722;-0,037095675;-0,314479644;-0,037075741;0,213133736;-0,357410815;-0,037113725;-0,037086246;-0,480348012;-0,28306128;0,23920633;-0,283981061;-0,286311326;-0,292768516;0,100844679;0,311432544;-0,402794001;0,300304116;-0,339778858;0,143849995;0,198466954;-0,285504481;-0,324104825;-0,428618246;0,251837794;0,379580219;0,311029635;-0,037084539;-0,037074521;0,259441358;0,238002138;0,146483343;-0,359340751;-0,352292661;-0,365067291;0,385640946;-0,037074942;-0,03707434;0,436406209;0,234756571
-7,752076573;0,198820474;-0,357865424;0,36800938;0,216012548;0,247689802;-0,391088897;-0,379030533;-0,167544913;-0,053644223;-0,149020521;0,225805906;0,257337825;0,279004295;-0,227864449;0,519666766;-0,371591747;-0,479100817;0,162466268;0,345247036;0,137545024;0,320557875;-0,230028255;-0,44100884;-0,473558288;0,362900898;0,271255108;-0,277033022;0,244110582;-0,133576783;-0,46634523;0,292640724;0,247054132;0,046163925;-0,32593199;0,291905131;-0,41013383;0,206746297;0,173766749;-0,203523744;-0,091999371;-0,444185936;-0,471808674;-0,053548512;0,261492595;0,210686838;-0,052986507;0,338877487;-0,254323483;-0,242099684;0,022016938;-0,382597631;0,084499795;-0,082254336;0,295126782;0,280596289;0,275750203;0,099573545;0,069523715;0,380812056;-0,424325212;0,322039813;-0,248760844;0,246105257;0,185061802;0,233182521;-0,312916002;0,185329406;-0,325856072;0,327247706;-0,421010087;-0,384589764;-0,402394991;-0,183220978;-0,37299626;-0,212355982;-0,291359928;0,284185688;-0,376147366;-0,428234631;0,417856909;-0,230524822;0,230898061;-0,309336585;-0,41312009;-0,338394195;-0,054864556;0,343340818;-0,053071128;0,21528224;0,230177221;0,285830244;-0,054485302;-0,325442424;0,215593417;-0,243026633;-0,053339276;0,155824295;-0,265149839;-0,415280279;-0,660054812;-0,411721847;0,388178284;0,229711969;-0,179527141;-0,055177936;-0,300019622;-0,435700746;-0,013644466;-0,235789994;-0,038245715;-0,31258501;0,230251186;-0,336960112;0,271153175;-0,522327461;0,238292575;-0,365200794;-0,390904583;0,279620356;0,337696254;0,362259352;-0,365919407;-0,052916043;0,240397712;0,219846125;-0,278637086;-0,054480377;0,401753709;0,265686149;-0,352730044;-0,392131585;-0,313716454;0,233518151;-0,052994734;0,250494514;0,220983386;-0,20229672;0,386395192;0,29415224;0,166522932;-0,228125452;0,260427695;0,18366453;0,056961414;0,275124546;-0,315083105;0,176344993;-0,053823034;-0,437399785;-0,049770782;0,274562486;0,264557239;0,256100008;0,146205464;0,231771355;0,19657286;0,270905915;0,211397268;0,347412396;-0,293549803;-0,50367345;-0,053860629;0,39953687;0,216336266;-0,054680866;0,028562069;-0,053478211;-0,195098501;-0,39439182;-0,055502486;-0,054181784;0,273249051;0,314360723;-0,385607679;0,178584762;-0,401042558;0,28409691;0,113717541;0,338015891;-0,380666434;-0,449518566;-0,222418588;0,180125834;0,154653598;-0,387643383;-0,430201934;0,232444407;-0,009711778;0,32035337;-0,088271712;-0,054081965;-0,053374204;-0,382995969;0,259661464;-0,372404563;0,229237335;0,269761375;-0,329667609;0,288517907;-0,053410984;-0,053357996;-0,297008125;0,267751912
-6,89379596;0,39155147;-0,481107239;-0,123518182;-0,297477789;-0,431503741;-0,177050116;0,256788414;-0,276473276;-0,045166729;0,405846206;-0,441703634;0,143825535;0,369333963;-0,446843767;-0,49320697;-0,610925594;0,148834373;-0,290925986;-0,375608623;0,169247785;0,273476206;-0,062017062;0,377974133;-0,283947947;0,273911751;0,335862946;-0,179395158;-0,111662002;0,333422753;-0,531173855;-0,505889904;0,408688664;0,001984815;-0,353649586;-0,528331915;-0,246176698;-0,582722559;0,169880523;-0,562153596;-0,35919378;0,161331806;-0,131358235;-0,045111126;0,305857349;0,035847642;-0,044780644;0,237630084;-0,42760768;-0,162021158;-0,0973251;-0,272790495;-0,285638095;-0,395727448;-0,128820527;0,107136622;0,318675978;0,173130165;-0,357043871;0,436288256;0,220023579;0,198632066;-0,326545494;-0,543202455;0,30233395;-0,085444328;-0,249094054;0,324137001;-0,382521321;-0,313920279;0,274334427;-0,013758239;0,245501468;-0,331242772;-0,402939211;0,379547343;-0,435788636;0,544216263;-0,051235581;-0,511269528;0,534709545;0,387968839;0,208470213;0,340246217;-0,630954416;-0,445195909;-0,045857496;0,509181541;-0,044830834;-0,472927782;-0,087474278;0,468329612;-0,045646503;-0,454564632;-0,014425552;0,015370466;-0,044988876;-0,348549149;-0,461191419;0,375402452;-0,389549801;0,22181094;-0,495474484;-0,042297126;-0,299732308;-0,046029268;0,438450323;0,391242094;-0,30260677;-0,438569729;0,268771098;0,482026953;0,232202383;-0,276359138;-0,530210431;-0,21953217;-0,536228279;0,30041598;0,058147606;0,118767109;-0,161981718;-0,038917666;0,337953733;-0,044738738;0,276643714;0,382878664;0,29937969;-0,045643741;0,673001221;-0,079196238;0,350049754;0,224042862;-0,248734963;0,456853643;-0,044785531;0,173074167;-0,302565213;0,290432629;0,186459425;0,302646945;-0,307614638;-0,271339538;0,303464473;0,353608014;-0,074026787;0,21289797;0,300913017;0,47537985;-0,045270066;-0,287373541;-0,264040409;-0,497698952;0,280873513;-0,355590474;0,216809271;-0,525288268;0,416862699;0,292202806;-0,410497498;0,222764859;-0,058299916;0,374471651;-0,045291702;0,258003754;-0,299775455;-0,045755725;0,005534999;-0,045070157;0,314483119;-0,418792467;-0,046204677;-0,045475227;-0,046491543;0,60661631;0,362455907;-0,143765113;0,233841014;0,245933743;-0,461968038;0,181553915;-0,41650778;-0,417573729;-0,301993636;0,32563627;-0,643347919;0,070325208;-0,416194785;-0,576687442;0,305739317;-0,529410779;-0,139768708;-0,045418435;-0,04500935;0,285890445;-0,341521918;-0,098058353;0,244889615;0,407222399;0,453666845;0,441656543;-0,04503088;-0,044999852;-0,342235508;0,176192513
-7,768218401;0,278857182;-0,202805762;0,183852729;0,275354417;0,250288039;-0,330816983;0,203986193;-0,248995163;-0,044048246;-0,340560846;0,283710118;-0,391300363;0,143596801;-0,456444811;-0,373095099;0,405393714;0,193077815;0,261535766;-0,107975261;0,28332554;0,225119115;-0,355457024;0,260201371;0,137390827;-0,44633747;0,343565058;-0,415284888;-0,436006924;-0,374352418;-0,518938634;-0,463952823;0,101948486;0,265361426;-0,404735725;-0,464874185;-0,355395398;0,102215614;-0,420319052;0,265479714;-0,372853338;0,270672647;0,370765624;-0,043994356;0,291700442;-0,517386762;-0,043700596;0,285516873;0,23642869;-0,442558207;-0,372633607;-0,346571865;-0,249569759;0,457384304;-0,279026509;0,235423843;0,251886056;-0,444926992;-0,086863774;-0,225197745;-0,157774173;0,019005109;0,370922699;0,200972256;0,164883984;0,337599238;-0,305743401;0,326813428;-0,378270452;0,252373855;-0,381780062;0,407879755;0,320207581;0,311550428;0,196412006;0,376338221;-0,273282107;0,149107548;-0,269206189;0,291165032;-0,254299063;-0,305955962;-0,267757076;-0,315816144;0,361174382;-0,367236924;-0,044837427;0,295144243;-0,043742378;0,193201504;-0,290643262;0,136911294;-0,044571547;0,376551723;-0,356756092;0,439985423;-0,043880488;0,259271662;-0,341702308;0,335362852;-0,061355213;0,309012919;-0,362129973;-0,502972526;-0,613992467;-0,045071514;-0,238930822;-0,392827329;0,207570146;-0,273211757;-0,309480183;-0,201404519;0,320384968;0,44353169;0,243292833;-0,377656039;0,282365529;-0,383637471;-0,428540431;-0,335568991;-0,426562435;-0,434235781;0,225451843;-0,043666458;0,301036625;0,228323107;0,326644029;-0,044568219;-0,054523356;-0,277836416;-0,295670937;0,269893746;-0,192881427;0,171813453;-0,04370462;0,285560952;-0,009226248;-0,288567212;-0,376815632;0,327040714;0,147116332;0,25654953;0,102231485;0,274078375;0,471196525;0,334472051;-0,378332874;-0,265533315;-0,044151985;0,255529746;0,302686266;-0,238641495;0,224829497;-0,035946751;-0,283482937;-0,21144139;-0,390172459;0,229381426;0,215213191;0,306577432;-0,211699001;0,351334417;-0,044174306;-0,256772636;0,237923969;-0,044706286;-0,260385466;-0,043955497;-0,252388059;-0,362364427;-0,045327879;-0,044372284;-0,351673433;0,405383232;0,371910999;0,235609759;0,187615889;0,267064311;-0,434145449;0,285653777;-0,278324623;-0,378329111;-0,245072459;-0,351201978;0,139310835;0,330255442;-0,466096917;-0,440276405;-0,354863331;0,379903976;-0,39431496;-0,044309344;-0,043899123;-0,389800262;0,094061535;-0,622048198;0,355368388;0,18149799;-0,341122747;0,210269474;-0,043918906;-0,043890457;-0,345341634;0,153139752
-7,372058443;0,193672425;0,427018273;0,140839564;0,295823644;0,028016527;-0,373761868;0,335748754;-0,26276848;-0,043691653;0,094727107;-0,397762209;0,147627751;-0,465737741;0,261272395;0,278725877;0,303254345;0,21232034;0,210437948;-0,393759533;0,167298138;0,351858218;0,310475258;0,225100155;-0,362799311;0,090262241;0,175160762;-0,235281219;-0,307972882;-0,549741972;-0,470274304;-0,36192335;-0,439120967;0,1888576;-0,3248896;-0,46045898;-0,31427117;0,107885539;-0,493391616;0,00430515;-0,398212055;-0,216879237;-0,343630394;-0,043685686;0,206665377;-0,103776543;-0,043654149;0,231803889;0,408834564;-0,288186316;-0,258744008;-0,377315881;-0,214297477;0,163911633;0,334716347;0,340384398;0,244262388;0,108218338;0,432595661;0,386403182;0,173120265;0,301773304;0,273631872;-0,483193049;0,141070338;0,320577115;-0,338687066;-0,413661136;-0,358038031;-0,272498801;0,331048986;-0,070499699;0,278757979;-0,413312951;0,355429884;-0,428388972;-0,25467807;-0,387248788;0,341298756;-0,452007646;-0,343995725;-0,442135603;0,291275506;0,361092109;-0,058940727;-0,358131592;-0,043781408;-0,355898806;-0,043658502;0,306237526;-0,073394253;-0,372895662;-0,043750943;-0,382467573;0,248650032;0,063102122;-0,043673234;-0,331949566;-0,255370612;0,141794802;-0,390010167;0,11319683;-0,419172113;-0,041255736;-0,095355698;-0,043808177;0,330528401;-0,444895715;0,426355741;-0,315829514;-0,409716343;-0,449695706;0,112502414;0,055812088;0,177393358;-0,424857117;0,354303581;-0,339635972;-0,241863255;-0,247764714;-0,39890161;0,227033107;0,255346457;-0,043650634;0,284517384;0,347936228;0,236797473;-0,043750562;-0,220191976;0,330819439;0,258649497;0,323008611;0,348376742;-0,395924502;-0,043654566;0,162146208;0,357454522;0,303815489;0,313509045;0,223387698;0,393281911;-0,340640131;-0,458732595;-0,075182014;0,25086939;0,09468756;0,285923288;-0,456996763;-0,043703244;-0,320741065;-0,240755971;0,320814419;0,312781949;0,245415369;0,222536617;-0,027637177;0,101957367;0,250338131;0,174174139;0,362501788;0,369045952;0,221635883;-0,043705753;0,333180623;-0,244903113;-0,04376638;-0,24451555;-0,043681411;0,397541838;-0,339679169;-0,043837327;-0,043728179;-0,315041803;-0,389109084;-0,340062492;-0,383066251;-0,449600607;0,304613996;-0,330499234;0,357619614;-0,408091427;-0,40721669;-0,274281332;0,047796705;0,205227369;-0,334020674;-0,331795765;0,380272225;0,102222058;0,409507826;-0,394333411;-0,043721021;-0,043675255;-0,404334277;0,321041471;0,191072594;0,288082209;-0,452767399;-0,347672067;-0,404460997;-0,043677408;-0,043674314;-0,315115113;0,301386269
-6,416172138;-0,433343568;-0,202704045;-0,440591825;0,246267687;-0,31163095;-0,257866277;0,267398201;0,356357715;-0,03685897;-0,421537831;-0,40381002;-0,31133988;0,014834854;-0,339377564;0,181537074;0,138933977;0,149234773;0,182491633;-0,301513528;-0,370429182;0,427298261;-0,352996644;0,152817765;-0,457328189;0,265642358;0,019475482;-0,414838289;-0,311344037;0,224462649;0,159427593;0,040502066;0,172722508;-0,480676835;0,359369917;-0,244726433;-0,311095971;0,127084012;0,162068011;0,223907229;-0,261122118;0,191523898;-0,442707013;-0,03684528;0,123927629;-0,311199793;-0,036770816;-0,577076056;0,331202074;0,209145897;0,261661539;0,127183472;0,525823309;0,176099667;-0,271700391;0,339108796;-0,368598869;-0,494202073;0,378267014;0,123241902;0,222273222;0,19035191;0,225331105;-0,496015421;0,206470465;0,452561993;-0,236103114;-0,294606881;0,185318177;0,438200923;0,213586864;-0,197075513;0,239093822;-0,397696546;-0,462303296;0,14238895;-0,372170899;0,270094915;0,407970516;-0,13634881;-0,306367698;0,226924581;-0,138397391;0,319547615;-0,499276145;-0,518036037;-0,037058475;-0,324053878;-0,036781375;-0,376943728;-0,426670782;0,205064125;-0,036991592;0,159281481;0,207335504;0,367289623;-0,036816368;-0,259554601;0,25015299;-0,301369991;-0,035843817;0,168498041;-0,053186444;0,197910546;0,2628759;-0,037116977;0,390507576;-0,258451237;0,118581245;-0,518861365;-0,366967718;-0,490564672;0,14061082;-0,346905;0,159282571;-0,244315388;0,234562114;-0,526835419;0,323611863;0,396772344;-0,272649022;0,31650465;0,141818146;-0,036762203;0,339953016;-0,306830921;-0,356200465;-0,036990752;0,176909312;0,243780346;-0,363233656;-0,335980499;-0,185970028;0,217462597;-0,036771832;0,140845284;0,238301577;-0,257646073;0,131469913;-0,401267313;0,389648248;0,172159634;0,124108807;-0,142718785;-0,38946886;-0,29131569;0,289490434;-0,225304976;-0,036885323;0,25471479;-0,218131622;-0,37731279;0,210781652;-0,281676482;-0,384146399;-0,264476471;-0,281420531;-0,151324726;-0,357494592;0,408820028;-0,291654188;-0,32390161;-0,036890991;0,297333934;0,254017703;-0,03702554;-0,195424723;-0,03683541;0,451324431;-0,390105657;-0,0371806;-0,036941209;-0,288237004;-0,271011745;0,089470735;0,229292894;-0,062391634;-0,298564227;-0,442822659;0,509794407;-0,345639506;-0,305816844;0,296255427;-0,082934449;0,306572891;0,185667774;-0,432729751;0,342921322;-0,456790703;0,317376391;0,287739614;-0,036925258;-0,036821097;0,179902952;0,344236723;0,186411241;-0,302420242;0,18700597;-0,271825633;-0,350165599;-0,036826119;-0,036818898;-0,326845607;0,318336541
-7,351913085;-0,21288387;-0,465155718;0,40441893;0,18538661;-0,231492777;-0,38440971;-0,374132143;0,226692083;-0,033808789;0,454436134;-0,259451369;-0,418257356;0,321858238;-0,444665326;0,223272603;-0,340853375;0,170424575;0,287130634;0,258818748;-0,508911954;-0,345178126;-0,223663811;0,239035554;0,279636575;0,51823225;-0,409252295;-0,429432483;0,205460154;0,177555799;0,187459317;0,12361725;0,372933449;0,406248671;0,160438817;-0,244238041;-0,337214413;0,123812756;0,188871644;-0,5459311;0,379085013;0,272462259;0,292039635;-0,033831113;0,220757533;-0,368411411;-0,033965419;0,213561269;-0,218104787;0,323407519;-0,376934972;0,27511652;-0,197967287;0,056123966;-0,357761704;-0,465124569;0,469981445;-0,444181387;0,008404746;-0,191465544;0,24528648;0,227206182;-0,386321522;0,247021722;0,291675034;-0,416523602;-0,288514393;-0,267229478;0,217356996;-0,107286506;-0,527063677;-0,400670177;0,249866681;-0,36537814;0,418860288;0,282746091;0,218864652;0,492101871;-0,484207612;0,218113591;0,477047207;0,186838626;-0,103121159;0,225367642;-0,496016231;0,381284532;-0,033536332;0,124411692;-0,033944829;-0,180950844;-0,254159544;0,436524429;-0,033618762;0,295040861;0,135880042;0,224471276;-0,033880457;0,15300943;-0,454424395;-0,174430922;-0,042974071;0,253250416;-0,399013395;0,27161941;0,19835524;-0,033469563;0,398615944;-0,387204984;-0,307351179;0,399766706;0,261218196;0,262643753;0,120190655;-0,423759726;0,256653627;-0,297188763;-0,10523083;0,441114121;0,150714069;-0,313728484;-0,253772546;-0,351956622;0,260971594;-0,033982669;-0,38847082;-0,277207959;-0,013079618;-0,033619844;0,612964112;0,208300316;-0,103578067;-0,412830232;-0,223477606;0,362451187;-0,033963411;0,300057289;-0,363030316;-0,332659215;-0,468873688;0,18288187;-0,399184567;0,439875736;0,310525455;-0,16448096;-0,449464156;-0,458287551;0,382098598;-0,351165896;-0,033767485;0,201034451;-0,274299516;-0,258509423;0,165260635;-0,446395973;-0,332299128;-0,427685238;-0,420841364;-0,170152336;-0,372364524;-0,45729867;-0,356170292;-0,373907308;-0,033758867;0,318066901;0,339286693;-0,033576024;-0,298410728;-0,033847608;-0,509545742;0,364677636;-0,033401585;-0,033686125;0,372108704;0,277371994;-0,455550744;0,314129717;0,263243967;-0,290668296;0,275903879;-0,374390634;-0,117030621;-0,494615899;0,17846385;0,110547413;-0,58865384;0,288367828;-0,117489077;-0,524634525;0,250336267;-0,487478007;0,323048974;-0,033708568;-0,033872167;0,20335424;0,196808132;-0,746142354;-0,286103573;0,28584902;0,167071812;0,236404487;-0,033863461;-0,033876011;-0,363361871;-0,456980787
-7,605168186;0,320958941;0,421683977;0,291075379;-0,201386511;-0,31156236;-0,298900095;0,369071716;0,297044228;-0,036733489;-0,388846635;0,192633154;0,215591505;0,146289223;-0,430413998;-0,326909339;0,161690431;0,080661786;-0,325145814;0,338288444;0,192737301;0,34419126;-0,395410784;0,177424293;-0,354185462;-0,22790461;-0,386722997;-0,060890877;0,184099145;-0,349013669;-0,49066449;0,234969072;0,2054849;-0,392446927;-0,396007711;-0,253424462;-0,306973326;-0,161420551;0,293404041;0,227715403;-0,322892593;0,24485305;-0,412517942;-0,036767056;0,205907359;-0,281938062;-0,036966422;0,206420301;0,241062197;0,207840578;0,264271877;-0,249554394;-0,311669565;0,113606018;-0,211340663;0,299696419;-0,220758428;0,162398157;-0,324356865;-0,16565935;-0,281610652;0,203170501;-0,325822763;-0,375874244;-0,381507504;0,238284198;-0,239008866;-0,215057647;-0,295210147;0,349854365;-0,351246617;-0,241580003;0,295865643;-0,325250504;-0,296341866;0,311351005;-0,296397156;-0,253032443;-0,230489681;0,258900526;0,303394189;0,276232747;-0,336273419;0,237341122;0,215748501;-0,362946255;-0,036313096;0,276781268;-0,036936137;-0,340864071;0,262314854;0,265918227;-0,036442452;-0,3005583;-0,431794124;-0,290756673;-0,036840809;-0,304486158;0,246250615;-0,207567502;0,234777093;-0,299330238;0,152599198;-0,424666746;-0,419018695;-0,036206868;0,319954193;-0,308824705;-0,38138484;-0,340424723;0,22038749;0,326244448;0,216958938;0,29321163;0,120928778;-0,364178938;0,205045232;0,175998602;-0,480097438;-0,277449793;0,260617819;0,235919899;0,251109636;-0,036991719;0,206616913;0,351261389;0,267071847;-0,036444138;-0,166758128;-0,073643904;0,318818547;0,215141689;-0,219960024;-0,381934626;-0,036963473;-0,272934489;0,294877369;-0,086740727;0,21484595;0,271799563;-0,000581167;0,215225642;0,143976968;-0,256549633;0,305213682;-0,18797874;0,239883668;-0,236024875;-0,036671048;-0,369564117;0,449620658;0,28152107;0,181256367;-0,214643349;0,221683005;0,412840366;0,220739886;-0,363085302;-0,350765833;0,18997043;0,382346641;0,213979728;-0,036657963;0,282342752;0,370632131;-0,036375628;-0,285832555;-0,036791778;-0,237662526;-0,295367691;-0,036097351;-0,036546738;-0,402258578;-0,266818356;0,260523525;0,291148301;0,18321127;0,248766476;-0,306390949;0,277087178;0,200694059;-0,356369337;0,229136676;-0,321086589;0,272982601;0,261870761;0,269822673;-0,242077161;0,121163155;0,258213492;-0,444038084;-0,036581206;-0,03682846;-0,385021746;-0,452634621;0,0611198;-0,255566024;0,190750062;0,151783101;-0,266557778;-0,036815473;-0,036834189;0,333623351;0,164179019
-7,02936137;-0,215547609;-0,316517219;0,29106898;-0,33981182;0,352977604;0,299596949;-0,059313657;0,274458995;-0,05173795;0,403248797;-0,396498833;0,311311515;0,243680652;0,170991562;-0,148818505;0,148014547;0,119267214;-0,263886482;-0,377449153;0,177267017;-0,333880696;0,318149081;0,195792664;0,232262439;0,288405945;-0,302251564;-0,267872279;0,254484154;-0,224695738;-0,00692582;0,161592273;0,186250724;-0,317566541;0,237402973;-0,368396265;0,168834408;-0,011817971;0,321752682;-0,516272703;0,347993932;-0,413065139;-0,399829948;-0,051595705;0,310992436;0,364062925;-0,050769166;-0,39188656;0,338179009;0,185521875;0,265255851;0,401605936;0,396754254;0,094976329;-0,196557152;-0,3483852;-0,230734624;-0,346856522;0,325310619;-0,063776079;-0,15542787;0,200600729;-0,300246085;0,334426281;-0,356881707;-0,249128899;-0,196244309;-0,371539433;-0,341147902;0,304592886;0,002454551;-0,298956701;-0,361469376;-0,301403734;-0,244494813;-0,256425685;-0,174292222;0,200876793;-0,372394376;0,135496679;0,329398764;0,235788247;0,358248485;0,340748795;-0,51026505;0,070525333;-0,053591304;0,303035944;-0,050892684;0,327608;0,172946232;0,091809767;-0,053007257;-0,240417884;0,228305946;-0,295338744;-0,05128626;-0,129564633;0,202412651;-0,288600814;-0,323009525;-0,384839354;-0,33809373;0,328365699;0,10627254;-0,054079563;-0,326649912;0,357133881;-0,306570124;-0,010979588;0,263334693;-0,205880281;-0,259332675;-0,326346974;0,320638555;0,307797189;-0,380036125;0,242341079;0,273559195;-0,366908338;0,225111945;0,28089464;0,156295878;-0,050666561;-0,111645374;-0,304645488;-0,319437856;-0,052999722;0,562519099;-0,236130575;-0,480544159;0,231323706;-0,185623371;-0,273237794;-0,050781161;-0,280726713;-0,002482061;-0,254445716;0,347450978;-0,331973508;0,293799264;-0,407564477;0,200930569;-0,157494219;-0,399156796;-0,280333342;0,224552511;-0,325300791;-0,052004879;-0,279085015;0,240618542;0,208495649;-0,467662077;-0,343251245;0,134361618;-0,352824327;-0,344704629;-0,289826834;-0,36114902;0,229624808;-0,37375106;0,198780691;-0,052061198;0,278011737;-0,261755934;-0,053307496;-0,260634281;-0,051491503;-0,270497842;0,234288457;-0,054590722;-0,052545145;0,351025666;-0,313640772;0,168669575;0,270799445;0,216636287;0,182522979;-0,27505453;-0,342108703;0,282394875;-0,448583055;0,287662255;-0,191293358;-0,300329163;-0,38720595;0,264186968;0,262188811;0,165791106;0,25333677;0,312779566;-0,05239418;-0,051337773;0,327536429;0,145518848;0,142267415;-0,18612595;0,229485704;-0,389873994;0,329520909;-0,051392078;-0,051313862;0,230000721;0,173574885
-5,966954739;0,246648081;-0,305573788;-0,367626963;-0,322082984;0,417370617;-0,050674336;0,362879435;-0,283430269;-0,02867187;-0,096172679;0,168541896;-0,333819227;0,244166523;-0,539967919;-0,087235885;-0,307339233;-0,309749751;0,328008232;0,224722871;-0,586449232;0,410624694;-0,433202045;-0,341195592;0,266885156;-0,295759401;-0,406430632;0,167232736;0,150829728;0,260148511;0,104788404;-0,033950732;0,188200445;0,198330619;0,248263823;0,221862908;-0,375492725;-0,038092651;0,191135234;-0,436108262;0,364251246;0,287400019;0,283147717;-0,028685536;-0,467961186;-0,192060504;-0,028776767;-0,159171379;-0,37372095;-0,026695652;-0,516776967;-0,011563334;-0,251441831;-0,360368635;-0,202133778;0,309800493;0,251420572;-0,43503149;-0,284159562;0,525343104;0,425833878;-0,471526139;-0,342994318;0,285285868;0,241722933;0,234118835;0,240101427;0,283062014;0,351931703;0,25663233;-0,504957726;0,345011606;0,439157961;0,276181115;0,411023855;0,42432401;-0,181185053;0,273481803;0,449702726;-0,492536705;-0,315432461;0,44463849;0,380393746;-0,219768713;-0,435896772;-0,370377204;-0,028545663;0,241686163;-0,028761831;0,363363684;-0,452659233;0,201483193;-0,02857532;0,129042319;-0,445484274;-0,365321325;-0,028717309;0,223346685;-0,416945231;0,37252959;0,079033468;0,234902246;0,231208531;-0,350204541;0,338441298;-0,028527691;-0,404302647;-0,065045789;-0,279767251;-0,350174331;-0,430722644;-0,291378677;0,226569685;-0,365463828;0,137992942;-0,155242551;-0,526440334;-0,338535342;0,21892569;0,469164472;-0,505109231;-0,431143205;0,324608307;-0,028789529;0,26289342;-0,502959537;-0,323129004;-0,028575762;0,290309015;0,416985737;-0,367403522;-0,378842273;0,456195171;0,197339809;-0,028775296;0,172582942;-0,532790042;-0,320885325;-0,348078984;-0,4769782;0,319012758;0,180488403;0,210889365;0,389495167;-0,27360243;-0,397187692;-0,340243386;0,072172901;-0,028647803;0,327882223;-0,400253592;-0,558236987;-0,515924719;0,279816959;-0,402583734;-0,43651751;-0,375417533;0,396496759;0,321139353;-0,281016354;-0,286496311;-0,410663081;-0,028642986;-0,222755054;0,274342305;-0,028558947;-0,43174163;-0,02869592;-0,198843468;0,12290854;-0,028515316;-0,028605278;-0,385668089;0,390494213;0,272397688;0,227539908;0,247549457;-0,337040868;0,286478668;0,34941229;-0,477722037;0,045076754;-0,31401325;0,334469995;0,172758039;0,407386474;-0,536161796;-0,161680117;-0,422940106;-0,113591305;0,331864455;-0,028616337;-0,028711824;-0,167446581;0,17005913;-0,399454737;-0,470040847;-0,251511523;-0,311939919;0,268699282;-0,028706126;-0,02871436;0,192506042;-0,483227122
-8,466279537;-0,414730354;0,260215484;0,261828647;-0,387495199;-0,302713578;-0,307445142;-0,414292875;0,36162975;-0,041978818;-0,227320158;-0,283727096;0,275151446;-0,386674656;0,317326715;0,304013587;-0,329581714;0,034839694;0,298480176;-0,338987532;-0,434323109;-0,390285214;-0,238585208;0,133705622;-0,459910331;0,322734732;0,387380196;0,082864361;0,241804085;0,212288741;0,099986984;0,192402687;0,235394057;0,064838163;0,232018742;0,222287705;0,295494205;0,16690951;0,112201807;-0,327902744;0,304559372;0,110681861;-0,395982267;-0,042037276;0,3515657;-0,3099092;-0,042376311;0,245582562;-0,056362439;0,294511292;0,259470716;-0,040382328;0,310059623;-0,155001395;0,28612276;-0,452740187;-0,357992171;0,300840624;-0,263221941;0,35210618;-0,396358377;-0,42458625;0,168726814;-0,444047747;0,248398149;0,087007727;-0,330825536;-0,260270428;-0,414875138;-0,251200053;0,259435306;-0,239609938;0,22869728;-0,392687736;-0,361388005;0,291089965;-0,298914139;-0,348390433;-0,2863091;-0,51274894;0,392928585;0,176888893;-0,462093521;0,20993263;0,226736924;0,305904013;-0,041210669;0,308651771;-0,042325688;-0,335277962;-0,273861909;0,162516785;-0,041454337;-0,366241873;-0,175611611;-0,376507847;-0,042164309;-0,320671422;0,11984965;-0,325573264;-0,420078297;0,166816093;0,175913528;-0,304047957;0,238600246;-0,041005532;0,350665162;-0,371478171;0,35544864;0,397819993;0,191999107;-0,232779631;0,250005029;-0,309033829;0,295016569;-0,365734439;-0,214323778;-0,089784133;-0,321479019;-0,357447464;-0,232267988;0,323516642;0,156473348;-0,042418361;-0,371599335;-0,272045114;0,378580408;-0,04145747;0,329070846;0,275392707;0,333994327;-0,345829645;-0,33147176;0,239589395;-0,042371395;0,080232814;0,238516126;0,222930188;0,299221033;0,398476691;-0,401374112;0,369623096;0,024864003;-0,344844075;-0,398754001;0,236931774;0,286390805;-0,368205586;-0,04186898;-0,395781671;-0,228133226;0,448820484;0,325492726;-0,36979687;0,383590136;0,3005444;0,255341732;-0,259709479;-0,404601664;0,417226075;0,369592716;-0,386737019;-0,04184578;0,338010866;0,22866936;-0,041329294;-0,19382003;-0,042080072;-0,318930839;-0,379415732;-0,040789215;-0,041645982;0,248323739;-0,323972336;-0,320397259;-0,395732321;-0,497078483;-0,323291014;0,186319003;-0,442245347;0,251340167;-0,464320143;0,325323013;0,138451299;0,126131296;-0,408245315;0,331096664;-0,440783124;0,256445116;0,353348062;0,210124854;-0,041708398;-0,042143173;0,021535011;0,262687752;0,170183477;-0,305928878;0,303228894;-0,275163194;0,326821926;-0,042120887;-0,042152984;-0,378122698;0,245056987
-6,973440538;0,319843085;-0,338294837;0,312894568;0,211074053;0,297238955;0,336285666;0,40495855;-0,223787968;-0,037306568;0,389868695;0,162537841;-0,204458707;-0,408742785;0,292966671;-0,299342931;-0,367077298;-0,487956764;0,287570922;-0,331873373;0,179331629;-0,401730714;0,363059458;-0,346068727;0,322458289;-0,249813133;0,303244392;0,285016673;-0,460780668;-0,297820632;0,084455097;0,08434809;-0,570954076;0,259825642;-0,243732088;0,180411619;-0,368307125;-0,531016088;-0,353357469;-0,415048645;0,309202426;0,070883077;0,183207429;-0,037291227;0,270847833;0,196992506;-0,037213418;-0,332763685;0,32502452;-0,329711801;-0,361515913;0,279848542;0,129232467;-0,364881586;0,343644193;0,183006035;0,310764334;0,202062249;0,430247227;0,312365942;-0,338268518;-0,268733622;-0,44023095;0,298227434;0,192668139;0,292909366;-0,228455386;-0,377694422;-0,37492819;-0,337655381;0,271098787;0,323471595;-0,297450117;0,170868708;0,314167362;-0,281814734;0,239546545;-0,301343719;-0,392042265;-0,409807493;-0,232673686;-0,278672745;0,36917077;-0,21655316;-0,288721316;-0,311399473;-0,037556252;0,035743351;-0,037223799;0,253597834;0,264741043;-0,378704085;-0,037467836;-0,371014096;0,31554917;-0,361330429;-0,037259814;0,309444353;-0,371999884;0,406677386;0,121925916;0,272010802;0,293628017;0,298663842;0,05202594;-0,037636752;-0,364454466;0,3234907;0,261155939;-0,319244782;-0,330833615;-0,243540953;0,304359777;0,390587637;0,190320773;0,198508721;0,202647422;-0,417002034;-0,380413505;-0,313425675;-0,389313947;-0,440856644;0,07462127;-0,037205134;0,216731016;0,267843706;0,323807597;-0,037466752;0,474163031;0,327641322;-0,287167079;-0,333419824;-0,238175428;0,060355059;-0,037214407;0,192265755;0,096077983;-0,341332124;0,454809839;0,289921908;0,189732765;-0,457653435;-0,53680972;-0,212466435;0,312810378;-0,421974752;-0,36400655;-0,180870085;-0,037336868;0,193406984;-0,170295968;0,216394996;0,031477345;0,315708657;-0,373396227;-0,339343294;0,219919206;0,239252197;0,288051705;0,260091223;-0,344356497;0,412281416;-0,037343511;-0,243752798;-0,41928033;-0,037512201;-0,414792395;-0,037280348;-0,235925077;-0,365984062;-0,037727264;-0,037404133;-0,402988068;-0,212149482;0,363107113;0,222987395;0,233267794;-0,324136448;-0,397098198;-0,337130023;0,248757618;0,205548162;-0,177625905;-0,362085285;0,166553566;-0,456523061;0,177721642;0,215483779;-0,302701741;0,440281334;-0,340479458;-0,037384546;-0,037264856;-0,371931735;-0,355881787;-0,178448061;0,211945819;-0,484754635;-0,340166355;0,28238282;-0,037270252;-0,037262506;0,299804216;-0,373046461
-8,624101046;0,292831202;0,383606828;0,154195869;0,297909189;-0,306990769;-0,394079603;-0,306365711;0,320920501;-0,041328585;-0,153520008;0,249272199;0,21477563;-0,415800867;0,149512124;0,294606407;0,273763036;0,209436249;-0,341827549;0,138867885;-0,500120524;-0,122753716;0,218738186;0,29496806;0,190552764;-0,336218443;0,275999112;0,310442965;-0,293682278;-0,452438512;0,112382783;0,108090417;-0,428366432;0,242143077;-0,476873893;0,226803994;-0,461806226;0,197216939;-0,376708112;-0,334843858;0,299802696;0,265718011;0,222880239;-0,04135764;0,249396408;0,224239448;-0,041529139;0,270124388;0,296614961;-0,277927846;-0,167148437;-0,352324809;-0,336272015;0,119593467;0,31050282;-0,365492967;0,410702167;0,261399143;0,306265502;-0,206494333;0,181209248;-0,210191936;0,207193831;-0,295988095;-0,344723352;0,296677949;-0,213998266;-0,351904641;0,263368019;-0,238650552;0,160657176;0,277867128;0,273995265;-0,268608729;0,275481789;0,273628377;0,241639668;-0,36038649;0,25816834;0,231820666;0,252484043;-0,304125411;-0,184244459;-0,350438507;0,205396793;0,246116327;-0,040959804;-0,240927351;-0,0415032;-0,314409551;-0,402828856;-0,031274771;-0,041074286;0,242469909;0,190961236;0,207481821;-0,041421293;-0,39130835;-0,424217221;0,451811842;0,127659921;0,151293062;0,321156718;-0,33509559;-0,41171499;-0,040865082;0,346558935;-0,173538574;0,215324645;0,280627463;-0,373722106;-0,210917389;0,264004451;0,280546599;-0,249754166;-0,351891246;0,274526552;-0,36223453;-0,256149286;-0,20884413;-0,392844677;-0,333728987;-0,162317644;-0,041550775;-0,356383444;0,3819028;0,257583399;-0,041075772;-0,255924974;0,290438165;0,236551955;-0,293369126;0,212556966;-0,316754944;-0,041526614;-0,335854887;0,323727049;-0,391983335;0,182610255;0,345668534;-0,328427258;-0,324555813;-0,478153129;-0,318594903;0,237750857;-0,37019652;0,243715876;-0,33555462;-0,041274391;0,311584034;0,325674362;0,302444781;0,243899662;0,305230471;-0,37213002;-0,254960436;0,247056396;-0,306988912;-0,387163081;0,186110736;0,276349886;0,237487606;-0,041263009;0,196910597;-0,24613846;-0,041015263;-0,26757573;-0,041379004;-0,249695665;-0,284774431;-0,040766739;-0,041165915;-0,425896048;0,311413925;0,131599564;-0,250463304;0,262401697;0,227089368;-0,376031903;-0,263016814;0,226391868;0,137924653;0,263751578;-0,303655428;-0,340570449;-0,226473565;0,175168574;0,269148761;0,271085395;0,246562975;-0,236479879;-0,041196071;-0,041410653;-0,442170951;-0,176227605;0,066993661;0,218638237;0,207299686;0,227301222;-0,349680682;-0,041399455;-0,04141559;0,304035507;-0,406209921
-8,560195702;0,420924544;0,376609413;-0,355571662;-0,46954526;0,371078702;0,231424912;-0,327806776;-0,423418621;-0,038757874;-0,202930163;0,209847033;0,444167248;0,294555043;0,178392564;-0,385729084;-0,235680255;-0,354295175;-0,407481601;0,242103319;0,357401642;0,391020659;-0,233222047;-0,209932813;0,27143045;-0,409920653;-0,353839271;0,103805635;0,258076975;0,226642903;0,131513695;0,216972016;0,288790985;-0,144969915;-0,544373013;0,064332739;0,320272128;-0,466325733;0,262226668;-0,486439507;0,112224167;-0,288227256;0,264984813;-0,03884017;-0,288329849;0,216342178;-0,039319603;0,29277782;-0,308816188;-0,273322605;0,067918244;-0,404902759;0,198610067;-0,229468327;0,254693708;-0,323850522;0,304363246;0,33307039;-0,466716861;0,323437209;-0,309257728;-0,505568843;-0,280262787;0,260103717;0,33789023;0,220805269;0,367188023;0,354396627;-0,079677001;-0,457911102;0,234557912;0,306042097;-0,289864113;0,431308339;-0,223682463;-0,067566392;-0,419271418;0,098774766;0,292139753;-0,256975815;0,261483354;0,320872482;0,33361365;-0,260452249;-0,308488691;-0,236777685;-0,037687918;0,384547561;-0,039247795;0,33979154;0,242458696;0,109831832;-0,038024931;-0,268063468;0,183545756;-0,34597253;-0,039019389;-0,313746256;-0,500455732;-0,294923132;0,228948525;-0,432583535;0,114152527;-0,604967105;-0,673321244;-0,037405984;-0,45380812;0,219353129;-0,368409203;-0,120933882;0,388420954;0,343511677;0,267556601;0,374224307;-0,338889664;0,190042034;-0,470793417;-0,300869236;-0,400858864;0,270514687;-0,430193901;-0,412718384;-0,308662325;-0,039379305;-0,373286714;0,310797108;-0,270272427;-0,038029279;0,352044593;0,074614664;-0,160071637;-0,188250279;0,49677955;0,301722882;-0,039312626;0,230080391;0,290555202;0,382017853;-0,146886795;-0,230922033;0,36547196;-0,397257891;0,256874778;-0,191123737;0,474496032;0,515032924;-0,324224486;0,247224031;-0,038603562;-0,42305535;0,350597813;0,213505485;-0,537104743;0,257614367;0,149675786;0,235827842;0,179135904;-0,305676535;0,392350345;-0,377718186;0,332900678;-0,25880323;-0,038571021;-0,424353489;0,235312809;-0,0378517;0,255663026;-0,038900489;-0,232544897;-0,283987839;-0,03711047;-0,038291584;0,267865948;0,320815197;0,297077136;-0,51918995;-0,068447209;-0,332163895;0,126784209;-0,159162301;0,282276406;0,166092092;-0,443655311;0,165147087;0,128812597;-0,358615077;0,153648296;0,127469485;-0,447020735;-0,305128101;-0,525552579;-0,038378724;-0,038989535;-0,329531988;-0,58303088;-0,469193146;0,214328993;-0,025581948;0,243495443;0,318883564;-0,038958071;-0,039003391;0,292150523;-0,396389069
-7,97115117;-0,235116612;0,228849915;-0,268113053;-0,384204565;-0,337243757;0,282701819;-0,168319769;0,296729814;-0,039376414;-0,347562668;0,278730668;-0,411956213;-0,420712053;0,051716309;0,290954841;-0,23667476;-0,389116719;-0,201124148;0,177641839;0,315664272;-0,355052566;-0,296962133;-0,321310212;0,217677698;-0,361903403;-0,232194089;0,116090046;-0,392294395;0,149696574;0,089866189;0,187203692;-0,477614299;-0,322643376;0,356271389;0,13499914;0,233950489;-0,285445712;0,215136845;0,285009928;0,116644776;0,076740358;0,195426;-0,039444719;-0,205240296;-0,478703111;-0,039838298;0,291225125;0,098915193;0,102964315;-0,33860191;0,125983207;0,324447351;-0,258545589;-0,064963081;-0,195074684;-0,466129617;-0,480130183;0,188424086;0,149094499;-0,371980973;0,23924854;-0,30730378;-0,361825275;-0,3057743;0,364415672;-0,284139207;0,225726962;-0,440794333;-0,136839411;0,074460509;0,315599843;-0,274738645;-0,263493043;-0,256573503;-0,188370254;-0,261586302;0,135977964;0,16878557;-0,251934711;0,19112071;0,224645205;0,296875667;-0,247107092;-0,220680918;-0,298733602;-0,038468534;0,301657639;-0,039779819;-0,389954768;0,295410245;0,016837481;-0,038758438;-0,281250739;0,193740133;-0,281869534;-0,039592712;0,403406667;0,301223115;-0,289404207;-0,393873639;0,31452368;0,138534233;-0,204005365;0,208157786;-0,038223289;0,271408886;-0,025402518;-0,268539023;0,062740219;0,204035784;0,23064468;0,293302459;0,214333465;-0,157410248;-0,507036494;0,231921693;-0,380574791;-0,339277794;0,203677907;0,203439797;-0,22741718;-0,250024311;-0,039886792;0,323306378;-0,408145389;-0,242726583;-0,038762155;0,121248927;0,178525397;0,21130601;-0,231335221;-0,39815889;-0,373122953;-0,039832623;0,261514501;-0,445087545;0,144109444;0,402690794;-0,179660932;-0,350650981;-0,328253222;-0,454194745;0,376788695;0,367008285;0,036394772;-0,416798263;0,129374116;-0,039247747;-0,277497925;0,323090846;0,163729868;-0,285486643;0,264581037;0,234337267;0,280517098;0,118711196;-0,206920463;-0,293247006;0,478258543;0,077324757;-0,194864062;-0,039220515;0,34231395;-0,169916264;-0,038609869;0,189705835;-0,039494644;0,376288829;-0,370103656;-0,03796363;-0,038985264;0,134941793;0,127432743;0,377964235;0,396205042;-0,331126727;0,333226025;0,072155719;-0,285365127;0,140641247;0,116257866;0,389761699;0,165822106;0,254876182;-0,225486568;-0,510107928;0,200282751;0,170297447;0,571635531;-0,396672441;-0,039058895;-0,039568131;-0,255468558;-0,332699777;0,094063748;0,212781837;-0,465882647;0,140620225;0,27277101;-0,039542195;-0,039579544;0,157135123;0,32834208
-7,52655041;0,267807556;-0,25566819;0,181800532;0,241532069;0,282181581;-0,310436529;0,254182045;-0,37644101;-0,045437725;0,280343765;0,248865135;-0,26280816;0,199127902;-0,325991794;-0,075334548;0,319340507;0,25205307;0,358266059;-0,336386954;0,210952202;0,334372197;0,47872942;0,310262587;-0,297875039;0,366822628;0,339100573;-0,410886214;0,25031117;-0,439195346;-0,455040754;0,195701907;0,216719834;0,125026592;-0,28428362;-0,427203038;-0,292686987;0,05911981;-0,393688017;0,195775824;-0,381779535;0,295660428;-0,407310849;-0,045428893;0,310177198;0,378874338;-0,045391938;-0,561818287;-0,16202513;0,426565725;0,323853744;-0,42561569;-0,085312711;0,294422125;-0,184124601;0,209297316;-0,309839926;0,266404431;-0,197895293;-0,338316984;0,326411839;0,021421852;-0,191236831;0,211526714;0,306462231;-0,52660838;-0,19099133;-0,475801096;0,437532118;0,368653173;-0,468662688;-0,402306834;0,027273099;-0,006951678;-0,25460269;-0,443328389;-0,144070074;0,042679083;-0,323846935;0,205054193;-0,238865028;-0,359053689;-0,432420137;-0,288906299;0,278669973;0,174739932;-0,045616647;-0,535135672;-0,045395885;0,273044976;0,426607572;0,200986409;-0,045547717;0,305754522;-0,454332626;-0,315086068;-0,04541217;-0,517754127;0,285789542;0,167283712;0,099117985;-0,338659647;-0,332409778;0,430316118;0,354997831;-0,045682837;-0,301872321;-0,439837296;0,328190541;-0,282681071;-0,438821357;-0,352138065;-0,452322438;-0,334175803;0,242482267;0,33060647;0,220808754;0,262225872;0,392091889;-0,293094991;0,346041201;0,316609697;0,22922198;-0,045389086;0,248854524;0,265374961;-0,312391089;-0,045546901;-0,359513102;-0,343092778;-0,305822661;0,319095211;-0,223126906;0,239351267;-0,045392297;-0,548850251;0,272418016;-0,381817933;-0,226273061;0,36693057;0,127247669;0,352150818;0,22822877;-0,395916464;-0,544140668;-0,592935292;0,425961856;-0,219873178;-0,045456226;0,282375239;-0,185788921;0,346067717;0,179011857;-0,33372564;0,048461337;-0,265904555;-0,442908485;0,341290491;0,395848969;0,23621131;-0,238838688;0,208842104;-0,045460448;0,17515363;-0,443587415;-0,045581741;-0,242184253;-0,045422879;-0,244156829;0,426309117;-0,045760289;-0,045501266;-0,361961969;-0,458147434;-0,401601611;0,214443423;0,181702171;0,209303875;-0,440485159;0,300729969;-0,460725316;-0,375899083;-0,387258163;-0,36940118;0,076397863;0,164939627;0,269927347;0,095911216;-0,347752721;0,004388999;-0,282402159;-0,045487666;-0,045414716;-0,412760881;0,214688811;0,361851732;-0,051325901;0,174150611;-0,33023238;-0,43460507;-0,045417503;-0,045413522;-0,396893041;0,134606287
-8,267478054;-0,382224224;0,089695101;0,32479022;-0,417935478;0,494940665;0,417022719;0,427484387;0,369718617;-0,045676485;0,045598149;-0,329870695;-0,435193459;0,224848295;0,286289896;0,413780768;0,193834323;0,116818749;-0,366085471;-0,35438799;0,204575044;-0,031071707;0,41448194;0,1328087;0,273419428;-0,148124009;-0,278651821;-0,199818666;-0,511336805;-0,402625359;-0,517490565;0,244225427;-0,40360719;0,27978432;0,335983435;-0,345408285;0,252214084;0,16870053;-0,587154601;0,212793942;-0,352557329;-0,47854174;-0,187525893;-0,045672193;-0,486068068;-0,187469358;-0,045662061;0,273321207;-0,327340693;0,376223753;-0,530135586;-0,469539596;-0,293827139;0,191575071;-0,376775508;0,458461724;-0,362063499;-0,568465098;0,219671023;-0,216951038;0,285180204;0,151560385;0,274578762;0,192627231;-0,510412315;-0,299844861;-0,103041779;0,3259069;0,335454778;-0,235664557;-0,463325304;-0,378737719;-0,149106144;-0,209756312;0,207598637;-0,364773136;0,354082047;0,245500694;0,17640558;0,172550887;-0,273386015;-0,42750787;0,000765445;0,261579623;0,21100357;0,2867982;-0,045796996;-0,412263978;-0,045661942;0,479622536;-0,305766159;0,181702573;-0,045746447;0,257600297;-0,31916046;0,258385798;-0,045665414;0,406380993;0,240361662;0,303881965;-0,405746765;0,390639154;-0,316866043;0,013746636;0,180570817;-0,045847704;-0,386425048;-0,504443685;0,475272562;0,398117044;-0,248972696;-0,271585829;-0,478783555;-0,125086256;0,283467223;-0,417459256;-0,276258071;0,174362889;-0,340461761;0,405036502;0,416531371;0,308485484;0,210644638;-0,045662604;0,425558139;-0,011018878;-0,400618017;-0,045745868;-0,280524833;-0,389250951;-0,420043174;0,162348341;0,214798001;-0,470194015;-0,045662024;-0,352228164;-0,501441083;0,154192842;0,1393604;-0,378688097;0,343822564;-0,216872537;0,099675821;0,479430157;0,280872157;0,04193612;-0,464168854;0,440534565;-0,045686509;0,355696643;-0,170640241;-0,291170751;-0,462948286;0,365874791;0,172691127;-0,215957409;-0,33736532;0,417227774;0,31551042;0,080151452;-0,323216155;0,262354472;-0,045688949;0,217277757;-0,234526485;-0,045771034;-0,312339907;-0,045669517;0,383350917;0,229488786;-0,045908755;-0,045714511;-0,527197333;0,386719634;0,138924518;0,184562691;0,049249284;0,210973964;0,237316733;0,450520506;-0,450024602;0,342606224;0,334441891;-0,064702961;-0,316609657;-0,066236225;-0,467053214;0,347154145;0,30611126;0,384711742;-0,380303376;-0,045705661;-0,045666297;-0,5367876;0,236105512;0,128443486;0,078594276;-0,570091845;-0,484582096;-0,427101157;-0,045667335;-0,045665875;0,44362289;0,093776022
-7,335131417;0,209208018;0,187239156;-0,178249276;0,302336544;0,168123865;-0,492574739;0,25454229;-0,259000732;-0,033312135;0,274217971;0,276880125;-0,270590693;-0,377491246;-0,538090927;-0,249379236;-0,3534229;-0,440683813;0,326225465;0,323430932;-0,652558325;0,277625781;0,400837613;-0,432770199;-0,400137816;0,268153878;-0,334733181;0,193153774;0,35799615;0,25066377;0,130300433;0,257326478;-0,003599501;-0,374270989;-0,376713026;0,338493305;-0,44781282;-0,304402267;0,285901817;-0,34676382;0,328787523;0,295680753;-0,423361522;-0,033377658;0,215282719;-0,213677496;-0,033765608;-0,349404812;-0,346232492;0,305924152;0,410593112;0,077828867;-0,268006662;-0,232439833;-0,249588109;0,294427839;0,289974982;0,23499687;-0,319973453;0,302480993;0,256574409;0,183827786;-0,311423587;0,297210705;0,079232211;-0,270981919;-0,287242624;-0,410625416;0,354766812;0,320661197;0,129804795;-0,23555862;0,371036473;0,406148747;-0,246374399;-0,212138976;-0,331038834;0,148924846;-0,284173888;-0,344907089;-0,263068363;0,214221976;0,306939725;-0,288719846;-0,272433949;0,115900454;-0,032487936;-0,35490603;-0,033706821;0,081311787;0,240770068;0,16209122;-0,032742105;-0,271857509;0,200058225;-0,356641894;-0,03352143;-0,417235375;-0,225438432;0,191723117;0,241611808;-0,459333885;0,330440472;0,249916297;0,176457047;-0,032278994;0,230935804;-0,072921933;-0,225426828;-0,231037941;0,274276969;0,35514614;0,231066008;-0,282589591;0,278386097;0,190629384;0,246275;0,173538618;0,354763773;-0,078854701;0,30524117;0,291230183;0,337846881;-0,033814668;0,171854332;0,242245818;-0,226384703;-0,032745416;0,342098182;0,273767251;-0,292641751;-0,331292742;-0,251107212;0,207600808;-0,033759886;-0,495857162;0,275311624;-0,415523245;0,284509881;0,260686888;0,189380674;-0,374852206;-0,378710335;-0,568591706;-0,402099989;-0,372322298;0,383418339;-0,505766782;-0,033190112;0,186554524;-0,205756733;0,356000152;0,34155591;0,114456526;-0,391306271;-0,351098475;0,199997455;0,159967077;-0,435734851;-0,225729041;-0,246249602;-0,484089139;-0,033164518;-0,364327685;0,422273376;-0,032610849;-0,228308746;-0,033425881;-0,392939735;0,304116501;-0,032063475;-0,032946708;-0,296077539;-0,356906121;-0,366553758;0,204566724;0,249656819;-0,450910907;-0,403268239;0,298144927;0,25172958;-0,48143765;-0,333032544;-0,348036508;0,215253437;0,211811612;0,299852356;0,176666075;-0,345077077;-0,284980593;0,36622222;-0,033014254;-0,033497377;0,164777302;-0,169272616;-0,484031647;-0,484024749;-0,104602882;-0,336417266;-0,422220018;-0,033472073;-0,033508536;0,237473998;-0,021421296
-7,230144106;0,275730842;0,371332491;-0,418467013;-0,44019913;-0,354341288;0,242704938;0,324802426;-0,291050516;-0,029187116;0,207429831;0,216461289;-0,451196832;-0,392474472;0,069409211;-0,45584435;0,148741743;0,232569142;-0,337857459;-0,323507389;0,316975138;-0,085955601;0,245494782;0,367024563;0,25196013;-0,428990106;-0,331633509;-0,242287751;-0,334082899;0,242538811;0,22411677;0,202757073;-0,481795281;-0,397909682;0,05723747;-0,427663879;0,359018485;-0,450497078;0,261156394;0,362553695;-0,354983329;0,37614732;-0,344353959;-0,029245899;-0,439937261;-0,381383199;-0,029591932;-0,413740164;-0,254581194;0,332072866;0,236216322;0,181178836;-0,207804721;0,209323146;-0,395823053;0,281657213;-0,409147056;0,087140861;-0,325322757;-0,1877526;0,216903554;0,176749939;-0,29211926;-0,380219235;-0,445599402;-0,296548719;-0,155492857;0,345029042;0,306807254;-0,233035626;0,285284618;-0,020866255;0,150351884;0,454681909;-0,234314814;-0,308447722;-0,291890979;0,228656632;0,359730071;0,31831643;-0,386674469;0,402141431;0,239629283;0,18497239;-0,267375066;0,280800737;-0,028438794;-0,318189738;-0,029539713;-0,378397055;0,319130468;-0,022010211;-0,02867137;-0,171212923;0,191396305;-0,214414631;-0,029374534;-0,270907757;0,351669876;0,273545747;0,161042552;0,211632759;-0,269977645;0,212255891;0,157303486;-0,028246349;0,350413604;0,252853693;-0,338244397;-0,25825723;0,243605733;0,333884934;-0,007146171;-0,224667011;-0,358500041;0,396648559;-0,387967598;0,090879197;0,310647603;0,367057586;0,22477162;0,219849625;0,22016655;-0,029635452;0,233354125;0,167770241;-0,391801596;-0,028674389;-0,365052019;-0,468050874;0,182237426;0,376213675;-0,226092491;-0,438138816;-0,029586853;-0,409815526;-0,306670686;0,292082935;0,249556618;-0,391238591;0,168782574;-0,258154386;-0,485808514;0,022676325;0,330874225;-0,357085351;0,225869967;0,293184658;-0,029077374;0,178677608;-0,246269793;-0,361829853;-0,52370934;0,266539971;-0,153709133;-0,263291259;0,183985029;-0,371418361;-0,393434943;-0,332953585;-0,267751506;0,398443009;-0,029054311;-0,341432654;-0,387937017;-0,028551472;0,317519142;-0,029289098;0,421778159;0,341831716;-0,028046634;-0,028857402;-0,316382289;-0,258355226;0,443402899;0,319526773;0,285873174;0,265781279;-0,423587456;0,27021335;0,192099233;0,277845602;-0,270416455;-0,417633688;-0,336606307;0,188205088;-0,250981891;0,212402155;-0,530422684;-0,293006819;-0,413977781;-0,02891859;-0,029353047;0,158989769;-0,467763449;0,3288059;-0,278110069;-0,42974396;0,332697214;-0,339009733;-0,029330427;-0,029363017;0,329264994;0,239266391
-7,75793027;0,370930762;-0,251061583;-0,45130761;0,207402972;0,29884204;-0,474138132;0,27917911;-0,278053358;-0,043122318;-0,385049216;0,29745798;0,383904696;0,23401605;-0,54668932;-0,242574835;0,188626846;-0,597066418;0,2767308;-0,334084582;0,110689105;0,346862716;-0,358943422;-0,375559127;-0,34800998;-0,287415739;0,101505531;0,458666098;-0,091674418;-0,498711031;-0,219563674;-0,484513487;0,100396605;-0,52533649;-0,450221013;0,163126264;-0,447840959;-0,042699349;0,285562645;0,333491581;-0,299224218;0,413498054;-0,389283089;-0,043115437;0,195901065;0,285360722;-0,043081041;0,019243585;0,463197811;-0,343197608;0,298155847;0,189348618;-0,479687067;-0,496116953;-0,359317629;0,294521834;0,4235796;0,147038482;0,422789628;-0,416216061;-0,410656405;0,376977973;-0,550626259;0,386203225;0,056724533;0,337473899;-0,3726247;-0,178594485;-0,319059959;0,40301089;-0,495405259;0,437340659;-0,392036558;0,401730313;0,428306374;-0,01018501;0,446922075;-0,475011773;-0,502581133;0,265897749;-0,256574232;-0,348658312;-0,401308359;-0,365939909;-0,027655743;-0,272624775;-0,043235315;-0,315121817;-0,043085557;0,25949617;0,210048656;-0,519403264;-0,043195252;-0,193158736;0,232171583;-0,521454247;-0,043101426;0,294246697;-0,470830963;0,448426611;0,17611328;-0,352051078;-0,377712265;0,089713004;0,319982653;-0,043271706;-0,22228267;0,434948333;-0,339818485;-0,188234278;-0,47148695;-0,263727764;-0,516103666;-0,288692473;-0,469304653;0,167015089;0,263029902;0,313176659;0,358618057;-0,280160718;0,361494143;0,355900857;-0,46746364;-0,043077462;-0,484609718;0,28617296;0,396642312;-0,04319476;-0,26058274;-0,492041302;-0,380464842;0,29382681;-0,285705803;0,100719119;-0,04308147;0,188488776;0,162957954;-0,449142173;-0,420792312;0,32351559;0,16725812;0,293262178;0,120243334;0,20438083;-0,371236586;-0,103780474;-0,345339115;0,287914732;-0,043135957;0,393467252;-0,252760901;0,196768719;0,294599464;-0,370419715;-0,395712359;0,400516765;0,334944392;0,28168222;0,102728881;-0,470677145;-0,321489389;0,387815778;-0,043138954;-0,365762486;0,289959446;-0,043215362;0,358133391;-0,043110572;-0,326152583;-0,319790829;-0,043312482;-0,043166375;-0,501538828;0,11830697;-0,269128055;0,412269897;0,356808875;0,315178617;0,240738221;0,346360928;-0,412105043;0,281835163;-0,306393704;0,431817229;0,118747471;0,360423776;-0,026694873;0,151708047;-0,107517232;-0,352695611;0,21239115;-0,043157505;-0,043103667;0,414626166;-0,320028385;0,299099256;0,243032542;0,293121666;-0,240571027;-0,352173071;-0,043106068;-0,043102622;-0,259223954;0,266309627
-7,800611247;-0,546875329;0,00287811;-0,450365365;0,354997326;-0,415327444;0,410964976;0,195315578;0,436108088;-0,048938714;-0,226782572;-0,514974141;0,14158905;0,266515897;0,367395515;-0,395834235;0,366125417;0,290576498;-0,568055207;-0,37906099;0,123868432;-0,467303802;0,059491353;0,406242431;-0,399898569;-0,360051939;0,238955907;0,195968162;-0,486126752;0,152109636;0,275679009;-0,396701285;0,157945431;-0,482639935;0,455997578;-0,495828203;0,393349306;-0,094062948;0,153349486;0,3447764;-0,412496996;-0,365034388;-0,446025601;-0,048901378;0,171524652;0,233172947;-0,048683771;-0,393485255;0,293703735;-0,299987838;0,35687365;0,235459859;0,387854276;-0,28341066;-0,293485499;0,284717431;-0,415090503;0,197312133;0,387225742;-0,342536106;-0,396320347;0,283832971;0,316661638;-0,572224495;0,225345692;0,257533521;0,380643;-0,424045386;-0,131895296;-0,418659361;0,284066468;0,07483253;-0,393715578;-0,490678978;-0,324546202;-0,098950358;0,313759916;-0,336603126;0,376168556;0,298792009;-0,224171519;-0,304353387;-0,362966046;0,46621322;-0,030249063;-0,384233228;-0,049420846;-0,105340707;-0,048716351;-0,442455016;0,245888764;-0,434073234;-0,049269889;-0,287154197;0,306509135;0,403681847;-0,04882003;0,26944255;0,367711011;-0,328050051;0,325927463;-0,287923114;-0,462125605;0,362560265;0,210689651;-0,049546252;-0,349859071;0,154437345;-0,267698227;-0,348896589;0,393324286;-0,34323219;-0,292971633;-0,266859759;-0,401327694;0,256735373;0,33274687;0,175795735;0,295461847;-0,365732076;0,318330987;0,166111258;-0,412820938;-0,048656695;-0,409081811;0,019718364;0,265954584;-0,049267935;-0,30681799;-0,327640263;0,370692463;0,428877622;-0,320804242;0,288465036;-0,048686936;0,20739516;0,368951728;0,369382784;0,330256187;-0,452513287;0,236957296;-0,314074426;0,213436843;0,272289423;-0,388612716;0,030654674;-0,410662085;0,275054946;-0,049008669;-0,26933344;-0,08187321;-0,480841172;-0,004166673;-0,291463544;0,25599871;0,268725898;0,237594341;-0,502672099;0,354625831;-0,082734056;-0,386781592;0,239096669;-0,049023409;-0,287733696;0,331141503;-0,049347616;0,396580862;-0,048874003;0,428278638;-0,376954603;-0,049676711;-0,049149773;-0,017240535;-0,436619072;-0,236325943;-0,422196517;-0,452598962;0,296597026;0,25747196;0,080287844;0,329957103;0,257797186;0,449864931;0,256881509;0,346674479;-0,444884345;0,325368154;0,006834529;-0,179538878;-0,228503424;-0,085797036;-0,049110414;-0,048833583;0,158015659;-0,341175713;0,19005923;0,239816258;-0,110125434;0,348148048;-0,128329696;-0,048847866;-0,048827292;-0,347693793;0,309168492
-7,141453608;0,260232884;0,41112417;0,245175779;0,319067656;0,308998329;-0,486258495;-0,191568666;-0,229477189;-0,034495566;-0,406395509;0,275390706;0,213065533;-0,249994119;0,080988782;-0,185087613;-0,232137521;-0,397816104;0,272657631;0,227311644;-0,587175533;0,401784871;-0,312742005;-0,273643409;-0,396782872;0,290302005;0,274882288;0,132246463;0,222591084;-0,363398511;0,08277338;-0,336854251;0,17408378;0,178526185;-0,363026586;0,182415651;-0,409102804;0,180473225;-0,377330181;-0,280422409;0,240197356;0,337849455;0,038350874;-0,034552205;0,174661361;0,201344947;-0,034885765;-0,23676581;0,079361048;-0,194311072;-0,284525915;-0,49590276;-0,40506424;-0,242466525;0,23757277;-0,252185726;0,326212744;0,208142375;-0,197498533;0,237574972;0,285003092;-0,389653593;0,045223969;-0,390012738;0,150079197;0,250245711;-0,128543897;-0,321421097;0,377905737;0,401937122;0,051390422;-0,361044728;0,238000387;-0,310840191;0,275021435;-0,227237008;0,214514752;-0,3100248;0,279018253;-0,283763981;-0,091856251;-0,359705614;-0,525833987;-0,357344213;-0,251186832;-0,188220559;-0,033775257;-0,383874594;-0,034835412;0,326867799;0,128473358;0,294440092;-0,033998981;-0,217443369;-0,366936235;-0,27035146;-0,034676173;-0,335437757;-0,247594427;0,317587402;0,221820317;0,192811098;0,231030594;-0,387385951;0,156179533;-0,033590243;0,346047873;-0,557530014;0,32715558;-0,247899754;-0,502969578;-0,38343887;-0,302281241;-0,322491563;-0,240384404;0,149855597;0,219427038;0,120861135;-0,285710839;-0,219426957;-0,400394313;0,282790229;-0,308905444;-0,034927735;0,106611908;0,384902116;0,285156602;-0,034001886;-0,218939308;0,252896267;0,286591443;-0,265953832;0,410378729;0,195748866;-0,034880867;0,133888361;0,288958346;-0,393399636;-0,383216008;0,243934144;0,2328449;0,455047875;-0,108143;0,2077199;-0,439366579;-0,363848869;0,297501931;0,068881275;-0,03438985;0,339720259;-0,235750111;0,226784078;0,34282758;-0,11892456;0,12648592;0,214490417;0,156901613;0,244200827;0,164347325;-0,308829561;0,404084441;-0,369143999;-0,034367637;-0,150294916;0,312610934;-0,033883629;-0,241716288;-0,034593832;-0,31435898;-0,246725623;-0,033398345;-0,03417803;-0,502172208;0,243146848;-0,401646607;-0,457296837;-0,376686022;-0,172660776;0,252056002;0,42141244;0,148728631;0,154361959;-0,2378586;0,277434072;0,18504949;0,287580686;0,248801081;0,202462575;-0,314390474;-0,291370323;-0,193654754;-0,034236938;-0,034655463;-0,355549438;0,360080676;-0,424123187;0,185189341;0,25879232;-0,437142022;-0,466523309;-0,034633662;-0,034665072;-0,285625862;-0,379281738
-7,203423717;0,210053818;0,261358937;0,265318507;-0,406184702;-0,382093499;0,382456358;0,333396698;-0,316408679;-0,031304819;0,140376231;-0,400819466;0,275968132;-0,339119577;0,168976504;-0,513244558;-0,25900664;0,207806255;0,195132042;-0,447689842;0,375234118;-0,407354478;-0,081454355;-0,359616368;-0,348249317;0,168442699;0,326390887;0,148472097;0,159903358;0,230862995;0,162576487;-0,411446693;-0,35113372;0,231340408;0,194315311;0,071022874;0,340766346;-0,489739162;-0,025696616;-0,31305089;0,105516458;-0,336920079;-0,364046251;-0,031355609;0,315632008;0,288972639;-0,031647073;-0,431779409;0,04760519;-0,276933085;-0,348164294;0,27701288;0,396535527;-0,214492988;0,192392887;-0,376168163;-0,405455647;0,201214836;-0,216829656;0,297003317;0,246232243;-0,424979519;0,317216969;-0,335099824;0,006076484;0,279517525;0,313886025;-0,33922233;-0,335604732;-0,333252834;0,164777297;-0,256328511;0,185587469;-0,099372011;0,23199496;-0,257032216;-0,005558454;-0,396383922;0,19181869;-0,335072056;-0,282874531;0,210310831;0,266006239;0,414721111;-0,356532448;-0,335172559;-0,030624664;-0,282755469;-0,031603901;-0,384076097;0,346164017;-0,490348933;-0,030842807;-0,28615564;-0,378973456;-0,305025551;-0,031465449;-0,157275371;-0,35708603;0,18120753;0,295442867;0,229298862;0,056314561;-0,368094882;0,126071137;-0,030439505;0,279864901;0,353866012;0,096195842;-0,302949849;0,337696012;0,377215303;-0,369666849;-0,23731312;-0,359423631;0,380637504;0,065988986;0,196043316;-0,304221928;-0,446460005;-0,236897427;0,225348748;-0,235583368;-0,031682838;0,205467985;-0,40386197;0,324689435;-0,030845598;-0,231165487;0,075403221;0,244943635;-0,271807473;0,319875338;-0,386529165;-0,031642886;0,267583342;-0,346587909;0,310767602;0,263690967;0,297467076;-0,440309545;-0,272727926;-0,361337209;0,210664392;0,317521368;0,278807413;0,245106934;0,194702904;-0,031208988;-0,450950444;-0,218944811;0,334713149;-0,43320579;-0,375861387;0,261464175;0,171018414;0,14595838;-0,390644245;0,267999848;-0,284041438;0,313377365;0,430761986;-0,03118868;-0,213538652;-0,366032065;-0,030731117;-0,256496922;-0,031392695;0,312437991;-0,282194846;-0,03024289;-0,031012885;0,305480348;-0,444059087;0,338742502;-0,242612194;-0,263720615;-0,29659336;0,052736343;-0,390864957;0,339283172;0,170224886;0,221092765;0,159448809;0,199425094;0,268635328;0,217783458;0,124115391;-0,425761723;-0,302894918;-0,423428735;-0,031067975;-0,031447225;0,117454594;-0,488194774;0,277272342;0,168125755;-0,398117739;0,321511792;-0,154468788;-0,031427987;-0,031455687;-0,206226163;-0,40998112
-6,840782114;-0,49352481;0,024443948;0,384974476;0,481877548;-0,247702061;0,191677757;0,501229755;0,569158826;-0,034520739;0,243499218;-0,466957108;-0,415802892;-0,229271514;0,196365964;0,121724967;-0,298532484;0,15996686;-0,311398535;0,290502024;-0,509592324;-0,236932133;0,006535412;-0,344720813;-0,61267465;0,230483865;-0,338566919;0,170848084;-0,474156237;0,148141475;0,072047241;-0,582074303;-0,362537107;0,263897045;0,325359141;0,215766652;-0,5362645;-0,318080252;-0,490929685;-0,281796817;0,195056637;-0,440233782;-0,400162636;-0,034577982;-0,387130053;-0,339076513;-0,034909833;-0,394303435;-0,347660117;-0,346780234;-0,308143218;0,337578822;-0,198474763;-0,245840167;-0,0565662;0,541168052;0,325835495;-0,357372968;0,475884891;0,34033749;0,156745504;0,23062548;-0,203017867;-0,31084859;-0,281476344;0,343735198;-0,230094526;-0,414873274;0,211373833;-0,173294249;0,16743046;-0,328589248;0,366786116;-0,290383976;0,170369172;-0,382446644;0,394558039;0,349558899;0,146616159;-0,393565273;-0,355327213;-0,478987283;0,285403983;0,389106016;-0,30445548;-0,540228291;-0,033768873;-0,358923296;-0,034860305;-0,446838108;-0,583557157;0,210123744;-0,034007228;-0,290911046;0,188845704;0,638919335;-0,034702357;0,504518195;-0,312271457;0,307902914;0,260376369;0,24353594;0,228583584;0,280029735;0,232363807;-0,033568398;0,226996148;0,20199515;0,334552789;-0,417675988;0,175547775;0,245683974;-0,269554627;-0,306262272;-0,350447334;-0,317837814;0,309673472;0,136607087;-0,421623169;0,298171088;0,21495898;0,333098581;0,246517232;-0,034950966;0,36150037;0,004641186;0,506493643;-0,034010294;0,37999821;0,156379512;0,235424044;-0,2831283;-0,205397778;-0,129904751;-0,034905024;0,168599587;-0,365518212;0,047524458;0,160783168;-0,341398457;-0,389140235;-0,308935925;-0,303553194;0,363972871;0,089522416;-0,258856147;-0,010800382;0,311416294;-0,034413179;0,27522648;-0,205462996;-0,558943069;0,401935005;0,272029937;-0,502833826;-0,364213272;0,283823468;-0,014607132;-0,197965576;-0,171192018;-0,502109573;-0,278642681;-0,03439046;-0,205215649;0,425077803;-0,033884885;-0,478815586;-0,034619886;0,31808245;-0,439046219;-0,033357228;-0,034194821;-0,416910535;0,31090725;-0,364982244;-0,361917;-0,336417248;-0,412878284;0,082970503;0,429407026;0,133737173;0,199458291;0,413362234;0,156018371;0,059617574;0,265296386;-0,429237245;0,179466533;0,264250413;-0,227344666;0,525444438;-0,034255933;-0,034681666;0,254685624;0,282086744;-0,488788568;-0,319202436;-0,334243342;0,217353512;-0,337318786;-0,034659847;-0,03469127;0,27701725;-0,348216084
-8,086709403;0,372925742;0,179183695;0,389019581;-0,357278767;-0,198096583;0,13489898;-0,472264637;-0,469727313;-0,036163751;0,506097089;0,244157288;-0,205781416;-0,234366747;0,124822378;0,403118257;-0,204127557;-0,404684969;-0,245473026;0,23643714;0,227407887;-0,176108178;0,470497647;-0,270051404;0,391916775;0,275958585;-0,267245641;0,121314196;-0,030408732;0,057825203;0,106484893;0,260407643;-0,321849532;0,471473058;-0,428187261;0,182991839;0,284170061;-0,294752033;-0,455249447;-0,354044997;0,163245082;-0,353626541;0,28383691;-0,036227286;-0,278161712;0,216910918;-0,036595984;0,394036426;-0,32310177;0,293809796;-0,399164265;-0,594225587;-0,414434265;-0,125499609;0,307337291;-0,442276146;0,349503877;0,272928246;-0,181943;0,269291694;0,363221373;0,224836855;-0,200665912;-0,223893149;-0,260792267;-0,610166541;0,094238573;0,372979539;0,290797305;-0,320697483;0,082792203;-0,370009793;-0,407566304;-0,270133114;0,432938837;-0,238403506;-0,30418592;0,232822723;0,134222033;-0,30850782;0,352884043;-0,246298835;0,235680824;-0,389500454;-0,184794323;0,519216693;-0,035330942;-0,316696584;-0,036540915;0,45452869;0,232653202;0,198429404;-0,035594626;-0,203644153;0,090394339;-0,407552758;-0,036365396;-0,47366276;-0,39691041;0,309756408;-0,674214438;0,220175618;0,193614183;0,275578409;0,128833574;-0,035109389;0,268418167;-0,459229448;0,198685808;0,472296082;0,182899655;0,220972513;0,06858914;-0,233249383;-0,24440736;-0,237837915;-0,485471506;0,330898201;-0,302460432;0,217803434;0,220143077;0,183545308;-0,391392973;-0,036641728;0,229981291;0,309190727;-0,382267676;-0,03559802;0,246253668;0,201647;0,251950956;-0,189070101;0,470925477;-0,297227788;-0,036590636;0,003675855;-0,296690836;0,285506654;0,182482818;0,091548593;-0,184857373;-0,207975121;-0,299705066;0,140373648;0,290184629;-0,351730711;0,273412782;0,161311936;-0,03604442;-0,261575006;-0,40901211;0,269221788;-0,430966921;0,231998822;0,327388395;-0,480360186;0,084307073;-0,132667486;-0,250633658;-0,333855415;0,387800003;-0,152960855;-0,036019222;0,371807754;-0,50649216;-0,035459245;0,320075466;-0,036273807;0,165006492;0,495066068;-0,034876226;-0,035802366;0,282259461;0,336890959;-0,402529077;-0,408145533;-0,30863519;0,428490495;0,182026155;0,06744039;0,103950088;0,119452781;-0,481425847;0,188796573;-0,640646058;-0,335173057;-0,355616623;0,057484163;0,254433945;-0,283162;-0,505189822;-0,035870083;-0,036342413;-0,49021097;0,315570789;-0,36258405;0,337457633;-0,356038501;0,204934407;-0,308477035;-0,036318181;-0,036353081;0,163751733;-0,301437204
-8,12492382;-0,404432971;-0,294178175;0,171484248;-0,419584404;0,268632507;0,216159589;-0,267048301;-0,157506872;-0,033115943;-0,260443708;0,220712759;-0,308545059;0,311248497;0,171055547;-0,151873633;-0,305292461;-0,429750984;0,288696033;0,107349165;0,177597152;-0,36352301;0,075409488;-0,330383077;0,191471856;0,269474744;0,270323614;0,212970265;0,181536382;0,142568148;0,110624325;0,298158179;0,225596952;0,12854329;0,349325373;0,138692841;0,326064044;-0,166186823;-0,232890989;-0,386314869;0,240484404;0,123583282;0,194426161;-0,033192439;0,297808671;0,213431671;-0,033640276;-0,208841516;-0,324563249;0,398885013;-0,32625296;-0,376203955;0,252559754;-0,318087645;-0,403990273;-0,377105414;-0,365758224;-0,440973505;-0,277092707;-0,282685097;0,290094876;-0,353117977;-0,261363546;0,313186323;0,272495157;-0,398478226;-0,24709798;0,249222004;0,279762325;0,16416286;-0,396096464;-0,268716328;-0,264079877;0,217967204;0,27379468;-0,241438815;0,289091302;0,302772008;-0,402885517;-0,275145356;0,130750957;-0,178855513;-0,323567438;-0,278099073;-0,328119587;0,409767044;-0,032131198;-0,132492262;-0,03357296;0,187134331;0,238699063;0,230566817;-0,032439447;-0,149077925;-0,398165738;-0,375877174;-0,033359406;0,253929727;-0,367730069;-0,234639928;0,093743694;0,227121841;0,236087767;-0,374462014;0,22905056;-0,031874636;-0,311503157;-0,383086524;0,287561706;0,438387914;0,345057194;0,29574788;-0,396553247;-0,366941428;0,198460753;0,210744733;0,208631726;0,246262389;-0,162621634;-0,214125618;0,252172217;0,251395534;-0,331835444;-0,033696307;-0,012188442;-0,387033431;-0,387454559;-0,032443435;0,224273238;-0,434122586;-0,343692944;-0,274928855;-0,264364477;0,275274852;-0,033633732;0,224430855;-0,350887949;-0,371007479;-0,296309071;0,372409251;0,122649138;0,303627995;0,247339381;0,294575524;-0,348592477;0,181545048;-0,234829428;0,282461823;-0,032972804;0,33733239;-0,08529431;0,25778783;-0,366430639;-0,401080871;0,211175911;0,241077622;0,198557194;0,200803103;0,287256679;-0,354739715;-0,254894372;-0,293609104;-0,032942669;-0,243552772;-0,314598111;-0,032280786;0,250046457;-0,033248575;-0,246909053;0,213063585;-0,031606954;-0,03268458;0,246796873;0,390343374;0,175731519;0,262951078;-0,265227196;-0,23345717;0,255196815;-0,296664463;0,169156235;0,175306458;0,363444071;0,279684168;0,117231902;0,265899693;0,149392284;0,157856144;-0,321651738;-0,210010096;-0,298220452;-0,03276493;-0,033331556;-0,31416903;-0,205921914;-0,36628081;0,244730614;0,022706016;-0,351951384;0,164473466;-0,033302221;-0,033344481;-0,374442375;-0,36962836
-9,146750093;-0,272221301;0,131314075;0,007451992;-0,349759366;-0,312935579;0,238486435;-0,241900676;0,279167633;-0,042743771;-0,271503191;-0,388134112;0,18077241;0,323355896;0,104248188;0,172768327;-0,320200148;0,280173558;-0,345527972;0,224981493;0,025371112;-0,23672395;-0,295678798;0,246871549;0,115298148;0,289741944;-0,285428257;0,225283147;0,258672283;0,240731685;0,078990427;0,129434793;0,225500977;-0,183726608;0,181217719;0,222413341;0,200502115;0,123126616;0,171887236;-0,345828633;0,181544283;-0,328759945;0,119542833;-0,04282055;-0,34510389;0,20123022;-0,04326317;0,020438738;-0,351903587;0,310076824;-0,320176848;0,130444693;0,354840993;-0,259537973;-0,309561403;-0,216982755;-0,338646004;-0,411166224;-0,343530231;-0,312940797;0,268988483;-0,394080874;0,258948322;-0,401715884;-0,327726492;-0,359834358;0,333996536;0,19834656;0,262106359;-0,192843474;0,12346378;-0,371169593;-0,214615502;-0,30158178;-0,304149936;0,204274879;0,293718031;0,263765645;0,156419552;0,246553911;0,271558203;0,28284374;-0,381066454;0,333997827;-0,258767972;0,247714323;-0,041724246;0,065898137;-0,043197382;-0,35879591;-0,327500676;0,241931232;-0,042049606;0,261528019;-0,461565892;0,304182971;-0,042986941;0,112237732;0,199837385;-0,290036631;0,215549463;0,206151543;0,277468393;-0,352923605;0,108229027;-0,041449142;0,251698021;0,209527375;-0,232047315;0,236437778;0,24320361;0,281649027;-0,507816177;-0,308591803;-0,390383065;0,283632361;-0,374873059;0,256069242;-0,249390869;0,239814799;0,009133565;-0,003671323;-0,403532126;-0,043317732;-0,279806634;-0,28097966;-0,252613653;-0,042053778;-0,232773198;-0,492750961;0,266152672;-0,32287695;0,132494989;-0,277657265;-0,043256787;0,113767998;-0,391812869;0,193722529;-0,34212652;-0,335337016;-0,352247752;0,348225941;0,289715045;0,370878646;-0,327809398;0,275465498;0,225335806;0,390744191;-0,042599169;-0,19531089;0,323966918;-0,384549784;-0,39831163;-0,471987827;0,311049493;0,259221754;0,25774862;-0,260191024;-0,250040022;-0,339205325;0,239598833;-0,265409297;-0,04256857;0,227827865;-0,298304455;-0,041882844;0,313831137;-0,042876676;0,301007074;0,258555069;-0,041157996;-0,042304298;0,241947093;0,238252172;0,268807439;-0,365773894;-0,403992843;-0,211747168;0,222968897;-0,214614632;0,160703935;0,188216698;0,183838234;0,282525729;-0,444612308;0,287044989;0,197566168;-0,281024613;0,219794532;-0,399759601;0,05566638;-0,042386998;-0,042959301;0,185588975;-0,334315081;0,190315746;-0,181390711;0,225125453;0,299121952;0,147360698;-0,042930138;-0,042972134;0,198877576;-0,385274203
