-1,639308174;-0,103054683;0,359798083;-0,387649794;-0,411928117;-0,103049191;-0,103063401;-0,103066882;-0,103050155;-0,103059788;-0,103063573;0,226451782;0,709549668;-0,757428176;0,327477734;-0,103053423;0,24904689;-0,725556084;-0,236846357;-0,384988539;-0,103051854;-0,535744985;0,22197601;-0,103062092;-0,232353105;0,459650586;-0,103062621;-0,103062829;0,093588411;-0,103051055;0,188302038;0,426334021;-0,510079733;-0,103065376;-0,103063085;-0,366572944;-0,103052733;0,173986047;-0,103066172;-0,103055917;0,171558492;-0,199476056;-0,394279007;0,069336577;-0,103052835;-0,515598462;-0,437763239;-0,103054446;-0,734244915;0,306970245;-0,103054377;-0,103061438;-0,103066481;-0,537045692;0,208327209;-0,392165835;-0,127359151;-0,104759761;-0,103053189;0,006670756;-0,103061731;-0,103067124;0,005337702;-0,188055049;0,113004981;-0,103053238;0,184475887;0,273119974;0,158514313;-0,751862938;0,190103386;0,243938779;0,452729414;0,099523462;0,175950856;0,130238999;0,599330989;-0,103065814;0,197490761;-0,103060118;0,075530338;-0,123098738;-0,044224393;-0,103058475;0,303924338;0,097067222;-0,103065548;-0,257209411;-0,103055465;-0,103067418;0,330744926;0,126362166;-0,103053191;0,176234249;0,248889119;-0,224306957;-0,639975113;-0,584658218;-0,640476444;-0,084531828;-0,103063875;-0,220817772;0,470676786;0,238770227;-0,306275322;0,196602981;-0,10306204;-0,098857421;-0,244877942;0,210322592;-0,282632295;-0,103060993;-0,352427819;-0,25902896;0,076651054;-0,592715201;-0,103051908;0,173497903;-0,564352697;-0,103061697;-0,50204148;-0,103064102;-0,619468323;-0,103059762;-0,587928006;-0,103066533;0,552316634;-0,681418001;0,442011493;-0,103050261;0,379034937;-0,300743859;-0,616137117;0,289005566;0,070161343;0,682172044;-0,103058329;-0,447135216;-0,103064894;-0,10306617;0,399500223;-0,103058617;-0,490280352;-0,12569651;-0,746259816;-0,103061396;-0,609384481;-0,382602431;-0,103062342;-0,726157567;-0,103067051;0,375673465;0,219480275;-0,10306073;-0,103059526;-0,10305091;-0,563579473;0,184751396;-0,618131219;-0,142260723;-0,434465622;-0,423873473;-0,315604256;0,459721539;0,298679248;0,002409607;0,177686354;0,63521684;0,488403431;-0,224397616;-0,103065298;-0,941200879;-0,10305468;-0,103065226;-0,555009161;0,162750552;-0,786310851;-0,556246391;0,208558246;-0,103052099;-0,103067081;-0,1030496;0,315046351;0,439381907;-0,103062254;0,32944554;0,102236443;-0,271042828;0,36269342;-0,1030666;0,15058879;-0,266827618;-0,103055603;0,755984381;-0,396837271;0,231943974;-0,262860014;0,485132802;-0,305349824;-0,257615743;-0,103065133;0,42891091;-0,103062472;-0,103060727;-0,103050449;0,540820474;0,312008249;-0,386320177;0,250885426;0,517436923;0,284915686;-0,402103765;0,521136881;-0,103065874;0,19866661;0,149978476;-0,352575726;-0,103065573;-0,10305785;-0,617830273;-0,103054575;0,121659221;-0,166339368;-0,103053593;0,139413046;0,261448788;-0,103056498;-0,103049455;-0,10305401;0,206044676;0,162984117;-0,103065569;0,302939683;0,073611345;-0,182245382;0,184651398;-0,103058252;-0,364866815;-0,370966365;0,137162648;-0,444002763;-0,103053398;-0,20797265;0,39110387;-0,297863864;-0,51990588;-0,492471987;0,298538377;0,607501065;0,058290998;-0,265864977;-0,550591564;0,344609389;-0,103053165;-0,103057155;0,474929417;0,043788663;0,207675865;-0,351381032;-0,103063226;-0,103053727;-0,103062634
-1,759525966;-0,102819852;-0,681427027;-0,292941406;-0,53821998;-0,102814299;-0,10282868;-0,102832209;-0,102815308;-0,102825025;-0,102828917;0,300040128;0,360581461;-0,041660269;-0,322231456;-0,10281866;0,261809141;0,3552135;-0,505798999;0,572521975;-0,102816975;0,590493823;-0,585146455;-0,102827339;-0,119110919;-0,768046882;-0,102827961;-0,102828168;0,163105855;-0,102816187;0,423442832;-0,575225591;-0,299314063;-0,102830797;-0,102828383;-0,196636893;-0,102817897;0,091815552;-0,102831513;-0,10282109;0,208054967;-0,455111376;0,268218851;0,168879323;-0,102818008;0,305094625;0,077681334;-0,102819593;0,426616694;0,608723019;-0,102819525;-0,102826621;-0,102831813;-0,102678987;0,335403705;-0,410758723;0,205637031;-0,471102634;-0,102818361;0,075386107;-0,102826993;-0,1028324;-0,502505936;-0,507642219;-0,329744908;-0,102818404;0,458109596;-0,218227064;-0,0641519;0,294663151;-0,706906909;0,347945631;-0,719324124;0,406358985;0,026237814;0,031297796;0,053090122;-0,102831129;-0,32828267;-0,102825372;-0,016188873;0,052240467;0,29829057;-0,102823712;0,096087485;-0,247964253;-0,102830875;-0,356677096;-0,102820678;-0,10283275;0,24678655;0,431103451;-0,102818338;0,055631141;0,391441782;0,528785901;0,131478972;-0,3957987;-0,389552483;0,311151611;-0,102829192;-0,491555606;0,084317471;-0,078907291;-0,270138492;0,427306557;-0,102827325;-0,089048748;-0,026274635;-0,609829406;-0,300869098;-0,102826124;-0,361937097;-0,369440722;0,046951141;-0,390956857;-0,102817025;0,414655047;-0,461837437;-0,102827154;0,254413942;-0,102829406;-0,339122836;-0,10282507;0,440914311;-0,102831856;-0,558621505;0,182455225;-0,314706112;-0,102815377;0,113314152;0,261212718;0,399510176;0,022111973;0,030424355;0,44245816;-0,102823551;-0,239277604;-0,102830215;-0,102831574;-0,215214321;-0,102823829;-0,546270865;-0,367495859;0,173154758;-0,102826694;0,245659068;0,808937794;-0,102827606;0,130135837;-0,102832445;0,059553724;0,283026209;-0,102825977;-0,102824785;-0,102816036;-0,697710317;0,245628745;-0,558946145;-0,240193385;0,283464003;-0,714928643;-0,625829643;-0,328018674;0,298087526;0,10538885;-0,677477069;-0,271026852;-0,535338341;-0,251692876;-0,102830584;0,082969803;-0,102819828;-0,102830555;0,334863532;-0,665289124;-0,318804994;0,142339253;0,15302518;-0,102817223;-0,102832426;-0,102814773;0,304709081;0,046708871;-0,102827514;0,21310936;0,323684429;0,326507352;0,199256949;-0,102831929;0,299935125;-0,346059887;-0,102820827;-0,564580868;-0,563501714;-0,023591523;-0,432786242;0,520427869;0,508408243;-0,332938273;-0,102830432;-0,335951398;-0,102827791;-0,102825952;-0,102815562;0,295304939;-0,470343228;-0,186109005;0,083326645;0,302947358;-0,5649193;0,279637365;-0,528354903;-0,102831187;0,157389281;0,302942217;-0,413493371;-0,102830926;-0,102823061;0,378917857;-0,102819769;-0,398766335;-0,141524401;-0,102818724;0,242403353;0,268316009;-0,102821697;-0,102814562;-0,102819162;0,236159939;0,151489308;-0,102830851;0,524710695;-0,737381494;-0,606774279;0,173135404;-0,102823481;-0,769523781;0,189502867;0,110218384;-0,464408945;-0,102818549;0,321051647;0,40199773;-0,376305754;0,345261526;0,323607692;0,315097217;0,178300585;-0,03898758;-0,185321887;-0,297738846;-0,46266005;-0,102818292;-0,102822368;0,503911913;-0,390649845;-0,615756273;-0,318671336;-0,102828467;-0,102818904;-0,102827893
-1,730455012;-0,099395658;-0,338914883;0,258074088;-0,456411138;-0,099387126;-0,099409476;-0,099414884;-0,099388752;-0,099403805;-0,099409661;-0,62240321;0,459100762;-0,494516187;-0,323748881;-0,099394655;0,099483245;0,263203682;0,200296309;-0,059422611;-0,099391371;0,095801801;-0,412566399;-0,099407413;0,2551541;-0,522200903;-0,099408348;-0,099408615;0,258528763;-0,099390081;-0,188288017;0,064436139;-0,403048938;-0,099412559;-0,099408947;0,473071052;-0,099392754;-0,532086429;-0,099413786;-0,099397745;0,246769107;0,046370026;0,268055101;-0,43520771;-0,099392996;0,22344308;0,277433568;-0,099395443;0,358191521;-0,239456429;-0,099395344;-0,099406476;-0,099414239;0,350907649;-0,524356922;0,217339418;0,252950277;0,20097564;-0,099393506;-0,685051697;-0,099407275;-0,099414346;0,307625621;0,253504189;-0,468015371;-0,099393536;-0,060976694;-0,267954185;0,364202588;-0,548904795;-0,007367122;0,221303452;0,377608836;-0,547159233;-0,008056346;-0,489783548;0,36830042;-0,099413228;-0,687197729;-0,099404269;0,386199462;-0,499119825;0,158002478;-0,099401777;-0,154404956;-0,55489187;-0,09941281;0,364947027;-0,099397078;-0,099415685;0,239638527;-0,325213202;-0,09939343;0,328945499;-0,440107517;-0,36263467;0,266731295;0,204294459;0,165997482;-0,553243388;-0,099410246;0,251858698;0,212044589;-0,245491184;0,244096136;-0,531941743;-0,099407361;0,008228075;-0,476044634;-0,152508745;-0,594309445;-0,099405647;0,299869604;-0,139651596;-0,487720684;0,366156992;-0,099391435;0,050027244;0,145501857;-0,099406437;0,053205758;-0,099410501;0,280313979;-0,099403876;-0,480962799;-0,099414366;0,217236326;0,347654911;-0,452704433;-0,099388833;-0,376020177;0,154506828;-0,557284419;-0,528985618;0,355183344;-0,183078227;-0,099401588;0,205692688;-0,09941182;-0,099413923;0,03214115;-0,099402025;0,24479907;-0,52599019;0,519633211;-0,099406414;-0,352101875;0,233943612;-0,099407816;0,620543186;-0,099415184;-0,578019151;0,343239023;-0,099405263;-0,099403451;-0,099389866;0,30445514;-0,457278647;0,168782821;-0,294518414;-0,515511626;-0,586668128;0,275921924;-0,246522062;0,261065131;0,14603647;0,230149966;-0,080445847;0,464324975;-0,462196465;-0,099412332;0,12014684;-0,099395774;-0,099412331;0,038690638;-0,00774884;-0,473478806;0,192884814;-0,274557794;-0,09939175;-0,099415167;-0,099387988;-0,528536892;-0,419049699;-0,099407285;0,24528173;-0,438077944;0,09006831;0,187772586;-0,099414474;-0,342710783;0,211599223;-0,099397205;-0,415836666;-0,246530007;0,362301307;0,237350539;0,388335648;0,387478851;-0,31228176;-0,099412153;0,182817234;-0,099407994;-0,09940529;-0,099389136;0,172609832;0,353445326;0,322344831;0,194487412;-0,394755048;-0,270648073;0,367613871;-0,175225603;-0,099413314;0,34766062;0,433671299;-0,508589081;-0,09941287;-0,099400837;0,449548169;-0,099395681;0,427403315;-0,20469263;-0,099394072;-0,36689939;0,201263655;-0,099398697;-0,099387586;-0,099394752;0,274357018;-0,454605599;-0,099412831;-0,346077203;-0,236869333;0,248877657;-0,354099154;-0,099401407;0,190018662;-0,564017904;0,272755982;-0,211376769;-0,099393859;0,302796374;-0,118724499;-0,462814794;0,291131903;0,127408177;-0,255298105;0,432093418;-0,017047208;0,46645698;-0,261370643;0,373119291;-0,099393473;-0,099399738;-0,3894258;0,277206411;0,316539731;-0,328204293;-0,099409171;-0,099394338;-0,099408258
-1,70679213;-0,096663607;-0,006752169;-0,757706354;0,491734416;-0,096655158;-0,096677244;-0,096682464;-0,096656684;-0,096671642;-0,096677539;0,180539141;0,378887648;-0,439920073;-0,517064529;-0,096662464;0,123017022;-0,62747326;0,214884183;0,771027529;-0,096659324;0,28440017;0,557750667;-0,096675201;-0,41894105;0,39790087;-0,096676064;-0,0966764;0,241942862;-0,09665811;-0,62368333;0,139490669;-0,103350376;-0,09668041;-0,096676824;-0,092122705;-0,096660703;0,211796914;-0,096681525;-0,096665585;0,175147491;-0,664189482;0,114593;-0,112554768;-0,096660863;0,211177283;0,135678648;-0,096663359;-0,46632392;-0,543494115;-0,096663228;-0,096674274;-0,096681971;0,05227024;0,521471324;-0,149810877;0,539983549;-0,522321339;-0,096661439;0,076169676;-0,096674954;-0,096682597;-0,796533015;0,460216745;-0,46624628;-0,096661468;-0,591666678;0,280849318;0,039130333;0,152331277;0,511326337;-0,579589091;0,549467063;-0,676033601;0,057377716;0,122096773;-0,478393786;-0,096680949;-0,750882119;-0,096672151;0,227472829;0,029443669;0,096969043;-0,096669627;-0,098532153;0,249858762;-0,096680544;-0,186539142;-0,096664947;-0,096683381;0,281341462;-0,790694985;-0,096661341;0,126066612;-0,585110305;-0,10480836;0,120298571;-0,387785401;-0,231946146;0,446406249;-0,096678039;-0,522931659;0,134172968;0,339795384;-0,226252695;-0,719060978;-0,096675149;0,049900708;0,419585914;-0,389128744;-0,241967526;-0,096673508;-0,505868462;-0,315977291;0,173131937;-0,370508592;-0,096659354;-0,574872741;-0,368070318;-0,096674398;0,389360475;-0,096678325;-0,274017528;-0,09667171;0,057736445;-0,096682071;-0,439459121;0,074764749;-0,459062349;-0,096656802;0,182546628;-0,638835306;-0,70872265;0,238860935;0,016727235;0,701710189;-0,096669395;0,161789443;-0,096679568;-0,096681736;-0,266264621;-0,096669795;0,478466848;-0,486610204;0,289570924;-0,096674218;0,364242427;-0,47027063;-0,096675574;0,230644594;-0,096682901;-0,240164022;0,550932837;-0,096673091;-0,096671278;-0,096657869;0,603078744;0,262677724;-0,688302392;-0,324483839;0,301510424;0,466346115;0,622455234;-0,27678544;0,088421556;-0,351227216;-0,374367543;-0,327419577;0,737219167;-0,197880774;-0,096680089;-0,099566366;-0,096663715;-0,096680092;0,032099684;-0,36193314;-0,442232357;0,169621939;0,175708657;-0,096659731;-0,096682797;-0,096655924;0,239811738;0,147415719;-0,096675486;0,065775083;-0,559157186;0,328824152;0,203230805;-0,096682204;0,311661487;-0,423672316;-0,096665076;-0,195844207;0,475443359;-0,528802645;-0,470717415;-0,395121457;0,051245287;-0,011811629;-0,096679874;-0,58391103;-0,09667577;-0,096673121;-0,096657108;-0,600044629;-0,280964674;-0,258246366;0,068272753;0,239909877;-0,211904044;0,424170787;0,501481447;-0,09668107;0,091267194;-0,200408492;-0,692492835;-0,09668062;-0,096668682;0,220849671;-0,09666358;-0,354097528;-0,146916598;-0,09666197;0,483321693;-0,615732159;-0,096666585;-0,096655585;-0,096662671;0,256996321;0,300804844;-0,096680569;-0,610811988;0,464371205;0,438626082;0,219826472;-0,096669259;0,429282094;-0,072526042;0,158862659;0,554537401;-0,096661754;-0,539834337;-0,858551926;-0,663921014;0,152810786;0,130463037;0,246595334;0,127644062;0,067097808;-0,251618266;-0,224421117;-0,284248526;-0,096661276;-0,096667606;-0,758899628;0,235114464;-0,498158161;-0,181743567;-0,096676939;-0,096662233;-0,096676028
-1,957786223;-0,115864571;0,349134509;0,383779393;0,193285743;-0,115858462;-0,115874151;-0,115877964;-0,115859567;-0,115870183;-0,115874371;0,133435148;0,227714008;0,105031521;-0,578701828;-0,115863835;0,248901754;0,351985137;-0,511672;-0,432106225;-0,115861433;0,492599647;0,239588013;-0,115872726;0,460020437;-0,63829053;-0,115873385;-0,115873556;0,167072776;-0,115860627;-0,512261246;-0,373363424;-0,239384851;-0,115876509;-0,115873919;-0,387890486;-0,11586242;0,325955959;-0,115877234;-0,115865891;0,304734971;0,317749565;0,089894723;-0,54856492;-0,115862549;0,460875839;0,306196765;-0,115864274;-0,366590408;-0,146994606;-0,115864203;-0,115872131;-0,115877566;0,121007846;-0,354246057;0,477869891;-0,371323752;0,389478765;-0,115862938;0,189780678;-0,115872788;-0,115877958;0,232991642;0,168980217;0,351763676;-0,11586299;-0,257949991;0,287185813;0,29691328;0,173832697;0,213000576;0,479887264;0,412551146;-0,25885423;0,140654901;-0,673560605;-0,320754328;-0,115876835;-0,580874511;-0,115870534;-0,540721796;-0,003561683;-0,494161658;-0,115868769;0,029886394;0,267462597;-0,115876528;-0,463529095;-0,11586544;-0,115878553;0,182567935;-0,7559205;-0,11586288;0,360105523;-0,4742547;0,371502322;0,094835402;0,274417511;-0,504514793;-0,502178919;-0,115874737;0,085332072;0,017913214;0,243238835;-0,625223673;-0,71702053;-0,115872666;0,102539199;-0,476718736;-0,334661024;0,314841234;-0,115871462;0,335336185;-0,383828819;0,100918998;0,471235274;-0,115861438;0,335957089;-0,413269764;-0,115871987;0,45781141;-0,115874996;-0,409592668;-0,115870286;-0,550563232;-0,115877619;-0,620055677;0,199431127;0,253422884;-0,115859645;-0,376899016;-0,476622833;-0,554244218;0,320336662;-0,201492759;-0,344689137;-0,115868595;-0,531005985;-0,115875859;-0,115877309;-0,521545373;-0,115868941;-0,488351191;0,529698652;0,262102298;-0,115872022;0,435479093;-0,358005393;-0,115872977;0,200107294;-0,115878197;-0,313449242;-0,356371211;-0,115871215;-0,115869951;-0,115860383;0,337952727;-0,430384537;0,279412931;0,555733511;0,071639184;-0,399461084;0,083056201;-0,680361077;-0,452206411;0,416325553;-0,489960961;-0,36214888;-0,369721343;-0,283167633;-0,115876271;0,19005247;-0,115864519;-0,115876203;0,545323586;-0,332360972;0,255429099;0,278997088;0,239517543;-0,115861704;-0,115878225;-0,115859074;0,082587663;0,041793915;-0,115872849;0,235419479;0,14925063;-0,497073442;-0,630163999;-0,115877713;-0,320839857;0,381295853;-0,115865555;0,308551151;0,436132885;-0,385032545;0,253193405;-0,477423032;0,312887925;-0,114097435;-0,115876054;0,277142471;-0,115873079;-0,115871248;-0,115859896;-0,446094677;-0,186128159;-0,30816638;0,245453701;0,278727482;0,439946299;0,368973004;0,001532608;-0,11587688;0,19936415;-0,425390877;0,316331184;-0,11587658;-0,115868074;-0,023462402;-0,115864446;-0,242955448;-0,16649705;-0,115863314;0,099789125;0,321268855;-0,115866592;-0,115858785;-0,115863814;-0,632954043;-0,729882394;-0,115876542;-0,532466389;0,442420348;0,272074131;-0,345550185;-0,115868496;0,305826347;0,107997513;0,055299939;-0,471834938;-0,115863162;0,385235357;-0,415016408;-0,445869257;0,253202128;-0,126471768;-0,555754643;0,091977068;0,200324553;-0,229755316;0,310002446;-0,450982166;-0,115862955;-0,115867295;-0,35617251;-0,337470516;0,353445629;0,144575958;-0,11587397;-0,115863528;-0,115873339
-1,84315707;-0,114625234;-0,369612662;-0,203328138;-0,442606946;-0,114613616;-0,114644158;-0,114651392;-0,11461574;-0,114636423;-0,114644548;0,070034596;-0,265855233;0,377312234;0,161565785;-0,114623392;-0,045979268;-0,517382971;0,296812075;0,395196489;-0,114619389;0,53271111;0,294113233;-0,114641355;-0,398886518;0,227174739;-0,114642564;-0,114642993;0,241364683;-0,11461765;0,377774044;0,169614988;-0,079522195;-0,114648332;-0,114643435;-0,570222527;-0,11462126;0,054732813;-0,11465006;-0,114628083;0,312018404;-0,604369867;-0,404502499;0,186141067;-0,114621544;0,447161083;0,193503307;-0,114624971;-0,480711383;0,753317943;-0,114624816;-0,114640054;-0,1146507;-0,20364847;0,119615986;-0,34067032;0,186986058;0,178818396;-0,114622311;0,161376294;-0,114640721;-0,11465142;0,339521255;-0,270578444;0,085033601;-0,114622366;0,221916883;-0,425851453;0,202241971;-0,068753536;0,112377276;-0,621002522;0,285900062;-0,030782707;-1,090511394;0,234115559;-0,474610071;-0,114649296;0,015832709;-0,114637089;-0,602628446;0,049637886;-0,597097547;-0,114633654;-0,699720619;0,427774982;-0,114648721;-0,247914057;-0,114627206;-0,114652693;0,272021885;0,247972501;-0,114622242;-0,165679211;0,406159571;-0,154648043;-0,461335066;0,438595747;0,298636089;0,128095096;-0,114645204;-0,49244668;-0,619341997;-0,443667084;-0,388558528;0,005050427;-0,114641298;0,133241738;-0,328251476;0,338400863;-0,164498925;-0,114638841;-0,467344293;-0,381038729;0,033194039;0,320432164;-0,114619453;0,058066332;0,381896709;-0,114640067;0,658432349;-0,114645558;0,251660311;-0,114636467;0,232934431;-0,114650841;-0,650414706;0,145034103;-0,775673239;-0,114615923;0,303555552;0,572219941;0,047509185;0,533157882;0,008767561;0,58865152;-0,114633341;0,526153115;-0,11464739;-0,114650165;-0,695822366;-0,114633902;0,428987478;-0,124199405;-0,327345429;-0,114639964;-0,272775151;0,339329606;-0,114641881;-0,69310464;-0,11465201;0,232248112;0,069896091;-0,114638429;-0,114635902;-0,114617378;-0,197011063;0,340044798;-0,548620523;-0,280176059;-0,438912358;0,083804983;-0,421830973;-0,232053975;-0,701453875;-0,08901801;0,113146323;0,385292398;0,243756063;-0,279734273;-0,114648032;0,256468406;-0,114625443;-0,11464808;0,438509673;0,187262491;-0,654252272;-0,302312771;-0,470211747;-0,114619924;-0,114651892;-0,114614701;-0,74790972;-0,490442163;-0,114641485;-0,548707248;0,194556655;-0,23745514;-0,166828095;-0,11465096;0,151400827;-0,43780727;-0,114627318;-0,487637052;-0,084610301;0,172215266;-0,419788288;0,263890079;-0,362814753;0,241945677;-0,114647822;0,196199838;-0,114642189;-0,114638451;-0,114616325;-0,401202987;0,223821634;0,499554984;0,086060769;-0,337131556;0,541669876;0,372405023;0,468644189;-0,114649405;0,302023548;0,235122966;-0,305973416;-0,1146488;-0,114632308;0,508957183;-0,114625286;0,138831973;0,304350123;-0,11462307;0,109786787;-0,065712504;-0,114629416;-0,114614208;-0,114624014;-0,065327043;0,44073971;-0,114648743;-0,544331692;0,138571034;-0,7235971;0,462957369;-0,114633158;-0,129547046;0,288343216;0,191174595;0,534287867;-0,114622763;-0,460319215;-0,54342131;-0,51675531;-0,632502199;-0,317328005;0,23650033;-0,407464745;0,107131889;-0,562851355;-0,268282017;0,365810954;-0,114622038;-0,11463082;-0,36529138;0,390587044;0,428449256;-0,054192462;-0,11464367;-0,114623458;-0,114642527
-1,762890167;-0,098812284;0,372193913;-0,330336586;-0,408213653;-0,09880783;-0,098818992;-0,098821702;-0,098808623;-0,098816164;-0,098819284;-0,01461147;0,311823592;0,165702303;0,231629208;-0,098811791;-0,780667822;0,308750472;-0,288063349;-0,462333553;-0,09880995;-0,589926087;-0,710398757;-0,09881795;0,555788492;0,143245419;-0,098818513;-0,098818564;0,23103025;-0,098809336;-0,517991953;-0,475177086;-0,275180938;-0,098820682;-0,098818843;-0,313705142;-0,098810631;-0,479706264;-0,09882117;-0,098813092;0,056010747;-0,524379394;0,384408657;-0,333356834;-0,098810751;0,378153476;0,283176506;-0,098811935;0,585517526;-0,271217037;-0,098811894;-0,098817481;-0,098821408;0,300760393;-0,280107606;-0,394273192;-0,574167261;0,21767873;-0,098810996;0,116553114;-0,098818171;-0,098821662;0,177702115;0,233851459;0,351210362;-0,098811044;-0,449244264;0,334511876;-0,036812809;0,132671062;0,085382283;0,024877993;-0,286662121;-0,449612804;-0,046698149;0,260681487;-0,357554578;-0,098820863;-0,448176201;-0,098816436;0,238638639;0,152372737;0,176737338;-0,09881515;0,163406155;0,252545241;-0,098820685;0,542512527;-0,098812792;-0,098822099;-0,567318;0,346785384;-0,098810968;0,341436997;-0,220379259;-0,677856117;0,01353667;-0,588403508;-0,532884894;-0,53630103;-0,098819358;0,363767696;0,278276063;-0,626134772;-0,431048558;0,147233808;-0,098817933;0,123835568;0,457787106;-0,379331919;0,406436274;-0,098817158;-0,326064516;-0,465648001;-0,634981108;-0,015181122;-0,098809951;0,264752335;-0,328505646;-0,098817702;0,441708986;-0,098819651;-0,474814686;-0,098816326;0,327474976;-0,098821455;0,332031091;0,249431631;0,103989714;-0,098808672;0,353877449;0,51560921;0,298743174;0,098260851;0,433832478;0,404220762;-0,098815017;-0,314199584;-0,098820158;-0,098821274;-0,213116222;-0,0988153;-0,476537875;0,502252534;0,193520239;-0,09881746;0,105975544;-0,466140084;-0,09881815;0,215810702;-0,098821879;0,225319466;-0,372924049;-0,098816874;-0,098815943;-0,098809196;-0,392235804;-0,387642546;0,15034551;-0,424099421;-0,831856207;-0,282707495;0,184602215;0,257925998;0,488801432;0,082947521;0,585275318;-0,15742099;-0,12817375;-0,348347561;-0,098820532;0,188058355;-0,098812149;-0,098820406;-0,523697468;-0,421646218;-0,562949664;-0,745802932;0,269263674;-0,098810129;-0,098821905;-0,098808273;0,212661006;0,148569244;-0,09881815;0,046764913;0,331168572;-0,556167054;0,489803571;-0,098821489;-0,468962898;-0,405295992;-0,098812935;-0,384321646;-0,554711916;-0,39807984;0,312115944;0,371719637;0,295930922;-0,067847904;-0,098820352;-0,425596424;-0,098818243;-0,098816908;-0,098808842;-0,517983696;0,274269231;-0,219271528;0,131282182;0,34138724;-0,642507511;0,369941823;-0,170903806;-0,098820933;-0,512456675;-0,268067918;-0,401432727;-0,098820695;-0,098814675;-0,248836701;-0,098812084;-0,36586008;-0,193996111;-0,09881127;-0,535010717;0,134679752;-0,098813563;-0,098808088;-0,09881162;0,494214067;0,356220028;-0,098820711;0,217879375;0,514074019;0,280336329;-0,417751033;-0,098814981;0,377019808;0,210746386;0,334561987;-0,233580344;-0,098811194;0,129758688;-0,32219711;0,486231388;-0,52225474;-0,372026111;-0,582814733;0,257336922;0,265585351;-0,260559722;-0,460650092;0,406304769;-0,098811082;-0,098814084;-0,293813925;-0,480702975;0,314378013;0,397895166;-0,098818988;-0,098811435;-0,0988184
-1,750754598;-0,102682568;0,475515106;-0,563563761;-0,360720267;-0,102679653;-0,102687039;-0,10268889;-0,102680107;-0,102685129;-0,102687218;-0,60800629;0,049216382;-0,420474854;-0,401420599;-0,102681815;0,079036264;-0,430987269;0,131020215;-0,459493609;-0,102680982;0,454908508;-0,522253542;-0,102686354;-0,288727404;0,137530537;-0,102686709;-0,102686762;0,189620304;-0,102680602;0,214521013;0,0636705;-0,128129409;-0,102688174;-0,102686908;-0,226039612;-0,102681474;0,398795581;-0,102688515;-0,102683092;-0,425498642;0,273736407;0,02340112;-0,487325719;-0,102681536;-0,461261485;0,37329358;-0,102682325;-0,345016288;0,747594099;-0,102682325;-0,102686056;-0,102688689;-0,386928896;0,216006626;-0,597619777;-0,379801673;0,256853152;-0,102681707;0,149415535;-0,102686421;-0,102688961;-0,464426993;-0,454972693;-0,285408831;-0,102681746;-0,533889128;-0,443484668;0,489166639;0,144818384;-0,661754557;-0,194301785;0,265408891;0,361357741;-0,001642318;0,209262927;0,338654837;-0,102688299;-0,400756593;-0,102685368;0,084523785;0,302147119;0,188042604;-0,102684458;-0,029471301;-0,017402856;-0,102688174;0,301980047;-0,102682894;-0,102689165;0,190037929;-0,644859275;-0,102681691;0,174463344;0,417267459;-0,309450061;0,068467201;0,276620372;-0,38862561;-0,339863062;-0,102687307;0,376066993;0,040876183;0,456445103;-0,630112466;-0,762385507;-0,102686318;0,055870287;-0,015972861;-0,246545386;0,352665612;-0,102685686;-0,137728331;0,369182845;-0,578785313;-0,518167663;-0,102681023;-0,388421732;-0,581734218;-0,102686318;0,162407367;-0,102687477;-0,342324592;-0,102685243;-0,431794425;-0,102688684;0,331020165;0,072069151;-0,387207419;-0,102680172;0,147957463;-0,449976208;0,362528438;0,265885408;0,266651723;-0,252995686;-0,102684388;0,25276047;-0,102687858;-0,10268847;-0,110378071;-0,102684541;-0,426967684;-0,291946647;0,168387433;-0,102686022;0,473037009;-0,463840996;-0,102686515;0,155413535;-0,10268901;0,267153568;0,391735484;-0,102685648;-0,102685018;-0,102680522;0,407582207;0,216335822;-0,613406998;-0,196900015;-0,550191129;0,216593435;-0,348432104;-0,564754557;-0,421375721;0,150061877;-0,151290371;0,462639774;-0,401282968;0,598531052;-0,102688117;0,019142344;-0,102682456;-0,102688009;0,468382354;-0,353958502;-0,551699592;0,080397679;-0,72835977;-0,102681119;-0,102689009;-0,102679813;0,156199529;0,396180343;-0,10268648;0,1271487;-0,380663772;0,383468454;0,203018479;-0,10268874;-0,650533431;0,509635223;-0,10268301;-0,031047196;0,274249667;-0,259916477;0,389621819;0,255692919;0,298662723;-0,095714991;-0,102687959;-0,422697031;-0,102686599;-0,102685654;-0,10268029;0,22516152;-0,186518065;-0,425888237;0,161676263;0,282204927;-0,483477008;0,17572091;-0,454814059;-0,102688354;-0,213817635;-0,194108774;0,376243984;-0,102688178;-0,102684161;0,364592111;-0,102682398;0,687953813;-0,195647635;-0,102681911;0,315220146;0,17628904;-0,10268343;-0,102679759;-0,10268211;-0,552633564;-0,538647437;-0,102688194;-0,210209771;-0,37637475;0,188188027;0,274912559;-0,102684341;0,251268826;0,187242208;-0,617245385;0,462676236;-0,102681811;0,205850247;0,236209454;0,324403789;-0,595442852;0,425552472;0,172556967;0,363710075;0,193073353;0,351355986;-0,269261237;-0,42455231;-0,102681819;-0,102683807;0,371991013;-0,247317113;0,301821909;-0,423410531;-0,102686959;-0,102682;-0,102686603
-1,514329539;-0,094031498;-0,328420808;-0,624517159;-0,381045842;-0,094025438;-0,094041219;-0,094044996;-0,09402658;-0,094037218;-0,094041478;-0,552944098;0,319291604;-0,060551672;-0,450335936;-0,094030718;0,069167457;0,291159831;-0,312916865;0,366478055;-0,094028413;-0,030929147;-0,454292125;-0,094039786;0,161179073;-0,492713961;-0,094040414;-0,09404062;0,377309901;-0,094027627;0,211838507;-0,424107943;-0,220148347;-0,094043498;-0,094040923;-0,498209062;-0,094029435;0,114530316;-0,094044294;-0,094032934;0,426907525;-0,586246144;0,200087171;-0,420835766;-0,094029565;0,42394368;-0,014994487;-0,094031325;0,44003256;-0,239960357;-0,0940312;-0,094039161;-0,09404464;0,140105931;-0,004165455;0,444783128;-0,105813844;-0,576763077;-0,094029943;-0,429603431;-0,094039555;-0,094044892;-0,576586909;0,349879304;0,261095016;-0,094029969;0,35612633;0,025845455;0,408822613;0,134314791;-0,56436551;0,39428931;-0,401001109;-0,464462764;-0,650274581;-0,087566408;-0,423419391;-0,094043893;-0,708210749;-0,094037533;-0,45689281;-0,47428589;-0,595554645;-0,094035821;0,109909652;0,363069778;-0,094043602;-0,41155832;-0,094032486;-0,09404565;0,186324884;-0,426338016;-0,094029907;-0,563557617;0,186085952;0,397836549;0,350134339;0,005756905;0,2331917;0,269654227;-0,094041765;0,133514545;-0,128790709;-0,443724822;0,231101438;-0,55233364;-0,094039735;-0,019354896;0,203884949;0,317397797;0,367829331;-0,0940385;0,126965646;0,475896488;-0,303140567;0,361430206;-0,094028456;0,369420165;-0,028140665;-0,094038886;0,506936797;-0,094042009;0,243849896;-0,094037318;0,412961394;-0,09404468;-0,489195503;0,341138394;-0,443051569;-0,094026646;0,118728134;0,112337986;0,270113954;0,47661605;-0,53282864;0,586054389;-0,094035648;0,194143143;-0,094042886;-0,094044356;-0,24103394;-0,094035997;-0,349819371;0,479861381;-0,469532029;-0,094039055;-0,420818688;0,274351558;-0,09404004;-0,427630593;-0,094045306;0,297077738;0,030519591;-0,094038236;-0,094036989;-0,0940274;0,368959259;-0,281763306;0,120796274;0,441021097;0,118269058;0,341459478;0,168294722;0,207257768;-0,286138117;0,244605809;-0,36250839;-0,359083124;-0,075895509;0,156707553;-0,094043335;-0,005222169;-0,094031566;-0,09404328;0,35622611;0,281450684;-0,640787285;0,253026066;-0,412971858;-0,094028683;-0,094045196;-0,094026063;-0,594121599;-0,41248023;-0,094039826;-0,132803811;0,255816885;0,301108091;-0,586741447;-0,094044755;0,189020957;0,090270568;-0,09403255;-0,440259429;-0,399129975;-0,350811954;0,166396171;0,350235238;0,335164068;0,062733834;-0,094043136;0,232110238;-0,094040217;-0,094038255;-0,094026867;0,143518407;-0,288934654;-0,203003056;0,2006128;0,28746947;-0,218284347;0,334990262;0,161082447;-0,094043936;-0,472734799;-0,354145868;-0,592119052;-0,094043679;-0,094035095;-0,043316273;-0,094031474;-0,465087285;-0,158784337;-0,094030312;-0,294395694;-0,045548575;-0,094033577;-0,094025765;-0,094030848;0,352161061;-0,413734068;-0,0940436;-0,002907523;-0,235668886;0,256802327;-0,216273894;-0,094035541;0,175837687;0,314436916;-0,468033131;-0,36102324;-0,094030175;-0,125891666;-0,37036501;-0,432237056;0,380467141;-0,031976917;-0,33912576;-0,521512374;0,016204007;-0,278311112;-0,363007833;-0,279611851;-0,094029874;-0,094034309;-0,40125765;-0,365068296;0,199015286;0,304730745;-0,094041041;-0,094030532;-0,094040394
-1,512815201;-0,095015822;-0,306949446;0,185079048;-0,215317792;-0,09500898;-0,095026801;-0,095031027;-0,095010212;-0,095022279;-0,095027119;0,182754655;-0,53276249;-0,170621098;-0,587220956;-0,095014549;0,26836737;0,298762397;0,462210216;-0,512800453;-0,09501235;-0,55816478;-0,271234972;-0,095025144;0,366606697;-0,005330572;-0,095025834;-0,095026087;0,207440592;-0,095011308;-0,004954196;0,459324068;0,356303831;-0,095029206;-0,095026366;0,403149254;-0,095013457;-0,387076423;-0,095030233;-0,095017416;0,395855098;0,403889947;-0,741410733;0,188327981;-0,095013609;0,255253923;0,107384344;-0,095015593;0,114292657;0,359813068;-0,095015518;-0,095024311;-0,095030611;-0,300770116;0,185208053;0,348656322;0,247770793;-0,323773131;-0,095014031;-0,727825582;-0,095024971;-0,095030752;-0,022444716;-0,299199447;-0,543894668;-0,09501406;-0,106126537;0,193245392;0,327736233;-0,706626903;0,006200134;0,275262636;-0,427919034;-0,059538142;0,187849948;-0,48574166;-0,513284431;-0,095029772;0,373545039;-0,09502263;-0,466500771;0,099766823;-0,286771421;-0,09502067;0,360036033;-0,310546087;-0,09502945;0,27364016;-0,095016878;-0,095031742;-0,462092263;0,469465909;-0,095013972;-0,701591409;0,0401815;-0,368817145;0,033189073;-0,625119191;0,167002231;0,20473232;-0,095027376;0,276651536;-0,67819306;-0,379303911;0,236265982;0,339491314;-0,095025117;-0,218598878;0,413242045;0,014123705;0,239154354;-0,095023724;0,411341562;-0,489230811;-0,375917647;0,402022557;-0,095012375;0,234087912;0,185255292;-0,09502448;-0,43443403;-0,095027619;0,216644664;-0,095022414;0,346147127;-0,095030688;0,242337623;0,174926858;0,349013918;-0,095010311;-0,154189686;-0,261363345;0,294173957;0,315446479;-0,575356227;-0,017560303;-0,095020479;0,419613491;-0,095028662;-0,095030396;-0,188063348;-0,095020851;-0,139418832;0,421033596;-0,519973289;-0,09502434;-0,05520028;0,24300114;-0,095025473;-0,303080807;-0,095031335;-0,332285212;-0,221322285;-0,0950234;-0,095021974;-0,095011182;-0,527664974;-0,216350428;0,054979061;-0,33613142;-0,261979454;0,033531287;-0,355040727;0,21679845;-0,52665201;0,165544842;0,12915223;-0,299388751;-0,375464473;0,522000931;-0,095029111;0,058187437;-0,095015885;-0,09502907;0,054083267;0,238466839;-0,406434133;-0,120725267;-0,26784761;-0,095012624;-0,095031271;-0,095009546;-0,55722059;-0,39197715;-0,095025145;0,121768127;-0,511298144;-0,054691602;0,035649498;-0,095030779;-0,252080252;0,247201558;-0,095016943;-0,289870508;-0,309949302;0,36882203;0,26169479;-0,569388715;0,320140257;0,146209795;-0,095028942;-0,666624173;-0,095025696;-0,095023456;-0,095010545;-0,114063674;-0,555547155;0,412586224;0,22638155;-0,177001807;0,113538852;0,328815754;-0,23300527;-0,095029848;-0,324137533;-0,442499187;0,529423657;-0,095029499;-0,095019889;0,342650511;-0,095015754;-0,42357884;0,220155687;-0,095014472;-0,353232722;0,103394389;-0,095018157;-0,09500934;-0,095015042;0,328526413;0,420053048;-0,095029444;-0,155212875;-0,261187461;-0,543077881;-0,142534652;-0,095020352;-0,002977917;0,241452109;0,22012224;-0,390588278;-0,095014323;0,346782734;0,584124681;0,384842872;0,275696327;-0,300393989;-0,37285907;-0,362584165;0,160927169;-0,483171434;-0,341804576;0,246468925;-0,095013983;-0,095018989;0,388655791;0,359321407;0,277404401;0,517473867;-0,095026548;-0,095014693;-0,095025836
-1,522917586;-0,090023511;-0,636146209;-0,103650223;0,192954533;-0,090024875;-0,090020756;-0,09001993;-0,090024552;-0,090021705;-0,090020837;-0,00179113;0,392677367;-0,526317188;-0,286034403;-0,090022747;-0,672165188;0,202680037;-0,357750451;-0,18081805;-0,090024069;-0,36839339;0,375468392;-0,090021117;-0,577511324;-0,586097391;-0,090021059;-0,090020881;-0,324412125;-0,090024521;0,06168782;-0,160041588;-0,563823674;-0,090020376;-0,090020913;-0,359485032;-0,090023772;0,334993164;-0,090020051;-0,09002286;-0,319049905;-0,394144309;0,051359381;-0,404435067;-0,090023712;-0,307863545;0,294296103;-0,090023316;-0,317695089;0,058708789;-0,09002332;-0,090021462;-0,090019941;0,303798461;-0,223527735;-0,048494942;-0,224606212;-0,541884735;-0,090023691;0,287670041;-0,090021367;-0,090020041;0,183364183;0,230220548;0,271591073;-0,090023638;-0,672891419;0,322931674;0,247937062;0,089127883;0,503898772;0,31452649;-0,453199362;-0,212217621;-0,039883583;0,520317367;0,342724357;-0,090020138;-0,582402502;-0,090021669;0,303756347;0,185383848;-0,420235849;-0,090022118;0,023699016;-0,512864965;-0,090020173;0,271463553;-0,090023013;-0,090019669;0,067932499;0,246731607;-0,090023645;0,426295523;0,208529205;0,200379384;0,069971164;-0,114669697;-0,655533166;-0,648509002;-0,090020611;0,01820237;0,265899529;0,213477111;0,217195784;-0,74856664;-0,090021142;-0,808430323;0,269507526;-0,222485047;0,111166303;-0,090021517;0,025305509;0,255167232;-0,578342622;-0,27646035;-0,090024076;-0,591901229;-0,234894805;-0,09002172;-0,291695821;-0,09002067;-0,194808226;-0,090021907;-0,61332412;-0,090019908;0,175892341;0,03914775;0,072444003;-0,09002453;0,149041819;-0,519483143;0,332010527;0,218051037;-0,388497512;0,203350068;-0,090022183;-0,410412428;-0,090020384;-0,090020095;0,548335227;-0,090022233;-0,489591508;0,364445989;0,068385724;-0,09002127;0,342795192;-0,184792378;-0,090021067;0,224173348;-0,090019777;0,231322002;-0,106008061;-0,090021489;-0,090021867;-0,090024338;-0,105665718;0,569609722;0,196291908;0,477962597;0,077652906;0,2381897;0,131194764;0,273991252;0,640180136;-0,613465731;-0,372236046;-0,246229825;-0,111794517;0,457159972;-0,090020466;-0,521195685;-0,090023214;-0,090020293;-0,098966719;-0,44668691;0,008424072;0,056722505;0,077178924;-0,09002395;-0,090019874;-0,090024603;-0,021764493;0,125511215;-0,090021342;0,192137173;0,363673978;-0,603800302;-0,41428055;-0,09001989;-0,36450491;0,290153399;-0,090023037;0,182924101;-0,326470364;-0,290474681;-0,065360228;-0,199133681;0,225764215;-0,662215466;-0,090020323;-0,508122751;-0,090021114;-0,090021504;-0,090024516;0,1594631;0,351613384;-0,253592705;-0,342936559;0,201815697;0,503152158;-0,308757617;-0,308333693;-0,090020087;-0,082940228;0,648207532;0,103537718;-0,090020183;-0,090022308;-0,044335815;-0,09002323;0,4829563;-0,4276196;-0,090023548;-0,424392688;-0,607842694;-0,09002264;-0,0900248;-0,09002343;-0,525562826;0,394284352;-0,090020213;0,222430698;0,311533628;-0,276722789;0,470888432;-0,090022195;-0,44245179;0,174115306;0,021388892;-0,40613971;-0,09002359;-0,489019701;0,337332388;0,314969226;0,278784058;0,296444203;-0,320883513;0,451241902;-0,520053806;-0,150211925;0,433901327;-0,370087018;-0,090023915;-0,090022509;0,351779939;-0,169142927;-0,463295675;0,07495114;-0,090020964;-0,09002353;-0,090020951
-1,615421607;-0,109453311;0,238009763;-0,534511748;-0,480452229;-0,109452758;-0,109453953;-0,109454401;-0,109452826;-0,109453611;-0,109454092;0,102909862;0,365356695;0,099325535;0,056187054;-0,109453135;0,255232642;-0,524487777;-0,633074161;0,269849623;-0,109452945;-0,534523157;0,424376303;-0,109453821;-0,469873313;-0,053113834;-0,109453979;-0,10945387;0,282646788;-0,10945299;0,352382764;-0,138165552;-0,252574618;-0,109454329;-0,109454028;-0,224125513;-0,109452996;-0,445252959;-0,109454224;-0,10945324;0,529239469;0,040516286;-0,052219261;-0,526705821;-0,109453015;-0,537254593;-0,830976066;-0,109453151;-0,393286171;-0,407444024;-0,109453151;-0,109453834;-0,109454265;0,306528265;-0,521443472;-0,752027176;-0,207835358;-0,551647112;-0,109453055;-0,003631693;-0,109454097;-0,109454439;-0,462318983;0,375672653;-0,567534792;-0,109453047;-0,543100009;0,354692776;0,461858232;-0,071191968;0,394737021;0,506136068;-0,64590559;-0,492884324;-0,038654262;0,415221403;-0,406067517;-0,109454211;-0,446959909;-0,109453654;0,409350055;0,251621606;-0,259570583;-0,109453477;-0,053052009;0,281303778;-0,109454154;-0,489443577;-0,109453242;-0,109454361;-0,709664657;0,338641326;-0,109453045;-0,791454344;0,373772777;0,447776424;-0,023012204;-0,155651577;-0,381268695;0,161140296;-0,109453983;0,023073338;-0,026684882;0,348407005;-0,62266817;0,194296046;-0,109453786;0,267026557;-0,554569267;-0,090889276;0,170149252;-0,109453764;0,329585692;0,613839771;0,22119983;-0,582454303;-0,109452937;-0,627070959;-0,330675136;-0,109454091;0,095406294;-0,109454197;-0,250864527;-0,109453782;0,43485696;-0,109454247;0,173912168;0,071479937;0,187317838;-0,109452839;0,123552729;-0,611193879;0,484302264;0,312130474;-0,767010536;0,452119085;-0,10945346;0,299977186;-0,109454109;-0,109454283;-0,374004782;-0,109453619;-0,153948623;-0,593433285;0,079372524;-0,109453746;0,394590793;-0,444655785;-0,109453818;0,188243553;-0,109454311;0,193995896;-0,288036743;-0,109453674;-0,109453575;-0,109452859;-0,478520493;-0,447413736;0,364887181;0,428094505;0,489065129;-0,460165996;0,325204556;0,386294457;-0,36489653;0,299370377;-0,677537346;-0,414205017;-0,218357921;-0,485570348;-0,109454294;0,000634525;-0,109453163;-0,109454125;-0,107147429;-0,114326005;-0,466977672;0,328876159;0,185212359;-0,109452947;-0,109454391;-0,10945278;-0,064815612;0,23561664;-0,109454004;0,002746721;-0,442086711;0,50479025;-0,629651946;-0,109454271;-0,196627348;-0,463712537;-0,109453365;-0,492153508;0,383047002;-0,133812596;0,102906614;0,532005584;0,024723952;-0,133837906;-0,109454103;-0,376754933;-0,109453848;-0,109453699;-0,109452822;0,314305785;0,183358231;-0,460627727;0,361012917;0,043717111;0,538485957;0,182512306;0,076479912;-0,109454185;-0,067516693;-0,131269883;0,216180177;-0,109454161;-0,109453452;-0,149171624;-0,109453148;-0,246682911;-0,094893079;-0,109453078;0,505196024;0,322742256;-0,109453315;-0,109452742;-0,109453106;-0,608217564;0,367849854;-0,109454188;0,426660754;-0,642547747;0,335243414;0,366114046;-0,10945348;0,218832814;0,073876577;-0,821607152;-0,203970502;-0,109453039;0,450026722;0,28937589;-0,605831366;-0,476291158;-0,325574504;0,482658194;0,37867765;-0,727702541;-0,181877832;0,390172461;-0,344638595;-0,109453193;-0,10945339;-0,138061277;-0,153164891;0,25458774;0,293080981;-0,109454063;-0,109453103;-0,109453858
-1,585212403;-0,089784667;0,170118749;0,201064353;0,180725175;-0,089777155;-0,089796817;-0,08980154;-0,089778552;-0,089791862;-0,089797057;-0,168953683;0,427673241;0,128937249;-0,388804095;-0,089783693;0,420501378;-0,13044561;0,424631294;0,133262345;-0,089780884;-0,270304949;0,053543069;-0,089795033;0,0625652;0,04213397;-0,08979581;-0,089796079;-0,762612806;-0,08977984;-0,433961796;-0,386285248;0,489113667;-0,089799643;-0,089796464;0,362012083;-0,089782101;0,385044393;-0,089800622;-0,089786498;-0,190444084;0,312412365;-0,890966429;0,114843561;-0,089782275;-0,627824875;-0,507111753;-0,089784479;-0,281585;-0,148769346;-0,089784369;-0,089794251;-0,089801048;0,257864268;0,56631154;0,542963328;0,418233737;0,56823855;-0,089782778;-0,286232628;-0,089794767;-0,089801651;-0,014213212;-0,670901102;0,357536251;-0,089782807;-0,441523342;0,385205561;-0,438092896;-0,524734564;0,036971615;-0,210281138;0,100640406;-0,062079541;0,2409105;-0,492685052;-0,334223216;-0,089800152;0,003349096;-0,089792251;0,315632108;0,078914128;-0,418594866;-0,089790081;0,360263307;0,467679403;-0,089799778;-0,384648059;-0,089785885;-0,089802332;0,058003822;-0,081092182;-0,089782697;0,363208168;-0,513331373;-0,382953796;-0,762524734;0,224002357;0,636761476;0,263874279;-0,089797526;0,053061015;0,376824043;0,306359779;-0,570665116;-0,420515195;-0,08979498;-0,466245594;-0,677468368;0,125636057;-0,578448766;-0,089793564;0,005581245;-0,36312919;0,027525684;0,4889982;-0,089780913;0,293060583;0,19568021;-0,089794326;-0,300115296;-0,089797854;-0,169001217;-0,089791833;-0,500818912;-0,089801127;-0,718060958;-0,289642092;0,310427196;-0,089778651;-0,371062807;-0,38576878;-0,192399112;-0,550812778;0,260248745;-0,196199374;-0,089789882;-0,589111063;-0,089798907;-0,089800738;0,22428927;-0,089790277;0,261024984;-0,199268684;-0,310224216;-0,089794154;-0,298147411;-0,212282286;-0,089795374;0,304405645;-0,089801878;-0,390303876;-0,304965363;-0,08979314;-0,089791515;-0,089779601;0,101269801;0,319242888;-0,461813975;-0,351775983;0,285562686;-0,127488795;-0,240380185;-0,495047777;-0,469152351;-0,21486132;0,375373692;0,628723767;0,403648819;-0,384418016;-0,089799328;-0,856069313;-0,089784795;-0,089799342;0,038012948;0,441259626;0,110535102;0,468831236;0,407000601;-0,089781265;-0,089801846;-0,089777894;-0,190330382;-0,567564205;-0,089795053;-0,328633299;0,414980108;-0,217571343;-0,835627023;-0,089801219;0,427347322;0,023545896;-0,089785975;0,081972822;0,651279843;0,259546804;-0,322834948;-0,24628927;-0,216168016;0,290369585;-0,089799196;0,003170225;-0,089795539;-0,089793146;-0,089778922;0,023257063;0,490357583;0,656766731;-0,642366921;-0,364990834;0,229281747;-0,728416678;0,024010627;-0,089800215;0,35058314;0,591808171;0,115758444;-0,089799836;-0,089789193;-0,214469044;-0,089784681;-0,601336228;-0,362613349;-0,08978325;0,415490023;-0,384795377;-0,089787331;-0,089777548;-0,089783888;-0,668648778;-0,020402216;-0,089799779;-0,345973713;0,041909137;-0,369040463;-0,112803414;-0,089789773;0,168691631;-0,504050508;0,108322622;0,632811242;-0,089783059;-0,459037793;-0,158895908;-0,531499029;-0,311577604;-0,38374402;-0,043922791;0,177445948;-0,044490607;-0,403347154;0,480987276;-0,390471274;-0,089782652;-0,089788257;-0,198099445;0,409676433;0,266303111;0,01124709;-0,08979661;-0,089783472;-0,089795773
-1,468681294;-0,090970136;0,469251525;0,012223259;-0,446166197;-0,090970365;-0,090969417;-0,090969344;-0,090970325;-0,090969625;-0,090969581;-0,667868908;0,140555359;-0,0273672;-0,332183401;-0,090970445;0,154640154;0,317731982;-0,463260108;-0,340340512;-0,090970146;-0,216096828;0,391911092;-0,090969479;0,412498413;-0,520173936;-0,090969608;-0,090969433;-0,402588562;-0,090970357;0,256672372;-0,360817181;0,636388768;-0,090969434;-0,090969559;0,542865209;-0,090970147;-0,623393619;-0,090969279;-0,090969878;0,063250305;-0,004196908;0,188909731;0,268370455;-0,090970157;-0,498002411;-0,670628901;-0,090969974;0,576552747;0,109275621;-0,090970012;-0,090969474;-0,090969249;0,215693907;-0,379959106;0,071841613;-0,212559077;-0,564362961;-0,090970057;-0,656328599;-0,090969579;-0,090969558;0,201830657;-0,441135812;0,164186257;-0,090970078;0,389657421;0,535115329;-0,004105671;-0,683630913;-0,589404066;0,305846039;-0,442697827;-0,455662769;-0,218827538;-0,422267773;-0,127982553;-0,090969272;-0,037126788;-0,090969569;-0,058106301;-0,45002566;-0,593088398;-0,090969737;-0,065416099;0,322986203;-0,090969279;0,352233619;-0,090969897;-0,090969211;0,13249253;0,26100589;-0,090970076;0,153778663;0,248334961;0,285450446;-0,122642804;-0,618043944;-0,009293033;-0,382193465;-0,090969391;-0,010771558;0,099980705;0,363606096;0,146106206;-0,292516061;-0,09096946;0,121101494;-0,482433725;-0,027367345;0,201917041;-0,090969693;0,214410221;0,329081955;0,292539594;-0,365267257;-0,090970136;0,354031414;-0,138793207;-0,090969968;-0,335884133;-0,090969534;-0,389353523;-0,090969711;-0,103187985;-0,090969215;0,11542102;-0,074233642;0,288039218;-0,090970323;-0,267153498;0,357473941;-0,337477527;-0,022396106;-0,363131125;-0,003547089;-0,090969715;-0,522599713;-0,090969313;-0,090969241;0,326089771;-0,090969787;-0,188637272;0,408897742;0,372329242;-0,09096955;-0,333649129;0,0618439;-0,090969452;-0,016034841;-0,090969232;-0,569085204;-0,247297473;-0,090969524;-0,090969617;-0,090970251;0,233776514;-0,491752945;0,304417924;-0,439120399;0,302672891;-0,565850675;-0,314141325;0,199165861;0,193204777;0,279465465;0,179805201;-0,248697481;-0,214962659;-0,460158892;-0,090969488;-0,120145183;-0,090969993;-0,090969275;-0,307096013;0,353796043;-0,074566296;0,073450879;0,263704858;-0,090970188;-0,090969337;-0,090970408;-0,02709858;0,30083765;-0,090969513;-0,090901759;0,373000406;0,489989582;0,321190503;-0,090969233;-0,376600427;0,181983464;-0,090970104;0,270645099;0,404594281;0,378833433;0,024541495;-0,421272732;-0,111662233;0,331733663;-0,090969305;-0,037866065;-0,090969556;-0,090969563;-0,090970249;0,091263431;0,252959263;-0,380682911;-0,542558922;0,100507206;0,289550065;-0,68222253;-0,34068041;-0,090969275;-0,587527547;-0,4597771;0,197277897;-0,090969309;-0,090969757;-0,266113748;-0,090969972;-0,409677351;-0,129857839;-0,09097004;-0,458834912;0,458528685;-0,090969873;-0,090970362;-0,09097;-0,485607291;0,048054852;-0,090969261;0,295263844;0,213136316;-0,44050187;-0,034948451;-0,090969738;0,226788824;-0,677858062;-0,136410845;-0,313094108;-0,090970031;0,289593482;0,120552896;0,23949789;0,275078136;0,376324257;-0,348510993;0,292486204;0,094900183;-0,223861963;0,41887578;0,410264155;-0,090970275;-0,090969785;-0,111284162;-0,269619811;0,04142152;0,121263465;-0,090969629;-0,090970013;-0,09096948
-1,55764391;-0,095244913;0,131434973;-0,621289366;-0,335883741;-0,095244092;-0,095245837;-0,095246378;-0,095244199;-0,095245387;-0,095246004;0,225630563;0,156354953;0,316889468;0,300478762;-0,095244031;-0,022377236;-0,245598194;0,271272652;-0,337606531;-0,095244417;-0,192567871;0,176669261;-0,095245699;-0,188088437;0,047827309;-0,095245842;-0,09524576;0,276668143;-0,095244371;0,111713054;-0,40738442;-0,398943268;-0,095246273;-0,095245892;-0,054597024;-0,095244477;-0,408864552;-0,095246228;-0,095244848;-0,349368824;-0,557682938;0,031762786;0,447072762;-0,095244498;-0,205673673;-0,275130582;-0,095244687;-0,163011349;0,614654121;-0,095244701;-0,095245647;-0,095246249;0,289430731;0,424375872;0,200607027;-0,297059088;-0,429298004;-0,095244553;0,126157434;-0,095245693;-0,095246679;-0,574523687;-0,419449952;-0,404427336;-0,095244569;-0,214624971;0,507034853;-0,472805856;0,146220015;0,248662122;-0,302330158;0,345731461;0,215948358;0,151076071;0,230515753;-0,518143269;-0,095246201;-0,591258406;-0,095245437;0,139549082;0,300042773;-0,599865343;-0,095245199;0,155024184;-0,429114641;-0,095246146;0,125327733;-0,095244845;-0,095246398;0,13808176;0,287817088;-0,095244558;-0,674451748;0,211412575;-0,385062488;0,22203069;0,153215109;-0,546370813;0,256596309;-0,095245926;0,027167204;-0,039752377;-0,475514633;0,339265298;0,17715952;-0,095245647;-0,532540086;0,377019332;-0,396459528;0,102779511;-0,095245596;0,17404116;0,124986813;0,271020337;0,396537194;-0,095244394;-0,396661337;-0,480716855;-0,095246077;0,45699316;-0,095246065;-0,226028144;-0,095245424;0,333511409;-0,095246262;0,082553014;0,127673903;0,274152633;-0,09524422;0,318428017;-0,429595527;-0,475952423;-0,528234976;-0,448819344;0,540519486;-0,095245191;0,159519507;-0,09524606;-0,095246273;-0,283253386;-0,095245328;-0,323548221;-0,135543291;0,21327371;-0,095245598;-0,412805786;-0,098231087;-0,09524572;0,226316328;-0,095246344;0,170410957;-0,373829016;-0,095245524;-0,095245355;-0,095244275;0,176627727;0,331370055;-0,59815799;-0,240452812;-0,593472327;0,209734828;-0,631865056;-0,494642977;-0,146132793;-0,43039734;0,342634513;0,43135549;-0,229561604;0,520383668;-0,09524628;-0,190282443;-0,095244752;-0,095246073;-0,321612039;-0,598241713;-0,397673993;-0,023257738;0,329889007;-0,095244434;-0,095246386;-0,095244077;0,207153224;-0,167465564;-0,095245881;0,423684103;-0,255601508;-0,409647111;-0,417380812;-0,095246278;0,308742574;0,31577079;-0,095244979;0,340591028;0,21853196;-0,300067789;0,097528391;-0,288589037;0,410252873;-0,190378845;-0,095246076;0,119788179;-0,095245795;-0,095245491;-0,095244237;0,022430242;0,134050687;0,362535684;-0,444579617;0,456005827;0,279908762;0,069931639;-0,575786254;-0,095246173;-0,524421926;0,21045728;0,07911612;-0,095246137;-0,095245138;-0,301780271;-0,0952447;-0,41768515;-0,23619653;-0,095244575;0,101774234;-0,482913486;-0,095244957;-0,095244129;-0,095244644;-0,170904301;0,400516341;-0,095246149;-0,484388147;0,436269964;-0,535226349;0,183716087;-0,095245179;0,278794321;0,162024047;-0,296326031;0,39144903;-0,095244599;-0,435042102;0,312441504;-0,322624505;-0,198195819;-0,42368133;0,250319468;0,131926738;-0,625638459;-0,197687039;0,250685952;-0,366627031;-0,095244683;-0,095245046;-0,452816972;-0,249900302;0,243700322;0,251230281;-0,095245946;-0,095244627;-0,095245727
-1,189697483;-0,079127861;-0,444285053;0,124750705;0,343918236;-0,079122904;-0,079135914;-0,07913906;-0,079123814;-0,079132593;-0,07913604;-0,529691994;0,213309233;0,042178177;-0,495528156;-0,079127378;0,022630693;-0,395784391;-0,385595996;0,29692225;-0,079125339;-0,133401737;0,305910488;-0,079134746;0,278229934;-0,530456585;-0,079135238;-0,079135423;-0,410325391;-0,079124724;0,234055852;-0,228410337;-0,149526659;-0,079137745;-0,079135673;-0,417063446;-0,079126177;0,116828734;-0,079138445;-0,079129045;-0,318243229;0,322030739;0,28559216;-0,355213768;-0,0791263;-0,388258202;0,231517143;-0,079127745;-0,372149269;-0,145306523;-0,079127671;-0,079134258;-0,079138731;0,127120942;-0,105348373;-0,568494948;-0,214648495;0,239562555;-0,079126602;-0,455866114;-0,079134647;-0,079138861;-0,393869911;-0,292287087;0,189592923;-0,079126637;-0,489828395;0,420141734;-0,44489888;-0,468719673;0,312266155;-0,367299906;-0,096587435;-0,43061445;-0,543925858;0,230294176;-0,273750367;-0,079138117;0,007782093;-0,079132873;0,378304464;-0,443412547;-0,385656753;-0,07913142;0,141357512;0,195315629;-0,079137878;-0,33324913;-0,079128704;-0,079139573;0,10243255;-0,234476087;-0,079126551;-0,453373774;0,270587829;0,395593068;-0,537940921;0,026949521;0,164789804;0,177726872;-0,079136389;0,047847144;0,074364407;0,43189819;0,227679844;-0,40398857;-0,079134652;0,150265098;-0,354680595;-0,517018845;0,229308933;-0,079133712;0,141646278;0,315167056;-0,018651785;-0,399466023;-0,079125407;-0,366151462;-0,551404746;-0,079133809;0,067962594;-0,079136556;0,270994694;-0,079132627;-0,292861437;-0,079138767;-0,374151596;-0,49311358;0,146405542;-0,079123886;0,275717673;0,258636876;-0,513607284;-0,476062294;-0,492340021;-0,323965292;-0,079131312;-0,478438716;-0,079137323;-0,079138426;-0,221207956;-0,079131572;-0,361032484;-0,35658233;-0,365684118;-0,079134152;-0,329480382;0,411193814;-0,079134941;-0,35423242;-0,07913925;0,248575842;-0,176178261;-0,079133451;-0,079132422;-0,079124509;0,250575356;-0,014250658;0,179273438;0,421920339;0,239717174;-0,130199562;0,157875174;-0,456426202;-0,15912714;-0,456963536;-0,4529726;0,359981251;-0,290062242;0,149364897;-0,079137661;0,012162175;-0,079127929;-0,079137598;0,38061901;-0,552741876;0,215096553;0,116389666;-0,42298805;-0,079125585;-0,079139242;-0,079123354;0,337651835;0,319706102;-0,079134681;0,356581829;0,302698831;0,372660465;-0,390529755;-0,079138838;-0,504913467;0,106998198;-0,079128768;0,374800196;-0,325540891;-0,343147232;0,121225006;0,418776938;0,328465862;0,012961119;-0,079137479;0,057947048;-0,079135077;-0,079133492;-0,079124078;0,112693632;0,260794347;0,229657231;-0,452334004;0,302774873;-0,378950097;-0,501589523;0,115524863;-0,079138171;0,082982862;0,382189767;-0,432795871;-0,079137897;-0,079130886;-0,130207015;-0,079127844;0,451168222;-0,155917142;-0,079126933;0,260269822;0,218981369;-0,079129605;-0,079123181;-0,079127362;0,248461902;-0,166753538;-0,079137864;-0,130584449;-0,383129337;0,316404539;-0,305275815;-0,079131234;0,267995733;-0,466942903;-0,491257748;0,435048693;-0,079126784;-0,180425144;-0,276541339;-0,177521623;-0,274209692;0,366328701;0,400589828;0,343331734;0,151741352;-0,252478542;0,30670608;-0,198428141;-0,07912659;-0,079130228;-0,250748933;-0,298987559;0,167155601;-0,170740375;-0,079135761;-0,079127067;-0,079135213
-1,37602289;-0,091343984;0,181831508;0,264528099;0,281502482;-0,091338221;-0,091353037;-0,091356616;-0,091339251;-0,091349268;-0,091353243;-0,035608486;-0,541880278;0,218995439;0,245229338;-0,091342953;-0,586217909;-0,512104029;0,35504618;-0,386989545;-0,09134103;-0,361440745;0,059908313;-0,091351671;-0,324046407;0,151736289;-0,091352291;-0,091352481;-0,46788079;-0,091340272;-0,37342306;-0,267992063;-0,422572103;-0,091355215;-0,09135279;-0,19641498;-0,091341929;0,234804853;-0,091355906;-0,091345223;0,241267179;0,229125906;0,36270274;0,336733912;-0,091342043;-0,38343772;0,161809523;-0,091343719;-0,171538497;-0,205708056;-0,091343631;-0,091351091;-0,091356207;0,148299268;-0,346404222;-0,4175598;-0,495450378;0,269958961;-0,09134244;-0,04317895;-0,091351618;-0,091356779;0,059140288;0,301902621;0,223372164;-0,09134247;-0,246324762;0,251168597;0,281478089;-0,061678535;-0,00055614;-0,544955998;0,35510398;-0,480232237;0,046386524;0,073753265;-0,270222284;-0,091355563;0,309492166;-0,091349587;0,295950955;0,102029612;-0,38705713;-0,091347929;0,269950263;0,130106295;-0,091355246;-0,268960105;-0,091344779;-0,091357184;-0,547179348;0,394754508;-0,091342401;-0,608471306;-0,349103998;0,087972252;0,189719652;0,234089308;-0,569853006;0,078372937;-0,091353546;0,157830254;0,191605188;0,265510894;-0,247108999;0,234087119;-0,091351623;-0,66370223;-0,314329531;-0,272049622;-0,390769915;-0,091350592;-0,370503338;-0,268488223;0,094952188;-0,533780564;-0,091341049;-0,418572989;-0,515483467;-0,091351125;0,331485788;-0,091353828;-0,466284305;-0,091349334;0,252378078;-0,0913563;-0,431870107;0,007713421;0,246559263;-0,091339355;0,326939676;-0,189720803;-0,608904234;-0,343693643;0,205551027;-0,314523385;-0,09134779;-0,19882752;-0,091354592;-0,091356073;0,539164646;-0,09134812;-0,323448492;-0,286814532;0,196001743;-0,091350966;0,222987291;-0,141843911;-0,091351941;0,127180116;-0,091356824;-0,442498587;-0,408807964;-0,091350252;-0,091349054;-0,091340036;-0,473315599;-0,403009154;0,223846821;0,429784246;0,258221082;-0,453815374;0,115515006;0,312052964;0,525405274;-0,500147634;-0,507936098;-0,28347185;0,288274715;-0,351404357;-0,091354964;-0,581659857;-0,091343951;-0,091354939;0,358579194;-0,366753888;0,217245235;-0,598004058;0,212111517;-0,091341276;-0,091356871;-0,091338741;-0,052514167;0,288504837;-0,091351849;0,295612841;-0,052931443;-0,306344224;-0,275510027;-0,091356362;0,100488837;-0,415380403;-0,091344797;0,329368061;-0,462828329;-0,487810283;-0,5397469;-0,349164054;0,299008376;0,096797048;-0,091354809;0,297241346;-0,091352105;-0,091350259;-0,091339561;-0,475308667;-0,27125729;-0,106541669;0,178845423;0,398431336;0,171950047;-0,494385093;0,17203427;-0,09135558;0,043505722;0,382442372;0,211611365;-0,09135528;-0,091347285;-0,211047383;-0,091343881;-0,38842544;-0,410435528;-0,091342818;0,259153715;0,225859432;-0,091345886;-0,091338501;-0,091343258;0,327278283;0,33068031;-0,091355295;-0,372541283;0,203001014;0,303335243;0,408446169;-0,091347681;-0,474035508;-0,461871376;0,133610692;0,375538108;-0,091342635;-0,305326557;0,444670754;-0,377706274;-0,331065774;-0,231030902;0,337226218;0,439135445;-0,665058338;-0,294220873;0,392431704;-0,342348797;-0,091342349;-0,091346548;-0,280926801;-0,401830148;-0,493737274;0,423894049;-0,091352863;-0,091343;-0,091352243
-1,356223626;-0,090882699;-0,058662172;-0,046261826;0,08509988;-0,09087801;-0,090890113;-0,090893061;-0,090878867;-0,090887041;-0,090890298;0,068220804;-0,279502915;-0,243889758;0,147769133;-0,0908821;-0,461683933;0,282676429;0,254289544;-0,45696384;-0,0908803;0,35310509;0,129725753;-0,090889008;0,310262797;0,167172867;-0,090889501;-0,090889643;-0,303270356;-0,090879739;-0,342738043;0,199484746;0,514301139;-0,090891885;-0,090889873;-0,366098502;-0,090881066;0,030855257;-0,090892499;-0,090883719;0,379157623;0,212804189;-0,361796751;-0,583757078;-0,090881161;-0,323538862;0,061836626;-0,090882492;-0,284285186;0,029895521;-0,090882467;-0,090888509;-0,090892722;-0,314081976;0,31222461;-0,326050946;0,283702827;0,017602763;-0,09088148;0,09658847;-0,09088883;-0,09089302;0,256414298;0,343411367;0,049578718;-0,090881462;-0,399851729;0,606163402;0,208764261;-0,659177859;0,010994897;-0,344200301;0,168729006;-0,112841201;-0,885915116;-0,120951932;-0,297321906;-0,090892182;0,129231087;-0,090887313;-0,535231817;0,100691608;-0,542372068;-0,090885958;-0,486913846;0,206634238;-0,090891945;-0,366698511;-0,090883382;-0,090893533;0,319768906;-0,492216529;-0,090881425;-0,24425718;-0,225817752;-0,316396507;0,405775926;0,161577433;0,268744674;0,244549102;-0,090890529;0,272920045;-0,570139653;0,334720827;-0,374762793;-0,011216279;-0,090888981;-0,594394142;-0,35588366;-0,569331448;-0,293046895;-0,090888035;-0,086690136;-0,365878204;-0,002874173;0,407536967;-0,090880346;-0,29274408;0,221049491;-0,090888553;-0,12564453;-0,090890737;0,252021636;-0,090887168;0,071462471;-0,090892762;-0,363478146;0,343372821;0,295876114;-0,090878953;-0,328649361;-0,324737698;0,068508597;-0,297053308;0,193144423;-0,113592624;-0,090885838;-0,497195229;-0,090891419;-0,090892519;-0,506891667;-0,090886097;0,267682658;0,558214612;-0,26763746;-0,090888449;0,367533921;-0,305578587;-0,090889207;0,156737566;-0,090893226;0,079576021;0,425800843;-0,090887846;-0,090886834;-0,09087951;0,455538254;-0,407674479;0,365573068;0,578832041;-0,360102123;-0,098402171;0,076293113;-0,500267002;0,049150668;-0,438956349;0,316273744;0,22890079;0,32809315;-0,194283971;-0,090891749;0,254030355;-0,090882679;-0,090891681;0,314916131;-0,521910065;-0,100128138;-0,3573935;-0,563559913;-0,090880522;-0,090893285;-0,090878497;0,091452158;0,346023894;-0,090889046;0,465507034;0,322694121;-0,12582444;-0,322044521;-0,09089284;-0,535314337;0,672164415;-0,090883473;0,407813087;-0,17571515;0,169397451;-0,530431489;-0,181566232;-0,312638841;0,312586841;-0,0908916;0,115872564;-0,090889337;-0,090887868;-0,090879123;-0,455950835;0,349995508;0,366770296;-0,683885399;0,623325344;0,208308343;-0,405771149;-0,533243151;-0,090892229;-0,505564632;-0,599427945;-0,274839786;-0,090891995;-0,090885398;0,557440715;-0,090882652;0,132333;0,500862725;-0,090881765;-0,523076546;0,120082681;-0,090884266;-0,090878282;-0,090882164;0,07775683;-0,505460766;-0,090891957;-0,375944493;0,210625771;0,228300183;-0,517635827;-0,090885775;0,329536917;-0,239334464;0,098394408;0,300843446;-0,090881627;-0,360339599;-0,258163808;0,346608502;0,332413145;-0,329045048;0,394674504;-0,494405253;0,01193901;-0,54607113;-0,193206821;-0,235066179;-0,09088144;-0,090884845;-0,170037313;-0,494811682;0,444915263;-0,296743203;-0,090889942;-0,090881905;-0,090889461
-1,63329676;-0,103220272;0,179158886;0,578151856;0,456444769;-0,103210522;-0,103235925;-0,103241984;-0,103212285;-0,103229536;-0,103236296;0,216241645;-0,341766794;0,297111054;0,30562494;-0,103218827;0,38535986;-0,320281481;0,208953531;0,243233265;-0,103215303;0,323892823;-0,011853498;-0,103233612;-0,193690129;0,121940126;-0,103234651;-0,103234962;-0,47389966;-0,103213862;-0,716962371;0,246184941;-0,383003147;-0,103239473;-0,103235388;0,071576316;-0,103216889;-0,085026977;-0,103240868;-0,103222554;-0,421498218;0,304589404;-0,698183025;0,183640784;-0,103217129;0,55847332;0,308413309;-0,103219938;0,213927047;-0,148953022;-0,103219817;-0,103232554;-0,103241402;0,298870696;0,107378027;0,498166856;-0,455943562;0,148261076;-0,103217739;-0,106176722;-0,103233546;-0,103241629;0,35172027;0,51268059;-0,054676979;-0,103217806;-0,70720218;-0,531346206;-0,532684634;0,137023596;0,081478945;-0,148048964;0,134983879;0,338127945;0,457875463;-0,514373893;-0,358169558;-0,103240216;0,280340242;-0,103230055;-0,496486006;0,317522983;0,365516212;-0,103227207;-0,447480758;-0,176072739;-0,103239757;0,057293666;-0,103221824;-0,103242998;-0,397526246;-0,644301827;-0,103217653;-0,689287363;-0,644907479;-0,298055677;0,114477645;0,07152831;-0,124596374;0,045236071;-0,103236801;0,241139806;0,242431009;-0,388676757;-0,237721496;0,220647984;-0,103233535;0,342520905;-0,309824923;-0,513644694;-0,382756553;-0,103231557;-0,544264751;-0,626857557;-0,021697294;0,333549853;-0,103215383;-0,402406064;0,149355689;-0,103232318;0,437963723;-0,103237166;0,269680279;-0,103229543;0,369603778;-0,103241505;-0,530376457;0,187967146;-0,652629518;-0,103212395;0,387511466;-0,389699587;0,338000464;-0,30662882;0,28824478;-0,341197367;-0,103226941;0,400766881;-0,10323863;-0,103241101;-0,553731047;-0,103227437;0,347364577;-0,171545195;-0,451963157;-0,103232453;0,45479216;-0,317768788;-0,103234029;0,472322876;-0,103242439;-0,674176445;-0,747024082;-0,103231173;-0,103229082;-0,103213635;-0,493616502;-0,461090686;0,135204386;0,038007476;-0,480932997;0,143893296;0,305599613;-0,494807583;-0,51631845;-0,347598765;-0,379951162;0,308192122;0,192374281;0,423046025;-0,103239151;0,174269537;-0,103220366;-0,103239227;0,393877001;-0,258270191;0,042535218;0,449546483;-0,577401612;-0,103215742;-0,103242349;-0,103211387;-0,400313976;-0,434760802;-0,103233583;-0,586101847;-0,480303195;-0,293863777;-0,134067944;-0,103241603;0,414930808;-0,644818606;-0,103221771;-0,010046811;-0,281780779;0,435352084;0,375054201;-0,427958347;0,371847801;0,095983314;-0,103239;-0,305825927;-0,10323427;-0,10323119;-0,103212793;-0,637105388;-0,397346723;0,233668289;0,27521688;-0,629337859;0,144127272;0,64529566;0,340592574;-0,103240326;0,672087313;-0,48800175;0,450226634;-0,103239807;-0,10322611;-0,346367018;-0,103220219;-0,52044296;0,456046401;-0,103218386;0,031148889;0,06744344;-0,103223657;-0,103210977;-0,103219191;0,196650044;-0,60733281;-0,10323976;-0,2758802;0,393730615;0,157026271;0,104610288;-0,103226774;-0,420678995;0,385394611;0,307306556;0,236812598;-0,103218131;0,595023978;-0,175971322;-0,440608003;-0,459148456;-0,252971453;-0,202025845;-0,354347661;0,220315702;0,398407404;-0,329443345;-0,122665245;-0,103217546;-0,103224859;-0,249522337;0,21070636;-0,040725424;-0,425915676;-0,10323556;-0,103218711;-0,10323459
-1,587334639;-0,096295403;0,031916078;0,376957737;-0,300573045;-0,096294296;-0,096296996;-0,096297793;-0,096294472;-0,096296321;-0,096297165;-0,616297005;0,112925312;-0,523518145;-0,528314356;-0,096295322;0,044709542;-0,283922473;0,218141999;-0,245016409;-0,096294751;-0,482474434;0,270592442;-0,096296745;-0,266678955;0,057086369;-0,096297003;-0,096296898;0,169395402;-0,096294615;0,185726167;-0,215909248;-0,203930042;-0,096297486;-0,096297052;-0,251139185;-0,096294925;-0,45907098;-0,096297532;-0,096295522;-0,327848579;0,306418333;0,011685714;-0,414224367;-0,096294959;-0,433937963;-0,497000581;-0,096295281;-0,158269333;-0,190291239;-0,09629524;-0,096296705;-0,096297622;-0,474306914;-0,290795975;0,32345235;-0,222049505;0,265168127;-0,096295012;0,016944997;-0,096297015;-0,096297777;0,309994029;-0,308138834;-0,299042142;-0,096295059;-0,44669804;0,428612677;-0,505262458;0,041730305;0,402310167;0,603512491;0,220287889;0,316005263;0,277002353;0,368946597;0,402686831;-0,096297479;-0,515960739;-0,096296375;0,103676948;-0,648698066;0,239341988;-0,096296016;0,086561282;0,171981854;-0,096297432;0,43217896;-0,096295445;-0,09629782;-0,725552527;0,53837041;-0,096294999;0,31055478;-0,612161376;-0,409008734;0,167392059;0,144279842;-0,546236851;-0,672072547;-0,096297096;-0,042248543;-0,057444162;-0,515634477;0,276025174;0,208047333;-0,096296736;0,089490068;-0,403206426;-0,465198884;0,085147189;-0,096296462;0,157309071;0,187430738;-0,5556937;0,446498201;-0,096294795;-0,484113062;0,588295923;-0,096297236;0,192710474;-0,096297266;-0,514559518;-0,0962964;-0,454105632;-0,096297635;0,012396958;0,259878503;0,244862561;-0,096294458;0,385775291;-0,488671378;-0,455745115;0,297335046;0,282899683;-0,323914164;-0,096295995;0,169710254;-0,09629732;-0,096297494;-0,342986957;-0,096296172;-0,282039822;-0,194968593;0,354134841;-0,09629661;-0,322637277;-0,448952723;-0,096296783;0,335729765;-0,096297775;0,189119327;-0,498210239;-0,096296484;-0,096296231;-0,096294586;-0,621202557;0,404287755;0,31367123;0,160973456;-0,415667466;0,267577264;0,075199503;0,273499155;-0,199933116;0,298339248;0,333511218;0,177915978;-0,322695656;-0,45465583;-0,096297494;0,050771658;-0,096295296;-0,09629738;-0,313010887;-0,281046392;0,40305486;0,071339476;0,486871924;-0,096294841;-0,096297882;-0,096294419;0,033520698;-0,648187033;-0,096296787;0,221058183;-0,219421642;-0,617382897;0,27296698;-0,096297646;0,433418239;-0,77882716;-0,096295592;0,230324672;0,216622799;-0,32865157;-0,025298561;0,295295921;0,363832689;-0,01723375;-0,096297338;-0,750911292;-0,096296835;-0,09629645;-0,096294533;0,087830869;0,201906275;0,43957221;0,238794586;-0,371631458;0,612597024;0,031470771;-0,608550359;-0,096297517;0,292753552;-0,233151985;0,310392858;-0,096297448;-0,096295924;-0,315672874;-0,096295274;-0,32775104;-0,150334823;-0,096295102;0,153688846;0,28229675;-0,096295627;-0,096294358;-0,096295151;-0,27542244;-0,294429873;-0,096297434;-0,400424675;-0,231899669;0,181695021;-0,3912952;-0,096295995;0,126364272;-0,040989968;-0,351054298;-0,631879235;-0,096295089;0,325934473;0,433580677;-0,376953904;-0,209696883;-0,46833894;-0,510978746;-0,648593916;0,122616887;-0,278536481;0,350858825;0,477115454;-0,096295219;-0,096295773;0,449173004;-0,349945377;0,147329225;-0,523350534;-0,096297067;-0,096295139;-0,096296837
-1,664955929;-0,099133273;0,102350597;0,107871135;0,266329431;-0,099129049;-0,099139896;-0,099142511;-0,099129833;-0,099137144;-0,099140075;0,131724126;0,178977201;0,205823946;0,362319124;-0,099132429;0,018251893;0,413702625;-0,449680137;-0,220962761;-0,099131098;-0,307183396;0,158197349;-0,099138912;-0,251964291;0,080768387;-0,099139379;-0,09913946;0,516971147;-0,099130493;-0,397950696;-0,211110897;-0,344937771;-0,099141549;-0,09913971;0,369083551;-0,09913179;-0,69562649;-0,099142004;-0,099134168;0,148036843;0,155597569;0,457321034;0,322168547;-0,09913187;0,633987186;-0,471525102;-0,09913307;-0,161911285;-0,165571208;-0,099133034;-0,099138532;-0,099142233;0,0119192;-0,585111635;0,10010085;-0,291718671;-0,759160271;-0,099132121;0,012372478;-0,099138601;-0,099142751;0,175020576;0,658697669;-0,620800122;-0,099132135;-0,301085771;0,254826757;-0,450590895;-0,020816003;0,209594574;-0,429450407;0,280431132;-0,42785552;-0,02070747;-0,427068436;-0,341407957;-0,099141744;0,329573553;-0,099137374;-0,473075056;0,097298918;-0,252230985;-0,099136147;0,010447753;-0,837037463;-0,09914151;-0,266795845;-0,099133836;-0,099142956;0,216712352;0,244806428;-0,099132089;0,076348458;-0,360392462;-0,252629516;0,532259455;-0,656201969;-0,692508784;-0,016389169;-0,099140277;0,040346446;-0,033024422;-0,778011827;0,68444998;0,238600058;-0,099138879;-0,555655083;0,701315473;0,077322938;0,400217955;-0,099138108;-0,486933527;-0,356320094;0,132615636;0,262257368;-0,099131084;0,257338751;0,284339559;-0,099138917;-0,413598435;-0,099140526;-0,170989433;-0,099137111;-0,265194792;-0,09914228;0,459266414;0,127538085;0,114549361;-0,099129857;-0,43672114;-0,301114104;-0,259576069;0,280366933;-0,053701841;-0,285719381;-0,099136069;0,199730198;-0,099141061;-0,099142131;0,424851453;-0,09913633;0,290515375;-0,354040329;0,297367919;-0,099138412;-0,416215937;-0,216680697;-0,099139102;0,189697108;-0,099142708;-0,389471324;-0,168204342;-0,09913785;-0,099136965;-0,099130379;0,218749825;0,249412493;-0,369677606;-0,301172034;0,047726069;0,328243869;0,29453352;-0,450508869;-0,213440093;-0,521286521;-0,154677743;-0,593311505;-0,192229059;-0,231342922;-0,099141319;0,370111432;-0,099133237;-0,099141315;-0,219278958;-0,385934626;0,216217897;0,048235659;0,066598034;-0,099131321;-0,099142707;-0,099129452;0,046567876;-0,474022055;-0,099138965;-0,49134769;-0,427301625;-0,374004447;0,703926643;-0,099142336;0,204830023;-0,460468115;-0,099133928;0,217020191;0,043882308;0,471958101;0,307657988;-0,171949946;-0,351555284;-0,043222705;-0,099141189;0,251971306;-0,099139215;-0,099137857;-0,099130008;0,292930717;-0,562536754;-0,63491768;0,459929414;-0,425685331;0,164563626;0,541268478;0,138315829;-0,09914177;0,27351031;-0,532589273;0,109465642;-0,099141576;-0,099135672;-0,253349712;-0,099133178;-0,065606464;-0,11660116;-0,099132382;0,21631816;-0,556366918;-0,099134654;-0,099129261;-0,099132743;-0,217731147;0,192903789;-0,099141531;-0,376070444;0,195748422;-0,440592618;-0,409753625;-0,099135966;0,321996621;0,301727634;0,240574658;-0,62666387;-0,099132311;0,495304693;-0,373608809;-0,264625498;-0,341565556;-0,3098287;-0,473422749;-0,486399752;0,150600905;-0,144827738;0,226453436;0,451694961;-0,099132182;-0,099135132;-0,371101335;0,434920897;0,256147011;0,111256238;-0,099139858;-0,099132532;-0,099139301
-1,251571455;-0,087458192;-0,215665196;-0,10678058;0,178223959;-0,087454056;-0,087464642;-0,087467151;-0,087454781;-0,087461936;-0,087464836;0,061154805;-0,517715037;-0,447992395;-0,203035518;-0,087457278;-0,456580615;0,215462338;-0,545664298;-0,522100844;-0,087456058;-0,264828035;-0,650844032;-0,087463677;0,565898327;0,598925734;-0,087464136;-0,087464215;-0,38728812;-0,087455472;0,064833587;0,008156337;0,704132806;-0,087466138;-0,087464415;-0,400431252;-0,087456735;0,151333813;-0,087466733;-0,087459064;-0,220986655;-0,411865701;0,272007043;-0,469928014;-0,087456811;-0,298880822;0,140114473;-0,087457987;-0,375815669;0,237011565;-0,087457906;-0,087463313;-0,087466926;-0,969719628;-0,293146365;-0,035788037;-0,411036971;0,381125457;-0,087457069;-0,604527178;-0,087463355;-0,087467242;-0,813055063;0,149637518;0,285332913;-0,087457072;0,442396767;-0,484358709;0,06520588;0,199122778;-0,770293532;0,41864328;-0,286567807;-0,124431209;0,241225075;-0,455420732;0,389698321;-0,087466449;0,409409482;-0,087462188;0,285255805;0,279264476;-0,565749895;-0,087460994;0,253001508;0,090357347;-0,087466243;0,035088064;-0,087458738;-0,087467624;0,089886866;0,239710477;-0,087457003;-0,71110944;0,175844011;0,253228512;0,171085455;0,147501882;0,395388548;0,554819172;-0,087465033;0,004116354;-0,80990728;0,26299305;0,041082135;0,427801228;-0,087463662;0,025750897;0,466979141;-0,405499794;0,266756704;-0,087462777;0,031885851;0,129292701;-0,104213668;-0,252605608;-0,087456079;0,484787673;-0,604736337;-0,087463224;-0,467962897;-0,087465175;-0,594266693;-0,087461982;0,447203949;-0,087466997;0,091016171;0,224494511;0,376998599;-0,087454823;-0,615183273;0,050724904;0,146643378;-0,479197671;-0,285232622;0,493257764;-0,087460863;-0,171513287;-0,087465776;-0,087466842;-0,734083688;-0,087461139;0,626101099;0,14706191;0,362385824;-0,087463182;0,232185323;-0,54729714;-0,087463887;-0,490046511;-0,087467402;0,161123319;-0,241509967;-0,087462658;-0,08746181;-0,08745535;0,35977898;-0,381608743;0,100147512;0,301437327;0,060068558;0,485595951;0,041849984;-0,012950487;-0,589057657;0,352647979;-0,342511602;-0,330585065;-0,130189995;0,144105624;-0,087466063;0,310072899;-0,087458161;-0,087466012;-0,196249741;-0,479228737;-0,08136232;0,176895575;0,447122251;-0,08745618;-0,087467296;-0,087454377;0,354582341;0,26145536;-0,087463804;-0,022732942;0,293347177;0,392699162;-0,487010876;-0,087467039;-0,202152095;0,028790661;-0,087458744;0,542568807;-0,313671351;-0,339084374;0,047140895;-0,292132282;0,21648701;-0,494112992;-0,087465935;0,324553489;-0,087463981;-0,087462678;-0,08745502;0,149732025;-0,61375575;-0,464637935;-0,405648492;0,194443562;-0,487042348;-0,380772353;-0,06596646;-0,087466498;-0,473768862;-0,571163669;0,191632097;-0,087466287;-0,087460525;-0,071067305;-0,087458089;0,260496824;0,835622622;-0,087457342;-0,119628995;-0,516166414;-0,087459485;-0,087454256;-0,087457679;0,619298764;-0,437879603;-0,087466289;0,245304974;-0,613948186;-0,586038182;-0,645272502;-0,087460835;-0,359085915;0,241361632;0,212433422;-0,036575972;-0,08745722;-0,301790942;0,039620604;0,109293443;0,132303938;0,234079531;0,416968036;-0,637968947;-0,573306599;-0,336509013;-0,714594646;-0,263393055;-0,087457048;-0,08746003;0,274426456;-0,323519485;-0,366060577;0,206137409;-0,087464521;-0,087457439;-0,087464089
-1,447324962;-0,093024232;-0,496637357;0,100999493;0,391989469;-0,093024754;-0,093022894;-0,09302256;-0,093024581;-0,093023294;-0,093023058;0,194955845;-0,450402381;0,0856643;0,383043593;-0,093023387;0,027575489;-0,359097738;0,573302116;0,679688228;-0,09302437;0,159153171;0,533127141;-0,093023041;-0,445942305;-0,715044188;-0,093023093;-0,093023006;-0,429771482;-0,093024681;0,172583716;0,066726699;-0,574902644;-0,093022784;-0,093022988;-0,391056803;-0,093024256;0,205641195;-0,09302262;-0,093023797;-0,306123604;0,086383273;-0,061158161;0,808824627;-0,093024224;-0,311677725;-0,531160422;-0,093024011;-0,199843651;-0,154857493;-0,093024044;-0,093023122;-0,093022571;0,512344231;-0,275036571;0,409861582;-0,329633816;0,192301602;-0,093024183;0,135307083;-0,093023034;-0,093022631;0,026103436;0,112624702;-0,079618844;-0,093024154;0,357919681;-0,396934524;-0,338748431;0,089553544;-0,359366077;-0,788520212;-0,442461582;-0,275328787;0,26904211;-0,529845343;-0,438527373;-0,093022662;0,23747492;-0,093023294;-0,555342932;-0,559775214;0,433525151;-0,093023478;0,270153244;-0,428724497;-0,093022703;-0,588390831;-0,093023879;-0,093022484;0,356066946;-0,625231458;-0,093024208;-0,60136066;0,287967046;0,1625239;0,269225831;0,087871032;0,14430221;0,455184273;-0,093022835;-0,047389112;0,210941631;0,178519539;0,1980096;0,1685579;-0,093023053;-0,07957646;-0,607558142;-0,331707531;0,066035742;-0,093023248;0,27231984;0,174645586;0,504875273;-0,350646692;-0,09302436;-0,411487102;-0,650305856;-0,093023594;0,677202156;-0,093022929;-0,528430097;-0,093023414;0,27029765;-0,093022565;-0,049575139;0,281834054;-0,706399291;-0,093024582;0,628041149;0,280978144;0,294048239;0,382303962;-0,327590735;-0,472611819;-0,093023499;0,280862417;-0,093022754;-0,093022648;0,44401928;-0,093023533;-0,568171513;0,469893958;0,23228839;-0,093023103;-0,407928039;0,339280783;-0,093023066;-0,414107209;-0,093022492;0,08131248;-0,351241406;-0,093023233;-0,093023378;-0,093024477;-0,347357442;-0,447938153;0,169648388;0,306289375;0,123678026;-0,749266859;-0,279688644;0,129954752;-0,088354377;0,141401186;-0,384939157;-0,455619843;-0,279347804;0,311104498;-0,093022881;-0,14942818;-0,093023989;-0,093022729;-0,261080731;-0,384755125;0,120854329;0,186283239;-0,257959629;-0,093024322;-0,093022544;-0,093024554;0,043043642;0,19580538;-0,093023189;0,038230521;-0,462258157;0,294838736;-0,531140283;-0,093022575;0,127784496;0,291863245;-0,093023901;-0,683402364;0,105911128;-0,207006662;-0,049606851;-0,500694143;0,385214077;-0,104496599;-0,093022731;0,160121035;-0,093023231;-0,093023239;-0,093024579;0,137005578;-0,61502704;-0,472244489;-0,375555453;0,282885087;-0,467632708;-0,04071449;0,093950519;-0,093022646;0,54507654;-0,238699137;0,223875471;-0,093022642;-0,093023559;-0,170399659;-0,093023964;-0,264544297;-0,568430912;-0,09302414;-0,457047919;-0,205499125;-0,093023741;-0,09302469;-0,093024066;-0,53816495;-0,403834927;-0,093022689;0,262048503;-0,43017972;0,400265382;0,656538741;-0,093023521;-0,483880344;0,19735318;-0,82309498;-0,104229511;-0,093024136;-0,240119462;0,293223456;0,381308876;0,13305314;0,439070176;0,324482351;-0,385937655;-0,592506366;-0,418363585;0,391537546;-0,378668178;-0,093024286;-0,093023687;0,383029889;-0,206243625;-0,442758896;0,317566423;-0,093023029;-0,09302413;-0,093022996
-1,347418868;-0,07679007;-0,400392184;-0,309448952;0,26767973;-0,07677894;-0,076808067;-0,076815008;-0,076781002;-0,076800711;-0,076808364;0,203339987;0,085703175;-0,373609949;-0,228317104;-0,076788376;-0,001742422;0,278497778;-0,497175782;-0,414152376;-0,076784438;0,264622172;-0,531155334;-0,076805409;0,472821129;-0,529455408;-0,076806537;-0,07680697;-0,447083052;-0,076782777;-0,46831717;0,198099869;0,256952335;-0,076812126;-0,076807438;0,067920584;-0,076786262;0,122406881;-0,076813693;-0,076792762;0,249261647;-0,030463483;-0,227157193;0,372527293;-0,076786562;0,347779561;0,032615609;-0,076789752;0,420308159;-0,329091089;-0,076789664;-0,076804103;-0,07681431;-0,320924948;0,413005727;-0,096590806;0,13699816;0,30257985;-0,076787245;0,205576698;-0,076804876;-0,076815001;0,121170049;-0,056601483;0,129037226;-0,07678728;-0,060867591;-0,422492044;0,087233107;-0,580964672;-0,200421829;0,352799297;0,262249098;-0,193272653;0,151652342;-0,217744025;0,336912613;-0,076812975;0,197825893;-0,07680133;-0,503848525;0,130976541;-0,553943543;-0,076798072;-0,167651721;0,298785917;-0,07681244;-0,366386611;-0,076791917;-0,076816185;0,146045535;-0,38006507;-0,076787131;0,073528215;-0,477483322;0,066337746;-0,150832209;-0,512331812;-0,661933544;-0,169390156;-0,076809088;-0,46684752;0,274119581;0,303554111;-0,5121531;-0,391276289;-0,076805346;0,243710747;-0,414854342;0,294347374;-0,087672519;-0,076803116;-0,331843355;-0,20473863;0,269347804;-0,38942341;-0,076784524;0,352483857;0,290945456;-0,076803939;-0,298653907;-0,07680938;0,261135564;-0,0768007;-0,420490928;-0,076814441;-0,308997782;-0,434796682;-0,444319874;-0,076781141;-0,466029371;0,327895471;-0,49126338;-0,443388427;0,00464604;0,046176937;-0,076797795;-0,322779061;-0,07681117;-0,076813863;-0,330379261;-0,076798286;0,1659294;0,512925418;-0,414723312;-0,076804076;0,383959436;0,07286127;-0,076805924;-0,428062433;-0,076815566;-0,524029632;0,250301266;-0,076802629;-0,076800255;-0,076782533;0,459139446;0,19363539;-0,518298551;-0,211649303;-0,028150271;-0,493983348;-0,657130621;-0,538040298;0,263306972;0,390051438;-0,066614423;0,390318119;0,39715816;-0,298217358;-0,0768118;-0,594622644;-0,076790235;-0,076811822;0,336799009;-0,03841922;-0,08009753;-0,341765256;0,420506284;-0,076784969;-0,076815389;-0,076779965;-0,048320149;0,307530009;-0,076805407;-0,216085133;0,233445452;-0,021824019;0,148732854;-0,076814561;-0,545735053;0,014970691;-0,076792006;0,526834734;-0,211174792;0,317151818;-0,384736609;-0,455658815;-0,222085426;0,248301846;-0,07681158;0,326780463;-0,076806104;-0,076802653;-0,076781541;-0,457729633;-0,427816574;-0,414272228;0,274378008;-0,23715577;-0,450828134;-0,312138132;0,248047578;-0,076813108;0,151213463;0,286601685;-0,177557116;-0,076812506;-0,076796792;0,384873848;-0,076790053;0,060703955;0,436257127;-0,07678798;-0,476306602;0,204507424;-0,076794016;-0,076779519;-0,076788887;0,026190801;0,409658618;-0,076812472;-0,576328523;0,052676193;-0,593367007;0,38393199;-0,076797584;0,388492439;-0,26531328;-0,033338882;-0,43319688;-0,076787676;-0,438455572;-0,257217405;0,359485495;0,107512403;0,351957455;-0,469541742;0,375420225;-0,038907951;0,335427066;-0,187917281;-0,454077853;-0,076786983;-0,076795382;-0,416856694;0,308093597;-0,388830179;0,060412464;-0,076807606;-0,076788333;-0,076806514
-1,288008039;-0,081578897;0,488955079;-0,301463543;-0,351863926;-0,081577166;-0,081581512;-0,08158269;-0,081577457;-0,08158038;-0,081581576;0,090465622;-0,373522805;-0,248168232;0,119686833;-0,081578482;-0,439599165;0,213012352;0,26632015;-0,508572668;-0,081577961;0,510983659;0,395426488;-0,081581087;-0,512192738;-0,207738942;-0,081581275;-0,081581316;0,242392233;-0,081577844;-0,039133111;0,394229816;0,52626922;-0,08158223;-0,081581428;0,514140512;-0,081578216;0,076497034;-0,081582349;-0,081579171;0,162551795;0,277018404;-0,31213853;-0,634607394;-0,081578265;0,360944276;0,06170929;-0,081578737;0,047884048;0,583235832;-0,081578728;-0,08158084;-0,081582458;-0,341831906;-0,230254999;-0,22010328;0,176463743;-0,816649656;-0,08157838;-0,030001426;-0,081581093;-0,081582791;-0,137293526;-0,370382094;-0,109729457;-0,081578368;-0,064599407;0,449271619;0,027096824;-0,477017018;0,026078554;0,377525787;0,04074031;0,210874799;-0,00926092;0,063018385;0,077544999;-0,081582244;-0,390071938;-0,081580506;0,287213334;0,084877467;-0,517296989;-0,081579978;-0,739445033;-0,718343026;-0,081582174;-0,226643558;-0,081579023;-0,081582762;-0,507275344;0,460270521;-0,081578363;0,073335747;-0,580091191;-0,234550089;0,231167399;-0,536487403;-0,693121503;-0,587510994;-0,081581637;-0,266565632;-0,434948118;0,513838994;-0,262647211;0,176509845;-0,081581104;-0,698156689;0,060696882;-0,218837335;-0,135665118;-0,081580837;-0,086703168;-0,076383476;0,03582073;0,278079259;-0,081577982;0,140676268;0,456578597;-0,081581618;-0,263523218;-0,081581761;-0,70879325;-0,081580561;-0,566681381;-0,081582452;-0,374694412;0,435901331;0,287201777;-0,081577459;-0,48325775;0,102369481;-0,52298869;0,331719069;-0,006974304;-0,397835972;-0,081579943;-0,379408203;-0,08158194;-0,081582469;0,330129434;-0,081580025;0,36932459;-0,337758123;0,480660475;-0,081580883;0,259368599;-0,169814694;-0,081581152;0,443920194;-0,081582635;-0,471552465;0,216827122;-0,081580657;-0,08158028;-0,081577665;-0,330503995;0,135222201;0,225650585;-0,04317067;-0,001813407;0,106077067;-0,338548197;0,467181425;0,15284959;-0,541614647;0,100588943;-0,538857793;0,511059063;-0,15164129;-0,081582124;-0,768806572;-0,081578804;-0,081582076;0,421822273;0,209338743;-0,230505376;-0,319821085;0,407449424;-0,081578044;-0,081582714;-0,081577294;0,004806243;-0,250298227;-0,081581208;-0,622820763;0,171947859;-0,21067941;0,106512231;-0,081582509;0,261065224;-0,245097766;-0,08157912;-0,366404503;-0,28874806;0,184142403;-0,211761611;-0,670166897;-0,370719723;0,433679138;-0,081582011;-0,727683891;-0,08158124;-0,081580657;-0,081577523;-0,36294462;-0,54086583;0,487551956;0,072938873;-0,327094763;0,585942145;-0,228097275;-0,471178687;-0,081582246;-0,596494839;0,216717871;-0,282361736;-0,081582162;-0,081579784;0,579440295;-0,08157878;-0,066831387;0,141113381;-0,081578464;0,357140502;0,093892808;-0,081579381;-0,081577233;-0,081578602;0,131981876;0,077021263;-0,081582167;0,452800735;0,189614249;-0,568585584;0,082584078;-0,081579907;-0,248420555;-0,478023751;-0,048021744;-0,342171135;-0,081578418;-0,425669261;0,310504109;-0,265365155;0,388951492;-0,368039759;-0,526025593;-0,291523972;0,125797713;0,436577818;0,591430845;0,311184405;-0,081578447;-0,081579551;0,463365156;0,104847749;-0,471303511;-0,261525226;-0,081581549;-0,081578527;-0,081581268
-1,433242029;-0,08988711;-0,317475759;-0,306738057;0,215303454;-0,089890031;-0,089882284;-0,089880499;-0,089889475;-0,089884166;-0,089882269;-0,465859709;0,271299938;-0,358998883;-0,405549973;-0,08988803;0,115334528;0,209134977;0,243530378;0,108226796;-0,089888509;-0,322988054;0,308903678;-0,089882916;-0,402983827;-0,482151394;-0,089882722;-0,089882547;0,211687535;-0,089889114;0,138768176;0,219496791;-0,020098057;-0,089881353;-0,089882464;0,298181905;-0,089888024;0,169446902;-0,089880801;-0,089886308;-0,513147604;-0,274719763;-0,436006973;0,093025709;-0,089887937;0,145105176;0,113768007;-0,089887114;0,23154723;0,414497657;-0,089887132;-0,089883406;-0,089880651;0,050973268;0,224319553;0,370492933;0,092401138;-0,425847231;-0,089887742;-0,549461677;-0,089883057;-0,089880655;0,224829958;-0,26487154;-0,406764532;-0,089887714;0,159793114;-0,248442689;0,137486513;-0,41211091;-0,41548135;-0,413342383;-0,442797224;0,185845894;0,041417841;0,10399928;0,277717658;-0,089880986;0,16656836;-0,089883977;0,190247401;0,052422569;0,207991869;-0,089884862;0,103784499;0,045906307;-0,08988111;0,338436367;-0,089886526;-0,089880172;0,06415129;-0,393604562;-0,089887799;0,125179243;0,15458233;0,401231103;-0,466150872;-0,381359072;0,361990309;0,129917497;-0,089881976;-0,35159158;-0,552434422;0,285501713;0,36635692;-0,450138071;-0,089882962;0,040091858;0,237903235;-0,399139625;-0,2273546;-0,089883662;-0,162683292;0,030107623;-0,543820928;-0,344174941;-0,089888461;-0,114570248;0,177871366;-0,089884136;-0,269794832;-0,089881942;-0,362025394;-0,089884336;-0,423824356;-0,089880605;0,214068298;0,052510949;-0,282580486;-0,089889432;0,181963855;0,112593587;0,236235456;0,251676752;0,111590225;0,326615309;-0,089884932;-0,377578314;-0,089881444;-0,089880685;0,400767962;-0,089884906;0,238966653;-0,268362576;-0,435019492;-0,089883311;-0,285630419;0,31823309;-0,089882821;-0,335318194;-0,089880324;-0,329691101;0,216979768;-0,089883683;-0,089884312;-0,089889026;0,226378103;0,190671226;-0,354024826;-0,090217246;0,263103576;0,308061685;0,020103122;0,286756878;0,270682144;-0,498451481;0,145770239;-0,268226755;-0,349926588;-0,234804562;-0,089881376;-0,518750115;-0,089886942;-0,089881294;0,262415036;0,160598804;-0,33523438;0,207691757;-0,447389472;-0,089888377;-0,08988047;-0,089889782;-0,398929832;0,135740038;-0,089882924;-0,390565255;0,184279079;0,251831131;0,106041525;-0,089880573;0,21200073;0,106298682;-0,08988662;-0,314320285;0,373858137;0,24350969;-0,362891878;-0,339091798;-0,224238956;0,022279506;-0,08988137;-0,397925011;-0,089882745;-0,089883666;-0,089889261;0,162303705;0,16577547;0,348405164;-0,526079369;-0,302706728;-0,115896035;-0,373188196;0,180314626;-0,089880924;0,175117919;0,219111798;-0,249786793;-0,089881105;-0,089885183;0,278078918;-0,089887033;0,319267667;-0,207526277;-0,089887559;-0,127733001;-0,460704005;-0,089885956;-0,089889887;-0,089887313;0,061158648;0,23558117;-0,089881109;0,310725715;0,242563161;-0,287755864;0,070010257;-0,089885025;-0,41040613;-0,3042848;0,040365792;0,344648863;-0,089887635;-0,330288357;-0,29163797;-0,162144307;0,208594616;0,190553183;-0,408339567;0,136816878;-0,02543097;-0,223305454;-0,175955578;0,348844121;-0,089888011;-0,08988559;0,357392023;0,241201521;-0,381519108;-0,169533336;-0,08988251;-0,089887459;-0,089882634
-1,815984263;-0,101313587;0,167177075;-0,283140556;-0,393807166;-0,101301079;-0,101333803;-0,10134154;-0,101303421;-0,101325522;-0,101334143;-0,786053689;0,117264969;-0,45457673;-0,499024514;-0,101311684;-0,037922006;0,399769351;0,11088017;-0,490397928;-0,101307298;-0,572217948;0,225881949;-0,101330785;-0,159426182;0,296562041;-0,101332132;-0,101332547;0,05172375;-0,101305341;0,117596159;0,499743232;-0,208973182;-0,101338302;-0,10133307;-0,375936003;-0,101309343;-0,578291142;-0,101340111;-0,101316619;0,334640227;-0,406280825;0,347006312;0,155381531;-0,101309615;0,243355755;-0,455919076;-0,101313255;0,432014705;0,301573989;-0,101313119;-0,101329294;-0,101340769;-0,537185332;0,153822891;0,502110579;0,227761108;-0,431564158;-0,101310427;0,235335941;-0,101330084;-0,101341768;-0,525251642;-0,321411534;-0,263934838;-0,101310478;0,280480571;-0,353183352;0,213503118;-0,306194334;-0,533988068;0,230002634;0,485063938;0,231382101;0,105861075;0,186628843;0,391340652;-0,101339249;-0,18439794;-0,101326225;-0,026239278;0,071000345;-0,496691462;-0,101322578;0,056546441;0,239542937;-0,101338664;-0,36405874;-0,101315622;-0,101342881;0,073217676;0,449726071;-0,101310297;0,119818589;0,166209507;-0,509592241;0,228713554;-0,494316776;-0,520934572;0,158539336;-0,101334891;-0,392508192;0,223504766;-0,63891628;-0,481890991;0,095709407;-0,101330686;-0,180835805;0,200778033;0,605588997;-0,040929686;-0,101328086;0,450895921;0,261130537;0,212970787;0,545338123;-0,101307335;0,391499095;0,292781147;-0,101329358;0,172105218;-0,101335286;-0,285885477;-0,101325499;-0,300900487;-0,101340942;0,38885677;0,205829469;-0,392947787;-0,101303535;0,167269858;0,371221148;-0,493873635;0,175495629;0,148220232;0,223103303;-0,10132222;0,372808733;-0,101337214;-0,10134022;-0,434341548;-0,10132281;-0,314560907;-0,184737168;0,295937388;-0,101329316;-0,509323382;-0,488236623;-0,101331338;0,291680435;-0,10134217;-0,427637128;0,184059266;-0,101327693;-0,101324979;-0,101305141;0,405084684;0,128691505;-0,279320388;-0,128748311;-0,622907674;0,428730462;-0,379579398;-0,507796187;-0,179878338;0,329365027;0,323493183;-0,468855671;0,469970346;-0,261979513;-0,101337917;0,048908177;-0,101313777;-0,101337995;0,322504472;0,506438708;-0,226949601;0,223966049;0,347427168;-0,101307846;-0,101342019;-0,101302258;-0,792331873;0,113727113;-0,101330995;-0,571070412;-0,177083717;0,30961129;0,08376834;-0,101341065;0,159915682;-0,421879639;-0,101315844;0,568149656;0,269570556;0,318121346;-0,325138983;-0,521061353;-0,627126953;-0,047960465;-0,101337725;-0,493473885;-0,101331631;-0,101327682;-0,101304;0,164404362;-0,519139246;-0,573565515;0,254005013;-0,490096333;0,049874297;0,38753012;-0,501826855;-0,101339402;-0,548376494;-0,133840208;-0,344342281;-0,10133877;-0,101321157;0,354020723;-0,101313573;-0,373068121;-0,112258835;-0,101311231;0,217969957;-0,587096277;-0,10131803;-0,101301757;-0,101312255;-0,227478325;0,14641474;-0,101338702;-0,603628015;0,325854215;-0,330930094;0,163481742;-0,101322049;0,366770016;0,074670372;-0,373520091;-0,471594453;-0,101310884;-0,349634262;0,299975286;-0,265466882;0,344672375;0,415001361;-0,453538442;0,243895541;0,075917502;-0,185563598;-0,33590317;0,25179677;-0,101310122;-0,101319542;-0,271917947;-0,170670032;0,349290805;-0,289573745;-0,101333263;-0,101311643;-0,101332022
-1,468534922;-0,098198003;0,712053923;0,200551299;0,358252855;-0,098195738;-0,098201535;-0,098203011;-0,098196161;-0,098200075;-0,098201722;0,023040379;-0,294724034;-0,124821029;-0,516032484;-0,098198175;-0,80200226;-0,527313504;-0,484798939;-0,40306039;-0,098196846;0,030873224;0,551674623;-0,098200993;-0,165261474;-0,214006619;-0,098201265;-0,098201302;-0,500401899;-0,098196577;-0,408239568;-0,133487791;0,628512128;-0,098202507;-0,098201459;0,12896374;-0,098197196;0,212512761;-0,098202696;-0,098198452;-0,765323847;0,054718714;-0,807796542;-0,517059053;-0,098197245;-0,366628827;0,14154322;-0,098197846;-0,305128703;-0,089784763;-0,098197844;-0,09820079;-0,098202809;0,054606388;-0,237567306;0,179227486;-0,357476341;0,18669111;-0,09819737;0,022166118;-0,098201296;-0,09820294;0,111330819;0,209495763;0,055890666;-0,098197365;-0,190795648;0,591932266;0,250543234;0,116189199;0,462642344;0,407022428;-0,382515761;-0,605795042;-0,027638124;-0,518441358;0,243996993;-0,09820256;-0,417506948;-0,098200164;0,657377826;-0,827754457;0,374763126;-0,098199514;0,347272731;0,092306399;-0,098202403;0,529154528;-0,098198284;-0,098203172;-0,579425502;0,253542277;-0,098197345;0,374370949;-0,323050359;0,423233564;-0,321635608;-0,157617547;0,246834787;0,218390485;-0,098201758;0,296120577;0,282141975;0,354098689;0,639933745;0,256830079;-0,098200992;0,305366022;-0,264467827;-0,471747446;-0,640435648;-0,098200638;-0,657264725;-0,452242121;0,052052171;-0,341729045;-0,098196861;0,371601425;0,149799508;-0,098201311;-0,450055706;-0,098201878;0,381122856;-0,098200205;-0,228005174;-0,098202843;0,395030114;-0,446277905;0,203559614;-0,098196159;-0,298259307;-0,572617956;-0,586695578;-0,581871131;0,439051665;0,059303297;-0,098199453;-0,262209635;-0,098202173;-0,098202818;0,320275191;-0,098199612;0,45961985;-0,105020959;-0,264351987;-0,098200755;0,278944605;-0,147936611;-0,098201078;0,617050635;-0,098203039;0,116125347;-0,579698452;-0,098200407;-0,098199957;-0,09819644;-0,257382054;-0,348129389;0,126160678;-0,588234579;-0,112686075;-0,06648379;0,212828654;0,231641962;0,76581178;-0,193704639;-0,519494328;-0,368591989;-0,403782628;-0,362364705;-0,098202314;-0,452979286;-0,098197968;-0,098202306;-0,318209498;-0,261988534;-0,072165847;-0,774900263;0,349539551;-0,098196934;-0,098203101;-0,098195969;0,309993176;-0,579545999;-0,098200964;0,35509623;-0,596502687;-0,468141098;-0,862581063;-0,098202858;-0,000938612;0,449908272;-0,098198294;-0,206200781;-0,30674693;-0,146760232;0,505929661;-0,596409551;0,538311209;0,328359692;-0,098202233;0,17025598;-0,098201145;-0,098200442;-0,098196251;-0,579606322;-0,406589236;0,304528439;0,088890835;-0,519042437;0,117039752;-0,564450897;0,149538136;-0,098202566;0,177424653;0,071937817;0,597355056;-0,098202432;-0,098199275;-0,022261095;-0,098197957;0,222412374;0,741467512;-0,098197497;-0,526827045;0,112188241;-0,098198704;-0,098195877;-0,098197716;0,278382844;-0,692268842;-0,098202428;0,355301625;0,46431164;0,253557326;-0,661058823;-0,098199448;-0,368180141;-0,646905975;-0,00886461;-0,424058575;-0,098197483;0,220059491;-0,430754544;0,30160257;0,066228864;-0,528755372;-0,565606865;-0,488734328;0,306435866;0,507138762;0,118850547;0,633161571;-0,098197467;-0,098198985;0,487014665;0,649577427;-0,552851279;0,402284164;-0,098201605;-0,098197593;-0,098201244
-1,58960342;-0,092280911;-0,265517939;-0,00618827;-0,396472139;-0,092277657;-0,092286023;-0,0922881;-0,092278285;-0,092283909;-0,092286161;-0,384266851;-0,352502597;0,12873286;0,372494105;-0,092280234;-0,124517183;-0,294605886;-0,488874612;0,241843146;-0,092279239;-0,399734928;-0,416048618;-0,092285272;0,291532946;-0,437693213;-0,092285643;-0,092285707;0,415109992;-0,092278889;0,180973306;-0,356840719;0,365680904;-0,092287267;-0,092285854;0,356637373;-0,092279753;0,289058386;-0,092287692;-0,092281579;-0,243287451;0,25532152;0,075655126;-0,330272331;-0,092279851;0,304285564;0,215723421;-0,09228077;0,369685823;-0,066583992;-0,092280686;-0,092284915;-0,092287854;0,23001678;-0,25342157;-0,544689863;0,217979205;-0,637897747;-0,092280023;-0,537570484;-0,092285307;-0,092287806;0,177437789;-0,406974776;0,290792616;-0,092280058;-0,573538621;-0,233399635;-0,341785524;-0,545503011;-0,299747744;0,300337143;-0,327866642;0,28492731;-0,49039995;0,332656422;-0,025916222;-0,092287455;-0,419133263;-0,092284062;-0,327181266;-0,315646035;-0,624394764;-0,092283137;-0,366617866;-0,517564425;-0,092287274;0,240895814;-0,092281371;-0,092288375;0,174624503;-0,317047762;-0,092280001;0,407808612;0,220584302;-0,589679812;-0,65467652;0,089660186;0,044395009;-0,483049101;-0,092286336;0,066093179;0,226010472;0,272772303;-0,029937781;-0,491383484;-0,092285202;0,067604286;0,399862846;0,235446161;0,202101235;-0,09228466;0,283338907;0,24689326;-0,38891894;0,329766286;-0,092279261;-0,297550298;0,14040716;-0,092284906;-0,351535232;-0,09228649;0,142390119;-0,092284013;-0,531979088;-0,09228788;0,222945244;-0,39573469;0,29533725;-0,092278285;-0,399365579;0,120846007;0,267910751;-0,437287909;-0,293331153;-0,266912326;-0,092283067;0,375357149;-0,092286956;-0,092287745;-0,412322385;-0,092283241;-0,301284359;0,348813901;-0,432748197;-0,092284886;-0,471427666;0,235346355;-0,092285425;-0,206224268;-0,092288203;0,261937628;-0,22083277;-0,092284449;-0,092283757;-0,092278708;0,353953755;0,500219318;0,070076175;0,235698638;-0,598614718;0,320967449;0,118973904;0,144908853;-0,18484789;0,270969933;0,358869605;0,424452032;-0,171554812;0,25571151;-0,092287211;0,111393022;-0,092280873;-0,092287114;-0,291076022;0,323632426;0,108745866;0,23392851;-0,315626263;-0,092279368;-0,092288185;-0,092278002;0,036024255;0,101341139;-0,092285149;-0,314082389;0,30327824;-0,522145068;0,341305446;-0,092287939;-0,302038438;-0,011731263;-0,092281488;-0,369856361;-0,194828834;-0,357495743;0,060316584;0,281439499;-0,376766033;-0,351218916;-0,092287041;0,220240715;-0,09228544;-0,092284461;-0,092278408;0,026588977;0,267134825;0,315842557;-0,403769557;0,404817187;-0,208672406;0,338127551;0,262986613;-0,092287499;-0,389320662;0,378422165;0,180834492;-0,092287343;-0,092282789;-0,149267833;-0,092280849;0,325585501;0,435994753;-0,09228021;-0,218069256;0,190110431;-0,092281975;-0,092277837;-0,0922805;-0,487141439;-0,338488763;-0,092287285;0,252008585;-0,298893385;-0,217037886;-0,170575134;-0,092283002;0,402513206;0,207608051;0,178332116;-0,399333555;-0,092280146;-0,385044131;-0,387735652;0,240955475;-0,445458494;-0,488707495;-0,480601189;-0,38306789;0,202741638;0,205239155;0,404762778;-0,271723226;-0,092280138;-0,09228235;-0,392788005;0,500634135;0,320162614;-0,435532059;-0,092286008;-0,092280336;-0,092285565
-1,346323006;-0,08796766;-0,322226533;0,156854395;-0,439244912;-0,087974804;-0,087955628;-0,087951248;-0,087973432;-0,087960389;-0,087955661;0,127832243;-0,137329883;0,283908419;0,166209879;-0,087968349;-0,567055964;-0,283139414;0,366742694;-0,357241602;-0,087971114;0,394401538;-0,394630119;-0,087957359;-0,294674214;-0,599222306;-0,087956779;-0,087956358;0,27729588;-0,087972427;0,174595522;-0,348662526;0,294929515;-0,087953197;-0,087956115;0,308364442;-0,087969916;-0,689473668;-0,087951989;-0,0879656;-0,223834434;0,104228816;0,228395385;-0,354864303;-0,087969768;-0,435467;0,214759594;-0,087967605;-0,215151425;-0,121716234;-0,087967672;-0,087958263;-0,087951603;0,019752266;-0,324952208;-0,563731638;0,227741104;0,21571602;-0,087969288;0,235433322;-0,087957602;-0,087951133;0,299192318;-0,359247631;-0,580519919;-0,087969239;0,224533915;-0,1835338;-0,3828977;0,072239941;-0,440837451;0,211773746;-0,295177106;0,31924087;-0,746894887;-0,145420406;-0,408749755;-0,087952494;0,063679627;-0,087959993;-0,151185694;-0,29023295;0,12725603;-0,087962121;-0,47462115;-0,438294878;-0,087952845;0,295046694;-0,087966189;-0,087950428;-0,392641648;0,296598792;-0,087969353;-0,511458901;0,260506085;0,295698883;0,265812737;0,086609669;0,172218598;-0,324733307;-0,087954991;0,09215154;-0,698395642;0,135784281;0,230717517;0,2241739;-0,087957391;-5,27E-05;-0,449697071;-0,397009106;0,231323263;-0,08795898;-0,550405521;0,211105462;-0,464151751;-0,319010668;-0,0879711;-0,33517938;0,251752214;-0,087959113;0,434004778;-0,087954884;0,221123883;-0,087960609;-0,00845861;-0,087951516;0,114732596;0,182626347;0,101710799;-0,087973384;-0,426244931;0,256233355;0,054339774;0,271095126;-0,409660504;-0,15379499;-0,087962335;0,173856788;-0,087953685;-0,087951925;-0,314035395;-0,0879621;0,36771475;0,304195703;0,422621079;-0,087958236;0,397345792;0,26055455;-0,087957041;-0,227580556;-0,087950845;0,091132577;0,535158244;-0,087959209;-0,087960724;-0,087972416;-0,384999912;-0,319079592;0,013643595;0,340706634;0,257486237;-0,576024598;-0,544511692;0,03288776;-0,249097594;0,12504948;0,434752594;0,414748661;-0,324240372;0,195697112;-0,087953504;0,035181246;-0,08796729;-0,087953224;-0,202422554;-0,493838628;0,111170237;-0,641695635;-0,268630332;-0,087970807;-0,087951096;-0,087974176;0,188802228;0,215575857;-0,087957378;0,287016236;-0,33621894;0,385310955;-0,34498807;-0,087951436;-0,30445923;0,188560422;-0,087966257;-0,187676766;-0,32999372;-0,255103392;0,140792673;0,33401435;-0,311856363;-0,593485463;-0,087953412;-0,199484329;-0,087957061;-0,087959164;-0,087973077;0,110350488;0,42630412;0,285252137;-0,562427196;0,299296525;-0,190057736;-0,506320447;-0,701747724;-0,087952391;-0,352670069;0,012600498;0,202504222;-0,087952754;-0,087962979;-0,235647227;-0,08796738;0,431893642;0,173500725;-0,087968781;-0,310160976;0,202211446;-0,087964789;-0,087974418;-0,08796818;-0,218646777;0,418889204;-0,087952791;0,213654199;-0,16814532;0,167803657;-0,420634689;-0,087962454;-0,333618863;0,167796539;0,242375227;0,38351133;-0,08796899;-0,365281824;0,336259248;0,078453207;-0,472729643;-0,350332676;0,371882491;-0,15028947;-0,668909629;0,273258421;0,364458728;0,47606507;-0,087969737;-0,087963939;0,310716204;-0,366078908;-0,232128545;-0,499717793;-0,087956061;-0,08796857;-0,087956659
-1,431895551;-0,086337871;-0,386107984;0,33226302;0,417937057;-0,086328813;-0,086352336;-0,086357898;-0,086330464;-0,086346394;-0,086352659;-0,521801794;0,381903792;0,400214874;-0,454462322;-0,086336551;0,18038312;0,280941611;0,292583527;-0,026287745;-0,086333257;-0,279697092;-0,581009044;-0,086350183;0,368351042;0,270677065;-0,086351172;-0,086351414;-0,576796979;-0,086331927;0,056154159;0,359287605;-0,393440909;-0,086355541;-0,086351812;0,359682985;-0,086334745;-0,57415017;-0,086356874;-0,086339962;-0,242566223;-0,447238932;0,253645889;0,045206393;-0,086334949;-0,325473928;-0,555928643;-0,08633757;0,448942893;-0,300544127;-0,086337445;-0,086349244;-0,086357367;0,346903937;-0,182870683;0,285847668;0,213950619;0,298561667;-0,086335549;-0,337404332;-0,086349838;-0,086357518;-0,127790132;-0,300416936;-0,462596636;-0,086335561;0,197910938;-0,2653017;-0,407442115;-0,479150667;-0,546344429;-0,285374273;0,105519183;-0,46673318;-0,478015198;-0,10540575;-0,33279808;-0,0863563;0,351561846;-0,086346885;0,241957444;0,394803552;0,225798538;-0,086344278;0,306958866;0,09479159;-0,086355848;0,243453851;-0,086339286;-0,08635886;0,098231741;-0,390492128;-0,086335447;-0,498841727;0,111866623;-0,427542398;0,327360205;0,081158998;0,181944486;0,056514338;-0,086353157;0,035390092;0,129473565;-0,356934228;0,059613238;-0,487171878;-0,086350116;0,082451035;0,413168644;0,142893074;0,37259212;-0,086348347;0,093863957;0,133978453;-0,604368826;0,010942983;-0,086333334;-0,397298238;0,205994179;-0,086348767;-0,203406416;-0,086353432;-0,572380356;-0,086346405;0,324631079;-0,086357477;0,115531749;0,358310176;-0,338915925;-0,086330568;0,350130213;0,234320445;0,355139108;-0,37784614;-0,450537771;0,386636278;-0,086344013;0,169428014;-0,086354837;-0,086357052;-0,374676281;-0,086344514;0,005275317;-0,043394961;0,221331847;-0,086349112;-0,188219607;-0,44350427;-0,086350593;-0,394835527;-0,086358357;-0,485089323;-0,399452139;-0,086347945;-0,086346015;-0,08633173;0,093406887;-0,414813874;-0,492986135;-0,138038751;-0,440528616;0,244303037;0,300894704;-0,300011489;-0,336081791;-0,478834513;0,312646757;0,391244625;-0,272393701;0,214369461;-0,086355391;0,173998571;-0,086337922;-0,086355349;-0,167055829;0,228782299;-0,699865903;0,208501878;-0,429837699;-0,086333669;-0,086358255;-0,086329657;-0,42828251;0,431016108;-0,086350238;0,315881505;-0,320504298;0,502939703;0,386762637;-0,086357573;-0,486602959;0,042643477;-0,086339414;0,220211401;0,418706798;-0,347162538;0,035776294;-0,270878628;-0,421017931;-0,587833344;-0,086355163;0,192255231;-0,086350818;-0,086347959;-0,086330932;-0,042585714;0,30666558;0,246112008;-0,423702295;0,199182705;-0,324682528;0,237031828;0,219527072;-0,086356387;-0,392593081;-0,395439145;0,23994726;-0,086355921;-0,086343217;-0,260135484;-0,086337812;0,217474905;-0,438594396;-0,086336105;-0,354259492;-0,46113281;-0,08634096;-0,08632927;-0,086336851;-0,488806232;-0,271869234;-0,086355868;-0,194347772;-0,366002976;-0,316312458;-0,290085883;-0,086343883;0,273823892;0,413016571;-0,547318581;0,375851013;-0,086335899;-0,290639008;-0,347032992;0,39301424;-0,356435669;0,341337824;-0,360495317;0,362517089;0,212060209;-0,352229189;-0,400975191;-0,310859519;-0,086335409;-0,086342078;-0,282531499;-0,322872065;0,219568858;0,42712086;-0,086352034;-0,08633638;-0,086351061
-1,377263655;-0,077439747;-0,254816166;0,056501583;0,069464057;-0,077443631;-0,07743307;-0,077430684;-0,077442875;-0,077435659;-0,077433109;0,126365309;-0,202087526;-0,187599377;0,275569572;-0,077439743;0,104504862;-0,338858397;-0,343744402;0,391671938;-0,077441634;0,281425734;-0,449017844;-0,077434013;-0,270522398;0,278836942;-0,077433693;-0,077433458;0,260892148;-0,077442412;-0,696591691;0,111642103;0,20703672;-0,077431793;-0,077433357;0,493881126;-0,077440936;-0,036563127;-0,07743108;-0,077438523;-0,409174143;-0,052145484;0,235941367;-0,404358032;-0,07744081;0,369770985;0,174702231;-0,077439637;-0,38530013;-0,132393718;-0,077439693;-0,077434544;-0,077430859;0,026562796;-0,185680037;0,539102878;-0,476605623;-0,560034063;-0,077440562;0,145779637;-0,077434255;-0,077430663;-0,389646327;0,365363579;-0,537582947;-0,077440547;-0,144517517;-0,348705073;-0,388188429;0,063734012;-0,567165512;0,099033984;-0,232492139;-0,377916156;0,365447888;-0,443055622;0,478612665;-0,077431354;-0,815781899;-0,077435422;-0,250494186;-0,498717455;0,162665291;-0,077436623;-0,566900938;-0,280182744;-0,077431513;0,455051779;-0,077438869;-0,077430207;-0,560090181;-0,538150052;-0,077440632;0,38087181;-0,533660339;0,418620667;0,114195435;0,220526488;-0,790749298;-0,392218562;-0,077432704;0,211497708;0,222515552;0,118236875;0,365492474;-0,133508514;-0,077434027;-0,506333813;0,550882788;-0,478740947;0,356275438;-0,077435031;-0,652467332;-0,67553921;-0,489815952;-0,183493658;-0,077441576;-0,231320065;0,421837415;-0,077435344;-0,446686818;-0,077432673;-0,682256686;-0,077435808;0,239218706;-0,077430808;0,250570375;0,30158139;0,045745106;-0,077442828;-0,440464221;-0,582293646;-0,081608403;0,103677503;-0,578895729;-0,134868735;-0,077436736;0,473913312;-0,077431965;-0,077431081;-0,07013837;-0,077436632;0,430052483;0,223091126;0,353599707;-0,077434451;0,362824044;0,395888949;-0,077433845;-0,349810246;-0,07743045;0,246790237;-0,453661178;-0,077435014;-0,077435862;-0,077442344;0,32557574;-0,468069328;0,105509717;-0,634128796;0,131719826;0,516557093;0,364679596;0,222882443;-0,332891038;-0,214916036;-0,572342145;-0,45965299;-0,163051616;0,386901405;-0,077431896;-0,35406489;-0,077439461;-0,077431765;-0,287338975;-0,400167262;0,208788903;0,297337646;-0,640953456;-0,077441431;-0,07743051;-0,077443253;0,128516468;0,288645588;-0,077434144;-0,327273214;-0,463205556;0,383587239;0,446457392;-0,077430743;-0,433269082;0,318267986;-0,077438967;-0,309510846;0,715117558;-0,445374275;0,236333654;-0,455576401;-0,46761791;0,102363012;-0,077431801;-0,536122927;-0,077433821;-0,07743499;-0,077442671;0,196334942;-0,52625147;0,415012601;0,345997878;0,29944167;-0,363861096;-0,033628758;0,243126267;-0,077431308;-0,627459846;-0,105719993;0,180060132;-0,077431473;-0,077437087;-0,242430216;-0,07743953;-0,630553946;-0,496512486;-0,07744031;-0,225880166;-0,22627682;-0,077438107;-0,077443426;-0,077439983;-0,498041434;0,477036866;-0,077431546;0,163658303;-0,317952951;0,209456383;-0,554987838;-0,077436793;0,338882568;0,041162505;0,186767069;-0,438904858;-0,077440431;-0,435267007;-0,465593539;0,145586692;0,359203154;-0,373936897;-0,356159255;-0,393194503;0,1991434;0,488846062;0,095765886;0,167730779;-0,077440697;-0,077437608;0,256589299;0,272663411;-0,418047284;0,4480894;-0,077433334;-0,077440171;-0,077433619
-1,354333376;-0,078192496;0,204506679;-0,578201528;-0,299213268;-0,078192872;-0,078191553;-0,078191346;-0,078192794;-0,078191864;-0,07819168;-0,645328613;-0,561355208;-1,074096342;0,286020746;-0,078192484;0,106764009;-0,162069865;0,126082151;0,05535186;-0,078192618;-0,294017874;0,780614217;-0,078191646;-0,237625065;0,016483355;-0,07819168;-0,078191566;0,025487369;-0,078192818;0,110059131;0,935505353;0,635521789;-0,078191436;-0,078191621;-0,05353211;-0,078192519;-0,676912538;-0,078191317;-0,078192189;-0,309825373;-0,287535816;0,106572143;-0,606230862;-0,078192526;-0,30302035;-0,421226051;-0,078192335;-0,258194898;-0,268475568;-0,078192357;-0,078191768;-0,078191279;-0,871439734;0,12618106;0,279728116;0,921978149;-0,166071177;-0,078192471;-0,199120267;-0,078191718;-0,078191236;-0,315814771;-0,201563971;-0,510311405;-0,07819248;0,123927921;-0,269562243;-0,345022713;0,094526005;0,165971517;-0,239757305;-0,035021885;0,202162424;-0,492779686;-0,603831879;-0,204002862;-0,078191347;-0,67585228;-0,078191831;-0,09830498;-1,008882121;0,147133078;-0,078191968;-0,611754676;0,037084724;-0,078191349;0,642871453;-0,078192252;-0,078191188;-0,030234474;-0,35789534;-0,078192467;-0,586360806;-0,03462988;-0,398915989;0,385470972;0,010481639;0,236905949;0,732907112;-0,078191491;0,113625795;0,125913298;-0,174131296;0,249921419;0,081236602;-0,07819165;-0,031311379;0,000226928;0,784469093;0,843557258;-0,078191758;0,239676555;0,25098584;0,173697274;-0,126857702;-0,078192635;-0,385231257;0,077267405;-0,078192145;0,142980432;-0,078191617;0,201935266;-0,07819202;0,369580731;-0,078191286;0,182083325;0,291232341;-0,251433435;-0,078192791;0,131064986;0,884335555;0,37879003;-0,440951923;0,180922422;0,726569631;-0,078191964;0,029632055;-0,078191395;-0,078191369;-0,197954258;-0,078192046;0,154886375;-0,196901962;-0,14577291;-0,078191719;-0,213322278;-0,279016532;-0,078191628;0,683299613;-0,078191231;0,195960613;0,440684383;-0,078191771;-0,0781919;-0,078192693;0,312495136;-0,41608591;0,276300634;0,44894716;-0,334229;0,060423892;0,344997885;0,181430367;-0,125766421;-0,266257437;0,16344025;-0,12687565;0,223180146;0,418494694;-0,078191566;0,033950267;-0,078192323;-0,078191386;-0,274160323;0,29851345;0,327471168;0,197036468;-0,477983708;-0,078192589;-0,078191297;-0,078192826;-0,154367577;-0,298258291;-0,078191592;-0,997411894;-0,245310892;-0,35760957;-0,617886203;-0,078191265;0,917968269;-0,214949751;-0,078192315;-0,479676146;-0,395649964;-0,157265935;0,144734022;-0,310264256;-0,521393051;0,083639224;-0,078191394;0,237491989;-0,078191743;-0,078191754;-0,078192784;0,133907378;-1,073674367;0,15643525;-0,966543086;-0,95294189;0,652740015;0,168102376;-0,950641855;-0,078191326;-0,493713899;-0,208739805;0,215410628;-0,078191356;-0,078192052;-0,12428464;-0,078192313;0,413727669;0,530292666;-0,07819241;0,405682518;-0,10681252;-0,078192178;-0,078192851;-0,078192399;-0,388379516;-0,42422479;-0,078191373;-0,169576945;-0,014075022;0,375006712;-0,56200419;-0,078191968;0,337324149;-0,802111221;-0,453709167;0,27098886;-0,078192453;-0,370952158;-0,293725408;-0,758370148;-0,279956635;-0,307369583;0,564233838;-0,298964124;-0,648843403;-0,113686617;0,448273773;0,880198349;-0,078192631;-0,078192099;-0,326225958;-0,290467539;0,169313144;-0,301586201;-0,078191702;-0,078192417;-0,078191593
-1,333576809;-0,081716873;0,386376766;-0,605718131;-0,505716628;-0,081716037;-0,081718138;-0,081718735;-0,081716144;-0,081717555;-0,08171829;0,181979965;-0,324066518;0,847300496;0,215878234;-0,081716586;0,19580975;-0,173421255;0,147994278;0,365286665;-0,08171641;-0,443416637;-0,687990781;-0,081717923;-0,317832717;0,255694808;-0,081718089;-0,081718045;-0,623378236;-0,081716376;0,330571094;-0,614864896;-0,542991949;-0,081718492;-0,081718131;-0,112902222;-0,081716522;0,592705357;-0,081718561;-0,081716962;-0,254058324;0,252968271;0,291589516;0,050932971;-0,081716516;-0,444562992;-0,686152523;-0,08171674;-0,204961886;-0,314485175;-0,081716765;-0,081717873;-0,081718618;0,64771598;0,39486601;-0,156627445;-1,137384892;0,089555175;-0,081716566;-0,067793837;-0,081718099;-0,08171869;0,081885145;-0,481239387;0,612115194;-0,081716569;0,433729054;-0,106751969;-0,459513448;0,171386092;0,336288152;-0,315535694;0,272872036;0,216791148;-0,671565005;0,498245684;-0,266551943;-0,081718513;0,406279383;-0,08171765;-0,427741986;0,808243402;0,260015385;-0,081717383;-0,374932424;-0,206066326;-0,081718465;-0,476903614;-0,081716918;-0,081718787;-0,677708402;0,164867448;-0,081716577;0,059687911;0,453464489;-0,382074962;-0,718805286;-0,01966407;0,195239405;-0,803557867;-0,081718214;0,120993978;0,204036126;-0,40071384;-0,202838984;0,233550419;-0,081717893;0,034800496;0,107140584;-0,663500177;-1,128017535;-0,081717728;0,256974972;0,399563685;-0,107463153;0,491596539;-0,081716401;-0,21472714;0,173489564;-0,081718158;0,20025232;-0,08171838;0,261007458;-0,081717621;0,217699443;-0,08171863;0,20511256;0,01346444;-0,343167199;-0,081716187;0,154605142;-1,099301301;0,209063106;-0,466105724;-0,321814865;-0,692409877;-0,08171733;0,022747776;-0,081718358;-0,081718486;-0,206594753;-0,081717446;-0,700644001;-0,328387668;-0,459113121;-0,081717829;-0,504255389;-0,440403789;-0,081717938;-0,711529954;-0,081718723;0,319713607;0,423146756;-0,081717715;-0,081717536;-0,081716282;-0,351616882;-0,385894439;0,21921806;0,474585757;-0,4121546;0,006173365;-0,649625377;0,364848821;-0,181821814;-0,32465262;0,389698799;0,202076535;0,383069116;-0,169779475;-0,0817185;0,02841582;-0,081716778;-0,081718413;-0,499718739;0,046751853;0,114781977;-0,19404252;-0,181239725;-0,08171642;-0,081718807;-0,081716102;-0,02004183;-0,454002748;-0,081717917;0,765666529;-0,367861289;-0,418112127;0,055496754;-0,081718632;-1,177574863;0,210076231;-0,081716978;-0,248331593;-0,337810287;-0,467579774;0,026777124;0,526981622;0,65985172;0,253192895;-0,081718391;0,156963853;-0,081718056;-0,08171773;-0,081716194;0,045176466;0,993287854;0,203831438;0,805084485;0,98216099;-0,743090077;0,161841876;0,524617321;-0,081718516;-0,585362866;-0,478003887;-0,347449756;-0,081718451;-0,081717282;0,335248384;-0,081716784;0,387845849;0,195941921;-0,081716651;0,031895447;-0,136380247;-0,081717072;-0,081716066;-0,081716704;0,502022399;-0,229892493;-0,081718452;-0,452765623;-0,626703968;0,239850913;0,289689489;-0,081717319;-0,396219747;0,420683686;-0,689855523;0,136221469;-0,081716629;-0,339667534;0,322189223;0,865542072;-0,213718714;-0,394215275;-0,525537174;-0,349990157;-0,819562441;0,352943162;-0,573075825;-0,942197774;-0,081716622;-0,081717158;-0,306669022;-0,479239186;0,28264502;-0,227236791;-0,081718131;-0,08171667;-0,08171801
-1,64128106;-0,098937033;0,491093121;0,193823804;-0,38438396;-0,098932945;-0,098943597;-0,098946269;-0,098933697;-0,098940915;-0,098943829;0,372384563;0,343132757;0,583764807;-0,565974072;-0,098936597;-0,026984356;-0,388648232;0,250868625;-0,490257646;-0,09893494;0,30701884;-0,201281803;-0,098942606;-0,093053826;0,274901534;-0,098943122;-0,098943208;0,394101344;-0,098934274;0,202097144;-0,404869601;-0,184903018;-0,098945162;-0,098943393;-0,230350259;-0,098935586;-0,450838609;-0,098945664;-0,098937956;-0,307785683;0,341589227;0,16703815;-0,456897915;-0,098935683;0,611978058;-0,532167561;-0,098936897;-0,288663138;-0,262967154;-0,098936795;-0,098942266;-0,098945934;-0,406483739;0,432890149;0,218987527;0,431991347;0,090505078;-0,098935946;0,147494666;-0,098942435;-0,098946257;-0,520589701;-0,413962815;-0,521249575;-0,098935971;0,353274541;-0,099192343;-0,522296966;0,027802438;-0,559078988;-0,536990963;0,299002525;0,134587537;-0,872115564;-0,529388022;-0,3391979;-0,098945432;0,545403431;-0,098941087;-0,53973799;-0,42544595;0,017970216;-0,098939905;0,278458577;0,187587736;-0,098945208;-0,677958898;-0,098937661;-0,098946628;0,15290609;-0,600088032;-0,0989359;-0,291288568;-0,62066227;0,258558011;-0,165286222;0,012935448;0,260264267;0,434012366;-0,098943992;0,021269118;0,027145676;-0,362553091;0,021053102;0,125478239;-0,098942585;0,046509947;-0,31858071;0,510432265;0,32732756;-0,098941709;0,141333091;0,311983738;-0,578274752;0,089769687;-0,098934973;0,523141896;0,030040581;-0,098942555;0,390713138;-0,098944209;0,519792216;-0,09894087;-0,311819614;-0,098945991;0,192392324;-0,836528875;0,292123299;-0,098933751;-0,620932236;0,338927198;-0,326120476;0,35725735;-0,047258021;-0,365749251;-0,098939824;0,102675134;-0,098944748;-0,098945577;-0,287667596;-0,098940038;-0,176200264;-0,21947521;-0,620542819;-0,09894215;-0,274999585;0,658482639;-0,098942802;-0,719814154;-0,098946404;0,283219237;0,194693331;-0,098941619;-0,098940708;-0,098934256;-0,404070282;-0,659494971;0,157143608;-0,360492244;-0,56519738;0,186274362;-0,232377412;-0,458114774;-0,168897554;-0,392022341;0,226148743;0,391262825;0,58380155;-0,129232368;-0,098945006;0,024884472;-0,098937042;-0,098944994;-0,345036949;-0,141797981;0,253520126;0,166647518;-0,632262186;-0,09893512;-0,098946465;-0,098933349;0,121764017;-0,313618317;-0,098942559;0,383117662;-0,252923025;0,359029594;0,457718316;-0,098946001;-0,542020651;0,199236731;-0,098937793;0,427865183;0,503716797;0,270483346;0,04271244;0,322336547;-0,681216543;0,061693118;-0,098944896;0,218435935;-0,098942971;-0,098941601;-0,098933893;0,125557515;0,278735388;0,192594758;0,182812535;-0,48177655;-0,579490274;0,176504356;0,299324458;-0,098945463;0,179155039;-0,312315584;-0,556962428;-0,09894526;-0,098939464;-0,431287629;-0,098936981;-0,610670418;-0,423283917;-0,098936216;0,445675774;0,357808361;-0,098938424;-0,098933165;-0,098936564;-0,598563126;-0,396571609;-0,098945232;-0,29376707;-0,129152766;0,188129766;-0,153593036;-0,098939756;0,106581451;0,089543631;-0,534407;0,447688146;-0,098936117;0,412179351;-0,006499481;-0,261025635;-0,504713479;-0,438606982;-0,194860041;-0,380217146;0,363953197;0,068281724;-0,433807602;0,309066289;-0,098935917;-0,098938919;0,071711805;0,752884239;0,081477523;-0,407995111;-0,098943478;-0,098936359;-0,098943045
-1,625486886;-0,100749169;0,182122664;0,26299668;-0,407257758;-0,100757071;-0,100735922;-0,100731156;-0,10075557;-0,100741215;-0,100735922;0,160018982;0,195424243;0,209047198;0,138888748;-0,100750308;0,000364491;-0,265545746;-0,551032196;-0,226792088;-0,100753006;-0,232497872;0,093379284;-0,100737825;-0,208282372;0,101559341;-0,100737189;-0,100736759;0,317398661;-0,10075441;0,19836129;-0,21767279;0,49342699;-0,100733358;-0,100736546;-0,420933452;-0,100751699;-0,125284029;-0,100731911;-0,100746957;-0,303997757;0,287542539;0,120780252;0,191000823;-0,100751526;-0,283259437;-0,227639349;-0,10074916;-0,180968665;0,582930574;-0,100749217;-0,100738968;-0,100731499;-0,52317896;0,455119406;0,089014731;-0,348837016;-0,44091667;-0,10075095;0,110038802;-0,100738139;-0,100731649;0,115517624;-0,380306592;0,386837395;-0,100750937;0,287915715;-0,417724209;-0,240061274;0,046376441;-0,621848132;-0,296226932;-0,569968209;0,303306761;0,042805582;-0,483955757;0,375640525;-0,100732414;0,242017077;-0,100740747;-0,249453759;-0,470322574;0,310490613;-0,100743086;0,022610681;-0,506255291;-0,10073286;-0,390441274;-0,100747599;-0,10073019;0,061049296;0,111517113;-0,100751042;0,294281286;0,181776707;0,33867764;-0,53768886;0,025432423;0,206143951;0,220917011;-0,100735249;0,026528749;0,004251199;0,392334416;0,162240527;0,110648735;-0,100737931;0,165450382;0,432472648;0,33298733;0,14688914;-0,100739724;-0,547094304;0,297694888;0,138311973;0,334115514;-0,100752954;0,392629517;0,306381609;-0,100740029;-0,397148289;-0,100735199;-0,258914393;-0,100741322;-0,382936002;-0,10073141;0,039191594;-0,428311858;0,128099228;-0,100755499;-0,461939003;0,31413586;-0,349970954;0,055917263;-0,370842455;-0,326231478;-0,100743341;0,199437602;-0,100733723;-0,100731681;0,343251721;-0,100743038;-0,278939051;-0,30172438;-0,554765186;-0,1007388;-0,175163058;-0,373526626;-0,100737502;-0,477403676;-0,100730656;0,172839653;-0,2827585;-0,10073984;-0,100741526;-0,10075444;0,240464276;0,228208755;-0,449420849;0,420543548;0,197557738;0,257100813;-0,496568977;0,253657675;-0,124369506;-0,028948857;0,112824276;-0,209165175;-0,294149888;-0,557630762;-0,100733517;0,147752274;-0,100748818;-0,100733284;-0,126855281;0,300826492;-0,098234551;0,083359568;0,189531284;-0,100752639;-0,100730953;-0,100756372;0,097014262;-0,055507566;-0,100738011;-0,353410251;-0,304459137;0,430015391;-0,380120634;-0,10073134;0,229027613;0,34221069;-0,100747712;0,212483164;0,185297595;-0,198578272;0,120318609;-0,283301405;-0,37928101;0,001659407;-0,100733433;0,134966328;-0,100737374;-0,100739837;-0,100755158;-0,008729105;-0,518296456;0,396070246;-0,431379059;0,375226755;0,233799758;0,247929426;0,217937157;-0,100732393;-0,515015992;-0,320234631;0,110603708;-0,100732794;-0,100744057;-0,108627699;-0,100748941;-0,232058251;-0,140055048;-0,100750456;0,28473617;-0,412054486;-0,100746035;-0,10075668;-0,100749795;-0,217452356;0,118959287;-0,100732834;0,388896016;0,29948357;-0,304242804;0,109426965;-0,100743468;-0,473552674;0,311273534;-0,508102562;0,358554849;-0,100750619;-0,377782389;-0,467025121;-0,323777405;-0,283212618;-0,391997277;0,262875781;-0,401926874;-0,555926923;-0,165494214;0,162018821;0,428163069;-0,100751427;-0,100745035;0,499007704;-0,33850662;-0,32094605;0,242714589;-0,100736489;-0,10075021;-0,100737072
-1,625484198;-0,09863043;0,093938636;0,251113103;0,074418037;-0,098617804;-0,098650776;-0,098658573;-0,098620099;-0,098642445;-0,098651246;0,27186916;-0,460710042;0,185609865;0,225637137;-0,098628448;-0,625613339;0,057472814;0,198607846;-0,551181945;-0,098624029;-0,428233592;0,068721931;-0,098647752;0,220724596;-0,042324723;-0,098649078;-0,098649504;-0,143290002;-0,098622205;0,259967234;0,350093707;0,430171263;-0,098655304;-0,098650021;0,248919182;-0,098626108;0,163120594;-0,098657149;-0,098633432;-0,398332751;-0,385509766;-0,371269822;0,300313577;-0,09862639;-0,224540878;0,241305125;-0,098630048;0,400192834;-0,141586747;-0,098629927;-0,098646342;-0,098657805;0,224871243;0,33060616;-0,44216045;0,058793602;0,032174444;-0,098627213;-0,701248334;-0,098647214;-0,0986584;0,218596662;-0,343890827;0,197275766;-0,098627264;0,388897258;-0,386915839;-0,53449164;-0,531711596;0,16633608;-0,227862533;0,117315909;0,228978695;-0,652261125;0,170480972;-0,247375119;-0,09865632;-0,016022406;-0,098643144;0,288402596;0,180585191;0,009072032;-0,098639469;-0,509931823;0,184947909;-0,098655708;0,416975472;-0,098632477;-0,098659932;0,144311378;-0,017204273;-0,098627081;-0,510085658;0,221348035;-0,177822835;-0,477948137;0,0410288;-0,023812519;0,181423933;-0,098651929;0,289168027;-0,551784464;0,327453303;0,471713213;0,351365685;-0,098647644;-0,548491759;-0,515984243;0,267367933;-0,351490424;-0,09864512;0,416982789;0,46239675;0,252802238;-0,42358805;-0,098624104;-0,253380966;0,223224433;-0,098645786;-0,212300544;-0,098652316;0,260782007;-0,098642451;0,395901977;-0,09865797;0,318412864;-0,544113261;-0,447153973;-0,098620299;-0,324387422;0,368002394;-0,296692029;-0,118811465;-0,174818731;-0,209011681;-0,098639121;0,378919505;-0,098654234;-0,098657416;0,400353055;-0,098639727;0,108705068;-0,027892552;-0,366976537;-0,098646215;-0,465927824;-0,326535916;-0,09864831;-0,236258534;-0,098659214;-0,455069036;-0,351622061;-0,098644571;-0,098641897;-0,09862185;0,395301177;-0,491052415;-0,51055485;-0,093067008;-0,467741396;-0,51521546;-0,216862682;0,254422512;0,488168582;-0,247963879;0,14191376;0,067365556;0,108098368;0,291387076;-0,098654979;-0,739949481;-0,098630571;-0,098655016;-0,308997595;0,176300794;0,263640028;-0,548737633;-0,441768775;-0,098624622;-0,098659062;-0,098618894;-0,52214433;0,272013881;-0,098647837;-0,279289002;0,171820599;-0,329322446;-0,417736424;-0,098658123;-0,410660206;0,336615986;-0,098632566;0,299487622;-0,426371301;0,26606798;0,393246844;-0,361187052;-0,142489445;-0,503655464;-0,098654711;0,009862169;-0,098648722;-0,098644639;-0,098620742;0,374020884;0,154391991;0,251694483;-0,253007956;-0,27506425;-0,350939077;-0,339331927;0,11511966;-0,098656436;-0,438227192;0,291324557;0,397427245;-0,098655781;-0,098637987;-0,282362922;-0,09863037;0,119159477;0,467035401;-0,098627992;-0,343845898;0,292873785;-0,098634858;-0,098618438;-0,098629054;0,342713395;-0,291984448;-0,098655694;-0,127906429;0,275552525;-0,418255886;-0,262601126;-0,098638919;-0,508497967;-0,443301964;0,222107573;0,179585375;-0,098627693;-0,309203559;0,008786035;0,178857995;-0,051688884;0,306773872;0,326852676;0,41619539;0,021684331;0,403658887;-0,2884701;-0,175606807;-0,098626921;-0,098636375;-0,139939068;0,066615455;-0,536830417;0,022038521;-0,098650251;-0,098628399;-0,098648973
-1,370639194;-0,089023065;0,239219729;-0,289342347;-0,412129912;-0,089023614;-0,089022012;-0,08902179;-0,08902349;-0,089022394;-0,089022114;0,116486801;-0,58333379;-0,753795976;0,219646156;-0,089023563;0,358917686;-0,378053071;-0,36354922;0,502061671;-0,089023304;0,365954623;0,252252727;-0,089022159;-0,28042787;0,249212401;-0,089022153;-0,089022091;0,323484478;-0,089023499;-0,46930411;-0,244224627;0,492260774;-0,08902201;-0,089022095;-0,340422267;-0,089023194;-0,438058531;-0,089021725;-0,089022821;0,337604928;0,245308277;0,275763736;-0,260645713;-0,089023157;0,203161639;0,265293767;-0,089022962;-0,342682357;-0,141332055;-0,089022968;-0,089022261;-0,089021709;-0,695297472;0,487469455;-0,27603456;-0,403037427;0,284342216;-0,089023117;0,113396386;-0,089022241;-0,089022;-0,61731313;0,440430986;0,028222263;-0,089023112;0,321266326;0,450128604;0,32499479;-0,034827014;-0,679191885;-0,3505308;-0,533945494;-0,429447241;0,373791976;-0,580986309;-0,369783556;-0,089021795;-0,539181436;-0,089022346;-0,485868884;-0,634331545;0,164805941;-0,089022556;0,223548156;0,167455124;-0,089021815;-0,534136684;-0,089022834;-0,089021632;-0,412688286;0,238258214;-0,089023146;-0,606234068;-0,602654216;0,406643257;0,137823806;0,145972523;-0,103692417;0,238270741;-0,08902196;0,052865565;0,163613968;-0,120961348;-0,581978975;0,131611406;-0,089022146;0,016902893;-0,306270378;-0,364100234;0,385446101;-0,089022411;-0,500958033;-0,619027156;0,386819164;0,394934839;-0,089023289;0,39458428;0,353114221;-0,08902293;0,29499418;-0,089022075;0,370718821;-0,089022538;0,230603234;-0,089021705;0,091765177;-0,631399673;0,181197443;-0,089023506;0,239678652;-0,171164188;0,089576126;-0,199142119;0,182817456;-0,212597363;-0,089022547;0,194118726;-0,089021867;-0,089021727;-0,21502789;-0,089022598;-0,520538791;-0,401758624;-0,482145157;-0,089022219;0,270609564;0,550336329;-0,089022122;0,202035128;-0,089021659;0,167218486;0,454653956;-0,089022286;-0,089022422;-0,089023422;-0,294869084;-0,20198355;0,059255867;-0,197429195;0,381443756;-0,368019203;0,097353178;0,155182978;-0,43668237;0,212077205;-0,242038331;-0,340297603;-0,112552705;-0,378477416;-0,089021919;-0,16858422;-0,089022979;-0,089021804;-0,312252933;-0,394139396;0,308057576;-0,622704584;-0,532261104;-0,089023268;-0,089021793;-0,08902363;0,168906879;-0,480374089;-0,089022226;0,163061034;-0,380376312;0,512574184;-0,497359534;-0,089021692;-0,183389218;0,317395677;-0,089022989;-0,414636669;-0,416378481;-0,254652462;0,120518414;0,300279113;0,308561313;0,071556553;-0,089021819;0,235777172;-0,08902209;-0,089022276;-0,089023455;-0,621788387;-0,640072087;0,239953355;0,108696312;0,44558744;-0,045286189;0,244192351;0,223187591;-0,089021775;-0,13611989;-0,080842005;-0,480371837;-0,089021799;-0,089022585;-0,253908919;-0,089022995;-0,478710799;-0,332990321;-0,089023105;0,15441186;0,049666662;-0,089022755;-0,089023597;-0,089023053;0,372703211;0,287300799;-0,089021776;-0,53563599;-0,516441213;0,115373642;-0,332807953;-0,089022585;0,358425408;-0,363801213;0,302695041;0,348904584;-0,089023115;0,218952191;-0,403494534;0,275182907;-0,44808015;-0,193904797;0,52534583;-0,385371176;-0,710648595;-0,355886396;0,099579393;0,384686361;-0,089023182;-0,089022676;0,388931908;-0,122007305;0,3013123;-0,388727607;-0,089022153;-0,089023092;-0,089022115
-1,143329327;-0,077096727;-0,041490557;0,805187657;0,380783413;-0,077092699;-0,077103048;-0,077105523;-0,077093403;-0,077100405;-0,077103221;-0,470075821;-0,922401769;0,475814949;0,447511115;-0,077095853;0,313417186;0,495965245;-0,138181459;-0,461700749;-0,077094591;0,156883525;-0,667889282;-0,07710209;0,033773053;0,095095159;-0,077102479;-0,077102661;0,372246594;-0,077094116;-0,398406862;0,557043027;-0,523536212;-0,077104535;-0,077102841;0,614144984;-0,077095248;0,027650123;-0,077105042;-0,077097577;0,248751856;0,680130357;0,18496482;0,454855585;-0,077095366;0,238954118;0,127301018;-0,07709649;-0,085822595;-0,176992865;-0,077096456;-0,077101625;-0,077105304;0,222501993;-0,79948292;-0,527325839;-0,768029835;-0,680044935;-0,07709559;-0,679816831;-0,077101877;-0,077105551;0,691635379;0,266300686;-0,069150722;-0,07709562;-0,509819488;-0,32093988;0,286107559;-0,285375453;0,363372865;-0,331491708;-0,777682404;-0,43952039;-0,367936648;0,405163465;-0,321714949;-0,077104806;0,835093743;-0,077100603;-0,609686679;0,302186597;0,247434285;-0,077099479;0,216384755;-0,943086128;-0,077104581;-0,699469149;-0,077097232;-0,077105965;-0,21615919;0,360928412;-0,077095559;0,116993272;-0,032965814;-0,26763884;-0,171235306;-0,561032445;-0,326265076;-0,734134665;-0,07710342;-0,580606707;0,278282474;0,169555006;-0,021036504;-0,06401831;-0,077102036;0,052764752;0,348445423;-0,1320981;-0,63041406;-0,077101316;0,253573472;-0,236827809;0,458514825;-0,253853992;-0,077094652;-0,562788024;-0,618378808;-0,077101914;-0,816698714;-0,077103588;-0,14803923;-0,077100461;-0,26876335;-0,07710532;-0,629351748;0,149955535;-0,19626039;-0,077093451;0,576743054;-0,070435279;0,651104707;-0,315249908;0,361467621;-0,741564842;-0,077099342;-0,691485298;-0,077104149;-0,077105112;-0,31369701;-0,077099541;0,343997312;0,646318172;-0,380017193;-0,077101602;-0,48644634;-0,115661477;-0,077102258;0,083475721;-0,077105708;-0,547281202;-0,937583239;-0,077101087;-0,077100238;-0,07709396;-0,285002344;0,519359706;0,627367081;-0,220326897;0,249860577;0,183091354;-0,098209331;-0,76726398;-0,252947422;0,18582585;-0,458569322;0,002441689;-0,594816737;-0,352239205;-0,077104396;0,142221784;-0,077096646;-0,077104384;0,681385819;-0,11675411;-0,760719587;0,176493436;-0,086219881;-0,077094801;-0,077105683;-0,077093004;-0,329449095;0,145179321;-0,07710227;-0,189264914;0,408945258;0,445192988;0,259508183;-0,077105368;0,554887524;0,002181823;-0,077097326;-0,208406234;0,546992984;-0,482149615;-0,251638824;-0,14143974;-0,655212764;0,203744078;-0,077104279;0,252524454;-0,07710229;-0,07710108;-0,077093614;-0,137224985;-0,392022782;-0,372089249;0,102583609;0,44547181;0,206902253;-0,973958163;-0,363924492;-0,077104827;0,248171873;-0,467839356;0,356707807;-0,077104653;-0,077098992;0,593142864;-0,077096601;-0,465807254;-0,374915021;-0,077095861;-0,842061259;-0,657437882;-0,077098011;-0,077092897;-0,077096205;-0,12476596;-0,239275622;-0,077104597;0,603665362;-0,731545611;0,151425614;0,149979595;-0,077099275;0,262640556;0,311593333;0,096201175;-0,106851071;-0,07709575;0,435796637;0,528789397;0,755355613;0,239493349;0,294737312;-0,159169014;0,544081463;0,087926802;-0,194779126;-0,464709546;-0,297554181;-0,077095528;-0,077098474;0,226678478;0,320898479;-0,300760898;0,455041767;-0,077102906;-0,07709599;-0,077102477
-1,394636684;-0,081847929;0,321060489;0,19542056;0,300925728;-0,081839351;-0,081861678;-0,081867022;-0,081840905;-0,081856031;-0,081861969;0,050160352;-0,288736095;0,310324134;0,068719804;-0,081846645;-0,28371755;0,311230695;-0,397481464;-0,338728193;-0,081843578;-0,201947388;-0,450862631;-0,081859631;0,347730842;0,238612535;-0,081860529;-0,081860817;-0,34320147;-0,081842238;0,254095409;0,232406402;-0,026724671;-0,081864678;-0,081861181;0,087269623;-0,081844971;0,113968027;-0,081865995;-0,081849922;0,296587998;-0,08777925;-0,307270731;-0,490364109;-0,081845146;-0,382645966;0,064633166;-0,081847653;0,465346477;-0,037935821;-0,081847557;-0,081858748;-0,081866466;-0,140287338;-0,510506246;-0,246983879;0,201021962;0,171116562;-0,081845718;0,204928922;-0,081859353;-0,081866963;-0,631075656;-0,420432461;0,029113189;-0,081845776;-0,393447956;0,406692438;0,263674103;0,305173815;0,052187375;0,36278087;0,232115294;0,227007132;0,21493625;0,142298133;0,231899387;-0,081865448;0,194617663;-0,081856537;0,251684233;0,075886857;-0,436398211;-0,081854004;0,436853832;0,209134748;-0,081865041;0,46818847;-0,081849238;-0,081867892;-0,568246384;0,313785434;-0,081845614;0,167450022;0,320110073;-0,288621109;-0,36477674;0,212389555;0,326025346;-0,449696859;-0,081862487;0,251941621;-0,447983981;0,126184908;-0,467830438;-0,568001377;-0,08185958;-0,512435032;0,590476227;0,191962804;-0,270832677;-0,081857857;-0,319084429;-0,315381138;-0,678736623;-0,303253008;-0,081843628;-0,422119306;-0,617477884;-0,081858525;-0,150876142;-0,081862731;-0,06449793;-0,081856029;-0,244452957;-0,081866553;-0,394087849;-0,263508333;0,310136274;-0,081841021;-0,28812297;-0,505115026;-0,475825963;-0,458950091;0,177913068;-0,113924422;-0,081853764;-0,327265342;-0,081864056;-0,081866141;-0,385328275;-0,081854199;0,21286704;-0,334141094;0,447805179;-0,081858625;0,216872087;-0,067117672;-0,081859982;-0,201853297;-0,081867425;0,087888829;-0,568424954;-0,081857503;-0,081855668;-0,081842096;-0,328861641;0,338950679;-0,353690284;-0,259864793;-0,191866912;0,386994636;0,289420259;-0,571240213;0,191899301;-0,375637123;0,215547498;0,364268118;-0,526780889;0,480193679;-0,081864548;-0,534880656;-0,081847985;-0,081864534;0,408614791;0,339253897;0,16782379;-0,300114602;0,416550012;-0,08184398;-0,081867307;-0,081840073;0,204171895;0,205749106;-0,081859788;0,360219214;0,120240147;-0,138882208;0,242210278;-0,081866666;-0,372243971;-0,514758895;-0,081849297;0,342770361;-0,187548748;-0,568730688;-0,471898164;-0,130020746;-0,233261427;-0,572361582;-0,081864332;0,219327231;-0,081860236;-0,081857482;-0,081841332;0,210115136;0,198408121;-0,509245889;-0,472071382;-0,304764107;0,305149714;-0,166203472;-0,470019879;-0,081865519;-0,330625411;0,225699867;-0,329056826;-0,081865073;-0,081853018;-0,360293342;-0,081847877;0,186372561;-0,376381047;-0,08184626;-0,063803428;0,154282948;-0,081850887;-0,081839767;-0,081846955;0,171419733;-0,486422391;-0,081865055;0,14658393;0,062992573;-0,488091249;-0,400170121;-0,081853623;-0,180330432;-0,281901878;0,032636613;0,340074533;-0,081846054;0,521225052;-0,277895992;0,209434554;0,014839252;0,37798577;-0,436622587;0,347865407;0,101393365;0,242882133;-0,330232115;-0,326947921;-0,081845529;-0,081851945;-0,339787752;0,01321688;0,410722303;-0,27938553;-0,081861373;-0,081846509;-0,081860453
-1,122260843;-0,069221415;-0,695204053;-0,518523064;0,149305505;-0,069221472;-0,069221045;-0,069220986;-0,069221408;-0,06922108;-0,069221156;0,148308783;-0,070325103;0,373065003;0,10300198;-0,069220954;-0,10582902;0,411682548;0,280293309;0,412516466;-0,069221343;-0,037539514;-0,828140409;-0,069221081;0,67610495;-0,353153001;-0,069221077;-0,069221065;0,090962751;-0,069221473;-0,457279251;0,181568421;-0,668743401;-0,069221085;-0,069221013;0,648208542;-0,069221292;-0,118086385;-0,069221001;-0,069221226;0,156834295;-0,040614291;-0,20217507;0,381846999;-0,069221292;-0,1088394;-0,066187029;-0,069221254;0,413696004;-0,517617313;-0,069221277;-0,069221106;-0,069221009;0,262240949;0,387884313;0,04767223;0,148500549;-0,011020348;-0,06922128;0,225274541;-0,069220782;-0,069221052;-0,910632982;-0,347382024;-0,110232957;-0,069221292;-0,188298346;-0,496076862;0,052990671;0,309624363;-0,152511608;-0,43940252;-0,110176927;0,178193894;0,392878691;-0,254441509;-0,490558408;-0,069221025;0,213003749;-0,069221139;0,241761245;0,061337453;0,700531736;-0,069221119;-0,204107334;-0,959421124;-0,069220989;-0,34749903;-0,069221218;-0,069220983;0,047215224;-0,209729858;-0,069221301;-0,135751055;-0,299425591;-0,175447917;0,315871533;0,211158342;0,359260567;0,287524658;-0,069221011;-0,516037655;-0,51630452;-0,715806153;-0,333704353;0,150202061;-0,069221049;-0,910814959;0,743998381;0,46533211;0,04246885;-0,069221144;-0,394665447;-0,078203221;0,286398403;0,392561742;-0,06922137;-0,019756321;0,110570404;-0,069221623;-0,645167007;-0,069221094;0,293379914;-0,069221183;0,152969267;-0,069221;-0,346131715;0,342969295;0,719185793;-0,069221404;-0,320315556;-0,496501358;0,240982484;-0,436958831;-0,037721202;-0,410300079;-0,06922114;0,338478211;-0,069221035;-0,069221016;0,593142092;-0,069221205;0,172870667;-0,40436042;-0,557424696;-0,069221076;-0,292597326;0,155784266;-0,069221058;0,370703965;-0,069220997;-0,592331383;0,339576283;-0,069221114;-0,06922112;-0,069221416;-0,09843246;-0,088733548;-0,582080108;-0,231805175;-0,360488687;0,501440464;-0,396821815;-0,414719279;0,516376128;-0,543211502;0,252624576;0,40800305;0,134131564;0,152301451;-0,069221096;0,407840694;-0,069221235;-0,069221017;0,261404359;0,103335612;0,089871101;-0,255206358;-0,572700483;-0,069221314;-0,069221011;-0,069221399;-0,106574184;-0,647585273;-0,069221147;-0,493631895;0,019815538;0,071430561;0,005511709;-0,069220998;0,481341279;-0,315088123;-0,069221284;-0,120635443;-0,002610396;0,228910841;-0,478865652;0,118902881;-0,227921231;-1,101959736;-0,069221019;0,514438329;-0,069221286;-0,069221056;-0,069221389;-0,228111943;-0,514107831;0,360660106;-0,213459531;-0,252969745;-0,875181906;-0,51535704;-0,804603472;-0,069220983;-0,599281786;0,200674124;-0,314458848;-0,069220992;-0,069221156;0,365585659;-0,069221222;-0,122877452;-0,522911822;-0,069221271;0,504776656;-0,534445887;-0,069221198;-0,069221437;-0,069221279;-0,102987598;0,444231565;-0,069220992;-0,369957942;0,045329865;0,59731732;-0,662095019;-0,069221131;0,03831167;0,547121592;-0,142556091;0,39171612;-0,069221268;-0,427002978;-0,393216979;0,32466364;0,430149524;-0,414596836;0,383274277;-0,585107316;-0,176454231;0,529791945;-0,357432907;-0,36957321;-0,069221324;-0,069221192;-0,529436924;0,207297362;-0,611134442;-0,226504346;-0,06922112;-0,069221283;-0,069221034
-1,337983966;-0,084910696;-0,454914202;0,184499628;0,292513528;-0,084900946;-0,084926527;-0,084932549;-0,08490276;-0,084920062;-0,084926851;-0,358470456;0,338996366;-0,685147772;-0,262512266;-0,08490938;-0,014159195;-0,173239666;-0,587248549;0,491871311;-0,084905772;-0,368135961;0,227295584;-0,084924193;0,447460466;0,257291174;-0,084925222;-0,084925561;-0,473025886;-0,084904296;-0,050227659;-0,377234308;-0,186935941;-0,084929994;-0,084925972;-0,475499097;-0,084907426;0,266035396;-0,084931452;-0,084913092;-0,319373217;-0,495531291;0,317495667;0,375821578;-0,084907642;0,046617683;-0,64202939;-0,084910456;-0,401460942;-0,120372443;-0,084910324;-0,084923157;-0,084931961;-0,635710292;-0,266909393;0,00133989;-0,371924092;0,33883736;-0,084908254;-0,69395983;-0,084923743;-0,084932598;0,154774885;0,446506928;0,216245683;-0,084908307;0,210470795;-0,320912198;-0,343588161;0,272098371;0,392656999;-0,268826412;0,348245067;-0,506332037;0,218197002;-0,444330137;0,486109669;-0,084930806;0,020249458;-0,084920543;-0,438455303;-0,334978756;0,128798875;-0,084917754;0,283633879;0,198710022;-0,084930345;0,132540582;-0,084912346;-0,084933624;0,000410622;-0,322528184;-0,084908164;0,360793074;0,287924825;0,288474335;-0,481906611;0,065628834;0,048014275;0,236366455;-0,084927423;-0,027107105;0,045402079;-0,432741142;-0,04549566;-0,363930439;-0,08492408;0,070091643;-0,321378177;0,190748432;0,374730114;-0,084922061;0,042936403;0,090589508;0,262033283;0,436363765;-0,084905857;0,403878977;0,119979506;-0,084922809;-0,289255305;-0,084927686;0,323119609;-0,084920006;-0,357719779;-0,084932108;0,247969334;-0,556689079;-0,524788564;-0,08490289;-0,344897026;0,179160468;-0,444231988;-0,41811637;-0,523057468;0,375564377;-0,084917463;0,414295128;-0,084929189;-0,084931515;-0,537377202;-0,084917973;-0,307262993;-0,244855142;-0,380981585;-0,084923017;-0,139886065;0,393152465;-0,084924603;-0,323289559;-0,08493307;0,372877475;-0,243831726;-0,084921737;-0,084919632;-0,084904097;0,278109185;0,378385086;0,087572877;-0,216116139;0,157735372;0,22490205;0,152796522;-0,461488722;-0,094283478;0,548966595;-0,413718843;-0,495829602;-0,350297799;0,332489253;-0,084929821;0,143015961;-0,084910899;-0,084929783;-0,390524127;0,130964555;0,282444839;-0,035613902;0,417730204;-0,084906272;-0,084932949;-0,084901866;-0,630224577;-0,374564971;-0,084924164;-0,357974375;-0,432377218;-0,508592735;0,350352069;-0,084932185;0,327409887;0,340345967;-0,084912457;0,288267489;0,570529794;-0,221759467;-0,045930091;-0,247731652;-0,298818599;0,118623305;-0,084929551;0,042809811;-0,084924803;-0,08492175;-0,084903246;-0,024410906;0,119899662;-0,425636524;-0,431968017;-0,438813787;-0,434543526;0,414266857;0,142089242;-0,084930911;0,42775493;-0,317633406;0,228981657;-0,08493043;-0,084916622;-0,188618862;-0,084910727;-0,419873877;0,608439688;-0,084908873;-0,41528304;-0,585269636;-0,084914191;-0,084901455;-0,084909717;-0,621441033;-0,137998263;-0,084930328;-0,445665939;-0,348940395;-0,399056064;-0,507373939;-0,084917326;0,488879863;-0,45824854;-0,588544597;-0,432684107;-0,084908636;0,324292571;-0,27649206;-0,317268635;0,342284529;0,2556526;-0,407002375;-0,320654615;0,091915682;-0,440754472;-0,499192359;-0,216956807;-0,084908007;-0,084915363;-0,241165511;-0,189290382;0,447502063;0,303102116;-0,084926128;-0,084909206;-0,084925166
-1,507091597;-0,095574008;0,501047492;0,360437177;0,420069175;-0,095569456;-0,095581265;-0,095584072;-0,095570245;-0,095578229;-0,095581517;-0,086900954;0,101081671;0,336867888;0,272773095;-0,095572207;-0,015759005;-0,450659227;0,513693959;-0,463269142;-0,095571667;-0,195176197;0,106299102;-0,095580146;-0,313998335;0,02191429;-0,095580677;-0,095580789;-0,665006556;-0,095571006;0,16686888;0,044466929;-0,406234487;-0,095582849;-0,095581048;0,56026255;-0,095572389;0,30747714;-0,095583567;-0,095574972;-0,312053034;-0,331789121;0,123199885;0,257746112;-0,095572482;-0,247985537;-0,47035676;-0,095573782;-0,225735699;-0,289586405;-0,09557377;-0,095579665;-0,095583811;0,200988797;-0,674284815;0,073038822;-0,242394207;-0,084394576;-0,095572796;0,139891755;-0,09557989;-0,095584249;0,217777471;-0,52902889;-0,790058747;-0,095572797;0,140172245;-0,635305571;-0,428519041;0,196349017;0,320895123;-0,365792215;0,222418598;0,017759223;0,009162447;0,192153533;0,567531584;-0,095583245;0,437844839;-0,095578474;0,442869988;-0,379963555;0,535857751;-0,095577166;0,077410428;0,133199532;-0,095583019;0,515254381;-0,09557469;-0,095584554;-0,041814297;0,377179277;-0,095572767;0,3501091;0,358381394;0,233406269;-0,654896659;0,128343178;0,221958044;-0,630206296;-0,095581673;0,004014564;-0,03130352;0,179289945;0,212985699;0,321904411;-0,095580132;0,126573358;-0,460986374;-0,363073258;0,1666036;-0,095579159;0,182551744;0,076095184;0,219093392;-0,72137769;-0,0955717;-0,551825921;-0,607101689;-0,095579951;-0,359330704;-0,095581857;-0,315764426;-0,095578235;-0,27967427;-0,095583855;0,08051078;0,034814365;0,249549821;-0,095570328;0,381599153;-0,545846596;-0,33889907;-0,071710151;-0,587807436;-0,210517593;-0,095577001;0,422759528;-0,095582521;-0,095583679;0,330658629;-0,095577293;-0,115571386;-0,457226076;0,457508059;-0,095579578;-0,288718134;-0,350714223;-0,095580358;0,183513552;-0,095584309;-0,71405988;-0,128502817;-0,09557902;-0,095578049;-0,09557085;0,05626052;0,252165749;-0,486890332;-0,536021731;0,31375878;0,156477954;-0,046310594;0,308317104;-0,283494789;-0,389838114;-0,655439507;-0,096859762;-0,439646358;0,497791663;-0,095582755;-0,169847413;-0,095573977;-0,095582779;-0,098644893;0,441328115;0,302905052;-0,081576742;0,096231479;-0,095571889;-0,095584228;-0,095569633;0,084000522;0,33512556;-0,095580323;-0,658558665;-0,404572851;-0,434084089;0,679109602;-0,095583876;0,327323879;-0,82452351;-0,09557474;0,05984652;0,305233185;-0,425137027;0,036221091;-0,273895725;-0,549791921;-0,403204354;-0,095582662;-0,215424569;-0,095580646;-0,095578997;-0,09557049;0,026032114;0,125033394;-0,58798365;-0,423524159;-0,780276779;0,332185011;0,182338323;0,003402362;-0,095583309;0,484228478;0,068322939;0,230305666;-0,095583053;-0,095576621;-0,10448797;-0,095573913;-0,451859105;-0,36798372;-0,095573058;0,520900646;-0,411958524;-0,095575513;-0,095569668;-0,095573434;-0,38962454;-0,563196211;-0,095583055;0,642018002;0,265027346;-0,467779883;0,364179951;-0,095576971;-0,559011699;-0,580695392;-0,512195388;-0,615446219;-0,095572983;-0,368882126;0,528312685;-0,355571503;-0,553004386;0,629523012;-0,194868642;0,28277141;0,259125776;-0,208059971;0,366226361;-0,372199563;-0,095572683;-0,095576094;-0,051485788;-0,283739274;-0,547002273;0,313022875;-0,095581059;-0,095573224;-0,095580584
-1,489663301;-0,097576608;-0,49765121;0,515158572;0,360463746;-0,097566346;-0,09759309;-0,097599435;-0,097568258;-0,097586358;-0,09759339;-0,334806692;-0,687387938;-0,44662483;-0,218521184;-0,097575122;0,627173726;-0,376080985;0,521443666;0,286547177;-0,097571428;-0,182051278;0,030596364;-0,097590625;-0,599678958;0,205348755;-0,097591695;-0,097592077;-0,164023976;-0,09756981;0,306209083;-0,033480977;-0,214793753;-0,097596677;-0,097592505;-0,228744959;-0,097573109;0,15205779;-0,097598218;-0,097579051;-0,209708817;0,323857701;-0,773159845;0,48199432;-0,097573331;-0,424115184;0,457620331;-0,097576309;-0,320472775;-0,130007375;-0,097576173;-0,097589509;-0,097598791;-0,558194116;-0,165015781;0,561836076;0,278703181;0,052139356;-0,097573993;0,485782672;-0,097590216;-0,097599519;-0,460255449;0,319095217;-0,211099654;-0,097574034;0,37429286;-0,240905696;-0,855797929;0,032884883;-0,21412333;-0,554882666;0,230915668;0,551356779;0,109658423;0,761444394;0,317477621;-0,097597556;-0,067611008;-0,097586862;-0,631585172;-0,824933369;-0,246623535;-0,097583909;-0,828981252;-0,025973924;-0,097597062;-0,583198584;-0,097578239;-0,09760052;0,325879673;-0,072493036;-0,097573877;0,044315717;-0,862948236;0,427313152;-0,516592383;0,045432564;0,078235994;-0,812643897;-0,097594009;0,202226846;0,307384456;-0,618978237;0,717284664;-0,196089394;-0,09759055;0,085825151;0,324982422;0,626378312;-0,772672314;-0,097588409;0,54273594;0,546262345;-0,079487229;-0,660150097;-0,097571511;-0,782778989;0,385265299;-0,09758955;-0,37017803;-0,097594307;-0,192046564;-0,097586239;-0,540500267;-0,097598915;0,439580155;-0,367723761;-0,542833882;-0,097568374;-0,50549132;0,197745265;-0,502452763;-0,421511728;0,568074284;-0,147507833;-0,097583594;-0,339354614;-0,097595896;-0,097598358;0,397263397;-0,097584141;0,413529391;-0,346999071;-0,006772381;-0,097589386;-0,996309287;0,270834923;-0,097591063;-0,003775028;-0,097599896;0,126301662;-0,519631455;-0,097588057;-0,097585868;-0,097569677;-0,434767847;0,500676542;0,174899284;0,141688357;0,3060075;0,064530773;0,091313868;-0,094498857;-0,766075298;-0,569781437;-0,380610996;0,363653978;0,519413295;-0,205351755;-0,097596432;0,146229564;-0,097576708;-0,097596508;-0,167883813;0,468037919;0,085036837;0,604774528;0,402883643;-0,09757192;-0,0975998;-0,097567282;0,382166463;-0,648881158;-0,097590626;-0,415494885;-0,447427931;0,235472178;-0,032982974;-0,097599;0,183096563;-0,760367648;-0,09757831;0,185245811;-0,556156764;0,068512757;0,535502664;0,169336209;-0,600332231;0,159531664;-0,097596252;-0,023927379;-0,097591392;-0,097588061;-0,09756874;0,618510837;-0,266858213;0,036962999;0,301877118;-0,176627494;0,356256324;-0,733810321;0,191282769;-0,097597641;0,241295091;-0,310121602;-0,530905737;-0,097597162;-0,09758274;-0,183137092;-0,097576583;0,66862228;-0,002085158;-0,097574627;-0,414445583;-0,043841712;-0,09758021;-0,09756686;-0,097575496;0,526723789;-0,136538181;-0,097597065;-0,424585446;0,109376203;0,349227137;0,694515496;-0,097583444;-0,597068176;-0,377125713;0,39234774;-0,760297681;-0,097574401;0,134407626;-0,211536859;-0,110904279;0,255274387;0,136415036;0,421054627;-0,195928805;-0,006779102;0,502957663;-0,184930207;-0,479510447;-0,097573692;-0,097581421;-0,439047652;0,042139946;-0,649754605;-0,653720636;-0,097592648;-0,097574949;-0,097591638
-1,462115468;-0,087480401;-0,352230222;-0,206281457;-0,838992161;-0,087483294;-0,087475367;-0,087473747;-0,08748275;-0,087477322;-0,087475402;0,155723634;-0,063690285;-0,081369179;-0,461853825;-0,08748041;0,443736255;0,475181906;-0,500595685;0,072195244;-0,087481783;0,564753387;-0,592638396;-0,087476088;0,347366865;-0,594763723;-0,087475888;-0,087475682;-0,558279286;-0,087482434;-0,306588429;-0,467489194;-0,477840985;-0,087474458;-0,08747562;-0,571648745;-0,087481269;0,367715977;-0,087473907;-0,087479486;-0,438456529;0,393075226;0,423336769;-0,464098306;-0,087481171;0,423076362;0,160207193;-0,087480308;0,221551721;-0,124194012;-0,08748031;-0,087476465;-0,087473757;-0,622589193;-0,221298336;0,31909349;-0,757276882;0,174662464;-0,087481002;0,240632578;-0,087476505;-0,08747361;0,339154878;0,175049837;0,416474077;-0,087480962;-0,770282964;-0,371178413;-0,17612232;0,106287197;0,018505162;0,400729437;-0,461789001;0,106993922;-0,075467227;-0,653550028;0,354019617;-0,087474111;0,224269903;-0,087477168;-0,3897962;-0,577495083;0,371632787;-0,087478012;-0,312600646;-0,592556762;-0,087474242;0,298059311;-0,087479714;-0,087473249;0,228941903;-0,381209819;-0,087481036;0,150675091;-0,46020143;0,461699151;0,276459379;0,167144456;0,024413829;-0,657114179;-0,087475117;-0,029552232;0,310368563;-0,605241048;-0,022869084;-0,222573832;-0,08747609;0,117624371;-0,616292215;0,20643219;0,420721536;-0,087476716;0,389981205;-0,070184907;-0,577262463;-0,38793321;-0,087481764;0,337800318;-0,001335703;-0,087477119;-0,323018732;-0,087475175;0,461487599;-0,087477527;-0,602528745;-0,08747374;0,096099917;-0,671205519;-0,408966758;-0,087482719;-0,33860006;0,223322612;0,341152192;0,360579544;-0,718283186;-0,274208117;-0,087478099;-0,53329551;-0,087474566;-0,087473945;0,499814814;-0,08747803;-0,681076673;0,429277232;-0,348677512;-0,087476415;0,503500774;0,317069332;-0,087475927;-0,282954276;-0,08747342;-0,215904441;-0,232964901;-0,087476831;-0,087477463;-0,08748228;-0,550457509;-0,316842507;-0,021218873;0,563745856;0,180811824;-0,419861255;-0,763803782;0,138676203;-0,346838339;0,313989056;-0,62986066;-0,21373622;-0,222360459;-0,108420833;-0,087474533;0,136720765;-0,087480153;-0,087474433;-0,144361224;-0,263234223;0,235039393;0,257988332;0,254678257;-0,08748159;-0,087473577;-0,087483012;0,428620719;-0,560346849;-0,087476096;-0,444793458;0,262972357;-0,557123755;0,502259245;-0,087473676;-0,336164405;0,04929963;-0,08747975;-0,533039458;-0,412219583;0,395407938;-0,081182172;0,546818607;0,576544439;-0,177170668;-0,087474485;-0,168289072;-0,087476045;-0,08747683;-0,087482597;-0,019477531;0,113880029;-0,444672368;0,336125764;-0,548059015;-0,315412267;0,321440989;-0,578352124;-0,087474072;0,104706362;0,166301531;0,362844218;-0,087474216;-0,087478394;-0,155413802;-0,087480184;-0,287486429;0,745760833;-0,087480803;-0,168207495;0,053791931;-0,087479132;-0,08748316;-0,087480534;0,132210246;-0,499082312;-0,087474239;0,35188387;-0,406916463;0,283367358;0,522862142;-0,087478137;-0,521972974;0,305288914;0,170502985;-0,221782224;-0,087480845;0,363367727;0,49854469;0,064019463;0,230866841;0,372044468;-0,363043199;-0,275147238;0,174379715;0,455066896;-0,326957998;-0,323482618;-0,087481161;-0,087478746;0,448495069;-0,764348635;-0,512474487;0,363621872;-0,087475625;-0,087480684;-0,087475774
-1,722081793;-0,102788363;-0,383687887;0,248802571;-0,06646258;-0,102784356;-0,102794558;-0,102797057;-0,102785075;-0,102791926;-0,102794788;0,047710813;-0,20698081;-0,383178652;0,266051163;-0,102787768;-0,521174122;0,421634571;-0,716685323;0,608324506;-0,102786301;0,483400343;-0,392822132;-0,102793573;0,41119359;0,516068067;-0,102794081;-0,102794125;-0,243108765;-0,102785809;-0,466776318;0,639748461;0,302359356;-0,102796056;-0,102794352;-0,018413731;-0,102786913;-0,472764673;-0,102796518;-0,102789172;0,419665378;-0,529568783;-0,470860986;-0,566894904;-0,102786993;0,317867386;-0,064459182;-0,102788114;0,47915984;-0,259482489;-0,102788073;-0,102793161;-0,10279676;-0,471845095;-0,498926197;-0,549846043;0,290018215;0,045808533;-0,102787222;0,379804901;-0,102793471;-0,102796896;-0,12261356;0,50298588;0,285805375;-0,10278725;0,332452567;-0,429012759;0,092586256;0,266930942;-0,519855764;0,398136887;-0,363313527;0,364649217;0,030265176;0,362429284;0,462664069;-0,102796267;0,055625779;-0,102792135;-0,150083585;0,266857094;0,457613229;-0,102791015;-0,690183307;-0,525451834;-0,102796063;0,545931263;-0,102788833;-0,10279742;-0,610447819;0,112071548;-0,102787243;0,368616443;-0,43340226;-0,375371578;0,486923581;-0,298056049;0,152014832;0,052933193;-0,102794902;-0,8330609;-0,592052356;-0,679018802;0,196185614;0,301046902;-0,102793559;0,021894124;0,346508441;0,460180455;-0,559521762;-0,102792848;-0,574487862;-0,220337052;-0,752853264;-0,475708849;-0,102786306;0,322962999;0,454533552;-0,102793764;-0,330729708;-0,102795106;0,15532249;-0,102792121;0,087689996;-0,102796781;-0,389379568;-0,542409823;-0,278881839;-0,102785136;-0,413550296;0,337520258;0,342514475;0,426314802;0,361901305;-0,17067365;-0,102790891;-0,271623377;-0,102795651;-0,102796691;-0,222769271;-0,102791167;0,335230485;0,117708653;0,035921662;-0,102793093;0,274447208;0,260637536;-0,102793749;-0,468583796;-0,102797206;0,410154493;0,398408983;-0,102792602;-0,102791753;-0,10278562;-0,464923717;-0,563246696;0,191079266;-0,284713004;0,132565149;-0,44555523;0,37521547;0,240004178;0,416980541;0,277561259;0,425559709;-0,530135097;-0,639262328;-0,002502388;-0,102795942;-0,224276936;-0,102788293;-0,102795857;-0,587543359;0,41859407;0,152081767;-0,393497313;-0,528204812;-0,10278644;-0,102797257;-0,102784736;-0,960826043;0,14914615;-0,102793688;0,372538898;0,343208474;0,093068716;0,385614205;-0,102796823;-0,348143498;-0,121471566;-0,102788962;-0,291087043;-0,100371305;0,403496171;-0,500152502;0,290728821;-0,601575589;-0,226897736;-0,102795793;-0,870113625;-0,102793921;-0,102792599;-0,10278527;-0,551277399;0,162544936;-0,531331033;0,316314288;-0,277271295;-0,292222226;-0,489390566;0,551136751;-0,102796274;0,203742855;-0,205304858;-0,574363524;-0,102796108;-0,102790534;-0,534908031;-0,102788226;0,455367443;0,021833418;-0,102787499;-0,343966367;-0,108558577;-0,102789567;-0,102784591;-0,102787817;-0,023530124;0,164859262;-0,102796092;0,30035204;-0,515806453;0,273257157;-0,605822839;-0,102790859;-0,495912273;0,236222164;-0,075975228;-0,575271595;-0,102787383;0,485472183;-0,566203526;0,173997704;0,250839433;-0,308144216;-0,600107998;-0,633935308;-0,000957781;0,424532962;-0,351132034;0,305097547;-0,102787224;-0,102790059;0,433087476;0,388340646;-0,353910211;-0,600754982;-0,102794508;-0,102787618;-0,102793993
-1,430362565;-0,086358885;-0,335806281;-0,352610675;0,376943128;-0,08635153;-0,086370605;-0,08637512;-0,086352885;-0,086365799;-0,086370933;-0,593380525;-0,213554694;-0,510148939;0,203428927;-0,086357898;-0,489874437;-0,327247104;0,187561135;0,190324606;-0,08635513;0,172611407;-0,305501457;-0,086368826;-0,275849819;0,180272482;-0,086369666;-0,086369891;-0,527712187;-0,086354076;0,597844366;0,494863692;0,247686146;-0,086373218;-0,086370235;-0,307572066;-0,086356323;0,208572683;-0,086374277;-0,086360571;-0,47906213;-0,228879997;-0,371352083;-0,078037562;-0,086356495;-0,341267176;0,04110558;-0,086358622;-0,253279613;-0,341670779;-0,086358532;-0,086367966;-0,086374687;-0,183144435;0,614099623;-0,232789626;0,103212573;0,073494724;-0,086356954;0,00032166;-0,086368728;-0,086375109;-0,009140571;-0,420617548;0,268451784;-0,086357001;0,574376335;-0,182594678;0,176000402;0,062118088;0,381210623;-0,213677842;-0,791248401;0,083636145;0,078270309;0,09879414;0,350986406;-0,086373784;-0,301404437;-0,086366184;-0,42546983;0,131220998;0,086379568;-0,086364051;-0,26671798;0,235449225;-0,086373427;0,66189153;-0,086359993;-0,086375926;-0,916312678;-0,387353204;-0,08635692;-0,149846775;0,282106215;-0,425500445;-0,532141513;0,173849855;-0,33567214;-0,434733861;-0,086371271;-0,420100207;-0,434094671;0,18448461;-0,350725913;-0,049935201;-0,086368815;0,045580124;-0,153377038;-0,368973214;-0,264771482;-0,086367323;-0,258534968;-0,308105656;0,141442281;-0,292269328;-0,086355186;-0,349437013;-0,114548222;-0,086368212;0,712649653;-0,086371509;-0,219821451;-0,086365843;0,318123898;-0,08637477;-0,279746955;0,635072568;-0,275328196;-0,086352962;0,511658462;0,226293404;0,149124278;-0,071782364;0,136793973;-0,240201075;-0,086363817;0,656998905;-0,086372627;-0,086374418;-0,708448648;-0,086364223;0,238079352;0,451316123;-0,029223978;-0,086367964;0,292730459;0,658298057;-0,086369156;-0,223884424;-0,086375498;0,068423978;0,147485581;-0,086367018;-0,086365448;-0,086353906;-0,156934698;-0,041934343;0,294034635;-0,339856971;0,209249289;0,542291736;-0,548612418;0,280701009;0,342912999;0,550247865;-0,453521444;-0,279455576;0,299090952;0,161773513;-0,086373043;-0,024215521;-0,086358903;-0,08637306;0,601619194;0,685463119;0,299100422;-0,397185906;-0,361677659;-0,086355468;-0,086375435;-0,086352148;0,211392229;0,159489057;-0,086368952;-0,449368513;-0,86953285;-0,529454484;-0,254913422;-0,086374826;0,614975124;-0,404362044;-0,086360085;-0,207499715;-0,228786253;-0,37977299;-0,425058333;-0,322112157;-0,418747921;0,813366408;-0,086372897;-0,941753336;-0,086369342;-0,086367046;-0,086353221;-0,48501389;-0,683712197;0,139519309;-0,372833409;-0,362465514;-0,20094631;-0,433779998;-0,52986575;-0,086373864;-0,416817979;-0,919812284;-0,333265218;-0,086373515;-0,0863632;0,39851126;-0,08635879;0,166299928;0,076189748;-0,086357419;-0,517284169;-0,060171502;-0,086361393;-0,086351915;-0,086358013;0,169725862;0,069718846;-0,086373449;0,262650605;-0,698402323;0,216607335;0,29535884;-0,086363729;-0,26881394;-0,527404195;0,159073378;0,212718707;-0,086357226;-0,333245153;0,758846733;0,255517456;0,369819828;0,363517616;0,104663979;-0,196270105;0,100847373;0,30084998;-0,216829;-0,440362636;-0,086356694;-0,086362257;0,550909298;-0,506201227;-0,37443601;-0,150537837;-0,086370304;-0,086357684;-0,086369582
-1,282862024;-0,084824753;-0,358604114;-0,466695069;0,110603392;-0,08481638;-0,084838219;-0,084843372;-0,084817898;-0,084832668;-0,084838535;0,350431262;-0,155491788;0,200134585;0,210569262;-0,084823521;-0,45612291;-0,519860742;0,262261978;0,435717186;-0,084820484;0,377288698;-0,056074572;-0,084836185;-0,537414829;-0,290900815;-0,084837091;-0,084837368;-0,07705904;-0,084819255;-0,866105763;-0,72329514;-0,65749998;-0,084841171;-0,084837707;-0,107466461;-0,084821875;0,01399611;-0,08484244;-0,084826734;-0,433869897;-0,574724237;-0,268619477;0,357134428;-0,084822062;-0,166378134;-0,021479969;-0,084824487;-0,393136248;-0,128974886;-0,08482438;-0,084835292;-0,084842894;0,307820499;-0,861160732;-0,398875526;0,127988858;0,035049484;-0,084822599;0,120015549;-0,0848357;-0,084843419;0,26955246;0,544089464;-0,226956679;-0,084822639;-0,411704526;-0,398470205;0,185031753;0,300981262;-0,206811449;-0,448369036;0,162116845;-0,025804991;0,128491299;0,112251311;0,178220712;-0,0848419;0,229418758;-0,084833146;0,480743101;0,262999438;0,370090855;-0,084830686;-0,442010323;0,179730035;-0,08484149;-0,799940955;-0,084826087;-0,084844295;0,746040778;-0,370517774;-0,084822519;-0,071094223;0,419809238;0,368705141;-0,490201687;0,122568751;0,294790972;0,018996623;-0,084838968;-0,662672775;-0,543942973;0,424203603;-0,647973181;-0,228180741;-0,084836167;0,29655772;-0,400117255;-0,513946126;-0,119488854;-0,084834481;-0,347164659;-0,314528395;0,201204339;-0,251826457;-0,084820572;-0,422910471;-0,772387299;-0,084835255;-0,73573612;-0,084839196;0,351418868;-0,084832698;0,250482398;-0,084842985;-0,404370133;-0,883720539;-0,563627207;-0,084817987;-0,508795339;-0,320371084;0,560807043;-0,382210068;0,017422482;-0,125424304;-0,084830445;-0,751265031;-0,084840528;-0,084842591;0,781132758;-0,084830878;0,192609006;0,413293777;0,075850866;-0,084835186;0,388825309;-0,523253031;-0,084836575;-0,426796906;-0,084843795;0,224160813;0,473683129;-0,084834132;-0,084832317;-0,084819057;-0,309872733;0,14503516;0,15922407;0,295229448;0,281716817;-0,652714022;0,469110253;0,212011226;0,296635448;-0,726911861;-0,540110199;0,368628633;0,339702258;0,050343686;-0,08484096;0,159670404;-0,08482482;-0,08484104;-0,622297036;-1,044250768;0,031018382;-0,403155105;-0,427837217;-0,084820871;-0,084843758;-0,084817138;0,254244069;0,34997902;-0,08483639;-0,372818867;0,749855161;0,201053815;0,081678415;-0,084843069;-0,763706564;-0,400632357;-0,084826172;-0,567248854;-0,090450226;-0,181051349;-0,476830025;0,36726732;-0,007662749;-1,283920778;-0,084840856;0,78802009;-0,084836893;-0,084834131;-0,084818298;-0,516038403;0,777104156;-0,604268002;-0,346106565;-0,28112426;-0,319331993;-0,113801783;0,465413541;-0,084841965;0,440312014;0,858306727;-0,167300233;-0,084841546;-0,084829755;-0,562089611;-0,084824709;0,161780477;0,134507092;-0,084823136;-0,353974497;-0,047299469;-0,08482767;-0,084816775;-0,084823807;0,033584844;-0,186462611;-0,084841488;0,378560875;0,266320547;0,304031236;0,487987795;-0,08483032;-0,184649719;-0,150957027;-0,016556086;0,45519145;-0,084822932;-0,480633568;-0,6245007;0,2572711;0,115719439;0,435057193;0,346812647;0,373949708;0,016294398;0,258166305;-0,189684858;-0,103110386;-0,084822353;-0,084828682;-0,594812611;-0,052780014;-0,30465149;-0,292841394;-0,084837856;-0,084823392;-0,08483702
-1,413378907;-0,091516625;0,00722279;-0,561324123;-0,116885937;-0,091515923;-0,091517613;-0,091518137;-0,091516028;-0,091517155;-0,091517767;-0,161924201;-0,757294097;0,628100702;0,257552791;-0,091515987;-0,741014239;0,616236648;-0,379275566;-0,160794889;-0,091516208;-0,755756672;0,360555911;-0,091517464;0,25962868;-1,051638736;-0,091517566;-0,091517558;-0,133763218;-0,091516168;0,324308604;-1,166995535;0,561391537;-0,091517944;-0,091517603;-0,272510664;-0,09151628;-0,57241454;-0,091517993;-0,091516646;0,208022129;0,141608852;-0,472044467;0,49904731;-0,091516339;-0,500800686;0,151066655;-0,091516499;0,761345835;0,50135183;-0,091516481;-0,09151732;-0,091518021;0,596261618;-0,331177327;-0,335588548;0,262501061;0,313877572;-0,091516351;-0,519126204;-0,09151739;-0,091518251;0,114662787;-0,574122758;-0,018758613;-0,091516369;-0,020161764;0,462208749;0,095056265;0,22407641;0,167662907;0,380098206;-0,958348691;0,433494486;-0,138694373;0,191346196;-0,684436746;-0,091517916;0,254980739;-0,091517215;0,240810024;0,203562211;-0,587789418;-0,09151701;0,666779276;0,372714941;-0,091517912;-0,469600393;-0,091516612;-0,091518152;-0,321331097;-0,444952167;-0,091516369;-0,457201981;0,463301924;-0,442978321;-0,024066947;-0,298030237;0,537645211;0,402893861;-0,091517675;-0,541128521;-0,833901685;-0,719948941;0,160435823;-0,102444741;-0,091517438;0,185425212;-0,00665626;0,181289285;-0,413554802;-0,09151733;0,375906829;-0,238561902;0,314803408;0,260126551;-0,091516221;0,21702491;-0,762986789;-0,091517728;0,031049026;-0,09151782;0,488789546;-0,091517278;0,766187026;-0,091518068;-0,606197899;-0,444221913;0,294720732;-0,091516025;0,354275661;-0,191943033;0,68126788;-0,096229305;0,229972418;-0,759635976;-0,091516982;-0,503758091;-0,091517832;-0,091518025;0,594109561;-0,091517013;-0,66225937;-0,433353665;-0,02405233;-0,09151735;-0,024413674;0,214125019;-0,091517481;0,043602726;-0,091518149;0,024375587;0,358093051;-0,09151726;-0,091517132;-0,091516093;0,311614638;0,055006793;0,534817557;-0,127748615;0,49434121;-0,271464501;-0,126545606;0,022925075;-0,032867099;0,4396389;0,310582979;-0,741376912;-0,775192903;-0,198090775;-0,091517965;0,609822208;-0,09151654;-0,091517853;-0,677634307;0,289346988;0,953016027;-0,351620492;0,508179602;-0,09151622;-0,091518152;-0,091515956;-0,098647139;-0,50679915;-0,091517464;-0,106198523;0,141512056;-0,40098807;-0,38916581;-0,091518053;0,389495439;0,170684706;-0,091516695;-0,664713642;-0,15650286;0,304106439;-0,524166296;0,279334128;0,414686495;-0,091675274;-0,091517872;-0,039816587;-0,091517609;-0,091517276;-0,091516048;-0,260021808;0,373928561;-0,652720089;-0,280585053;-0,488563988;0,063032732;-0,524744834;-0,49750689;-0,091517933;0,34894591;0,295254726;-0,222815563;-0,09151792;-0,091516903;-0,610303758;-0,091516509;0,121245122;-0,591506207;-0,091516383;0,489370042;-0,207516137;-0,091516737;-0,09151595;-0,09151646;0,081966501;-0,412807362;-0,091517915;0,430180674;0,321951428;-0,674755171;-0,108567217;-0,091516948;-0,271277503;-0,383981792;0,099083679;-0,462983806;-0,091516383;0,612634323;0,228257039;-0,507772828;-0,679566721;-0,260391018;0,572221698;-0,655626897;-0,519026663;-0,641457872;0,89001048;0,175171943;-0,091516458;-0,091516808;-0,129805883;-0,036513534;0,31432827;-0,465087471;-0,091517718;-0,091516419;-0,091517514
