-0,170706849;-0,058149563;-0,100668419;0,454326585;-0,485458484;-0,069195682;0,840238479;-0,507146429;0,138764047;-0,887593199;0,69134114;-0,496299728;-0,052997034;-0,38937848;0,11845714;-0,88995785;-0,201629395;-0,07506215;0,929064765;-0,993033051;-0,64862845;-0,020282293;0,416889929;-0,178617414;-0,050265526;-0,389069581;-0,737334662;0,106527336;0,067691925;-0,016836536;-0,751139573;0,333462102;-0,85147189;-0,44389355;-0,047364189;-0,027555985;-0,054361209;-0,368068245;0,022737536;-0,059345723;-0,048006754;-0,057275023;-0,342769447;0,204842942;0,112179091;-0,058083967;-0,101269591;-1,02462633;-0,018035928;0,058448403;0,488422217;-0,182222804;-0,049181949;0,213804864;-0,816642781;0,441986628;0,190148948;-0,049879382;-0,026571631;-0,356090798;-0,052661749;-0,342270454;-0,720454187;-0,352101466;-0,25014076;-0,088912666;-0,056923532;-0,061196762;-0,497745727;0,488326445;0,250685713;-0,196329615;-0,05670754;-0,055143255;-0,678019212;-0,048907025;-0,273982552;0,463775826;-0,246643907;0,456807835;-0,061269642;-0,719703616;-0,947825892;-0,239930914;-0,05564297;-0,403189724;0,748023089;-0,794322544;-0,388264096;0,310897157;-0,058649892;-1,374447675;0,985387127;0,30803425;-0,054709972;0,12622407;-0,903573185;-0,134365645;-0,01418087;0,743762065;-0,056647531;-0,056137111;0,572479545;-0,206916526;-0,058728309;-0,188825442;-0,392824199;-0,055809714;0,864595874;-0,058280004;-0,058140039;0,596535369;0,487770186;0,681278656;-0,052146378;-0,098325728;0,246570878;-0,056405525;-0,063001748;-0,265398582;0,084240333;-0,349918517;0,005360875;-0,052753615;-0,059614406;0,170951393;-0,153128296;-0,253228107;-0,088920999;0,056019847;-0,495580784;-0,057132653;-0,459086466;-0,734916029;-0,044408361;-0,587475725;-0,058576715;-0,785555114;-0,300663094;-0,055426833;-0,055514191;-0,706160545;-0,052307522;0,075044489;-0,060356879;-0,378966128;0,154288681;-1,065281427;0,144710597;0,129872502;-0,058013824;-0,058895489;-0,552241566;-0,052422694;-0,052647405;-0,059589108;-0,054932156;0,582521389;-0,950430949;-0,653080438;-0,051875819;-0,052512282;-0,020897175;-0,057052236;-0,056131285;-0,057618441;-0,047913871;0,608120522;0,49734219;-0,050611329;-0,264160894;-0,116780424;-0,052657589;-0,561639898;-0,050577056;-0,039255575;-0,255709828;-0,027462874;0,084545988;-0,545019868;-0,377196098;0,53000883;-0,057643848;-0,38034234;-0,05754533;0,310061056;-0,057295468;-0,163185953;0,79844076;-0,058224337;0,772801485;0,122178622;-0,283771989;0,71398782;-0,109709583;-0,059721384;-0,04914997;-0,058643424;-0,050213698;-0,090924338;-0,066750333;0,235369763;-0,068707013;-0,058686905;0,219513064;-0,182663721;-0,048727145;-0,368848893;-0,56939749;-0,086009852;0,929646944;-0,051401943;0,344564687;-0,056899656;-0,154321566;0,278109459;-1,117498484;-0,74868484;-0,03527709;-0,059771384;-0,752670331;-0,051703302;0,799293794;-0,668949122;-0,127357405;-0,157656934;-0,058180046;-1,023598053;-0,0558495;0,416092545;0,313350746;-0,054546984;-0,051436127;-0,044540349;-0,060068222;-0,473343239;-0,083779513;-0,593328486;-0,102077589;0,144311867;-0,056139922;0,009202478;-0,060465443;-0,053015465;-0,060220936;-0,0485544;0,922133731;0,11093098;0,008329382;0,084108791;0,842426093;0,044471672;-0,636997362;-0,291763032;0,378213111;-0,056316646;-0,051209543;0,703104676;-0,528046683;0,573844299;1,054073413;0,348001515
-0,386077683;-0,072817181;-0,918837573;-0,046941294;-0,141924654;-0,063147143;0,74667431;0,431882708;0,78411282;0,546314597;-0,216312036;-0,527493153;-0,069357447;-0,124091977;-0,183669935;0,179670248;-0,836347899;-0,232043277;0,415277993;0,111503208;-0,20091093;-0,037030784;-0,422174085;-0,494605272;-0,073273718;-0,38654421;-0,449610119;-0,081863864;-0,303324038;-0,349609375;-0,048336626;0,411065729;-0,082354656;-0,221960976;0,528368032;-0,061012151;-0,070015159;0,062829916;-0,074909373;-0,073215997;-0,075861187;-0,070243573;0,143703015;-0,062331782;-0,290435801;-0,07062029;0,033345629;-0,555155415;-0,027778435;-0,318533208;0,418069074;-0,100593854;-0,076081322;-0,97221559;0,464619233;-0,492522035;0,355661793;-0,074657564;-0,04688349;-0,262037034;-0,078315202;0,28846999;-0,391229602;-0,033429909;-0,927528051;-0,111521254;-0,079820676;-0,071806355;0,635134727;0,495760422;-0,798729979;0,707192216;-0,071873677;-0,073011509;-0,670242889;-0,075254809;-0,035653014;0,301699012;-0,281331949;-0,26080636;-0,073600464;-0,347162714;0,274067697;-0,240308691;-0,075655357;-0,688203194;0,491712689;-0,680878026;0,065645907;-0,41454228;-0,072527308;0,736801147;0,176154759;0,434558075;-0,069482682;-0,603667708;-0,979815521;-0,255799345;0,012574779;0,590997102;-0,078710039;-0,078394933;0,706277363;0,086667761;-0,071464332;0,585139075;0,006491981;-0,069842905;0,240530188;-0,072498589;-0,074420049;-0,394135356;-0,948474402;-0,065537474;-0,07923204;-0,009978859;0,123421753;-0,074416777;-0,559355148;-0,359886787;-0,043470982;-0,157038877;0,935007614;-0,074391271;-0,0734211;-0,57684081;0,168446084;-0,26169241;0,194329539;0,981756131;-0,699804246;-0,075766882;0,315606686;-0,623803313;-0,065504873;0,185526847;-0,079091249;-0,491975916;0,261635699;-0,073228591;-0,069492376;0,953690699;-0,079261772;-0,787366403;-0,076473304;-0,895347044;-0,728807348;0,092026523;-0,372830529;0,92697646;-0,076351268;-0,077154742;-0,71872364;-0,076549555;-0,071565773;-0,076961493;-0,073181528;-0,689920792;0,25134326;-0,677052283;-0,044563622;-0,074310668;-0,63121371;-0,071526092;-0,073689823;-0,073384442;-0,080067896;-0,377093163;-0,567503012;-0,077095489;-0,091629435;0,894285505;-0,076160013;0,071902169;-0,07462407;-0,058530809;-0,076333902;-0,062757343;0,242015959;-0,299340103;0,575884561;-0,028904588;-0,077959519;0,065825003;-0,069671535;-0,946476534;-0,075749681;-0,15853837;0,539319434;-0,076599461;0,635143499;-0,028122243;-0,129795591;-0,359419164;0,099532155;-0,074346089;-0,070172228;-0,074576029;-0,075732162;-0,024424675;0,024510064;-0,067100451;-0,360599764;-0,076721017;0,334444291;1,05584467;-0,077963051;0,019181885;0,062843737;0,008566304;0,096054922;-0,073052438;0,019480287;-0,076886588;0,001234506;-0,028066561;-1,2612133;0,129552489;-0,438744735;-0,0674035;0,081767655;-0,076026058;0,134703124;-0,139702773;-0,771424174;0,00425422;0,268453172;-0,005332199;-0,074740445;0,09764931;-0,359109433;-0,076288442;-0,071948281;-0,039659129;-0,077774977;0,493233832;-0,067277516;0,297881832;0,269181145;-0,125585272;-0,078834959;0,389160317;0,06355954;-0,076248947;-0,196188537;-0,077749078;-0,752431988;0,15538742;-0,210420842;0,702560051;0,122724115;-0,279438287;-0,483978016;-0,188250945;0,422060602;-0,078300558;-0,076828942;-0,09110295;-0,614134424;-1,296398022;0,041234772;-0,463728501
-0,116434552;-0,047870324;0,436628387;-1,300199694;-0,037899977;-0,049375539;0,226608665;0,165181358;-0,444116806;-0,549250286;0,187130158;0,999380901;-0,042960098;-0,065927504;-0,674041367;0,783632434;-0,111224991;0,007155611;-1,125576594;-0,035936791;0,16119055;-0,019284959;0,175522742;0,589697545;-0,047149467;-0,432159595;-0,516689311;0,573865078;-0,020028202;-0,210374494;0,000910639;-0,555864172;-0,595977322;0,191186667;0,676839344;-0,003580029;-0,052161;0,269264193;-0,093021669;-0,044105825;-0,043022376;-0,047250989;-0,120932123;0,082397558;0,033943697;-0,042247798;0,717825737;-0,073509636;-0,022686403;-0,048633681;0,366058236;-0,060587388;-0,042526561;0,995810888;-0,626497332;-0,934153388;-0,154978124;-0,046623547;-0,027625483;-0,361671907;-0,048158227;0,542917936;0,34324421;0,111154382;-0,582881303;-0,019026035;-0,050960508;-0,051564074;1,212953852;0,019570935;0,168147641;-0,506427501;-0,059008812;-0,043445587;-0,28914759;-0,047246903;0,444851743;-0,627345776;0,120732584;-0,864388649;-0,048253939;0,017388747;0,326287045;0,033288857;-0,043918709;-0,609687697;-0,553572647;0,603887461;0,273803832;1,337375768;-0,041923796;0,080972651;0,495638911;0,543473435;-0,048323508;-1,271932575;-0,127166042;-0,778224916;-0,068296808;-0,440958615;-0,047132506;-0,045509511;-0,404345275;0,413386891;-0,042238312;-1,286411298;-0,755009718;-0,040470902;0,450273593;-0,049590432;-0,042557825;-0,363536278;-0,770468126;0,557553147;-0,042404262;-0,056725545;-0,294919109;-0,047062953;0,124971411;0,018712997;-0,097309448;0,223813605;-0,953519519;-0,044926337;-0,046892824;-1,072495079;-0,101827491;0,890718005;-0,162822691;-0,852015142;0,020210075;-0,044874494;0,016324587;0,335452404;-0,058386345;-1,694160896;-0,048861416;0,20274583;-0,460810695;-0,046647626;-0,043171938;-1,093725941;-0,043003341;-1,141606444;-0,044802916;-0,15836728;-0,449695134;0,620391066;0,031512316;-0,595025115;-0,041581016;-0,048840346;0,070631732;-0,043633492;-0,044614333;-0,0442049;-0,047229446;0,128315;-0,760120424;-0,012513575;-0,018054327;-0,047408226;-0,317123397;-0,043536067;-0,042012612;-0,045520206;-0,002606709;-0,401486046;-0,661068019;-0,047714065;0,16439198;-0,231766799;-0,05122413;-0,379028111;-0,050466807;-0,03709374;-0,247267313;-0,041613534;0,137546489;0,031612766;0,823101842;-0,591213275;-0,051054891;0,609595042;-0,050316686;-0,895270383;-0,046776374;-0,17375475;0,423758641;-0,057565823;-0,207556646;-0,063005489;-0,047769321;-0,022275378;-0,287061273;-0,043079935;-0,044360444;-0,044591238;-0,042376935;0,020597616;0,126139995;-0,18183682;0,109115466;-0,040828232;-0,418238307;-0,406337941;-0,048520983;0,099529491;-0,521990505;0,028810104;-0,629141795;-0,046289652;0,396943153;-0,048105203;0,077801297;-1,171312818;0,494805457;0,079805474;0,459562089;-0,044024788;0,330969957;-0,045766257;0,600671872;-0,78585628;0,205620723;0,29348691;1,184617466;0,170627537;-0,040883317;-0,901734923;-0,101535754;-0,051481659;-0,051116202;-0,030530956;-0,043680872;0,490557988;0,154163375;0,235081737;0,132144096;-0,727099873;-0,049139709;0,01837911;-0,195581168;-0,041712026;-0,08872094;-0,045410842;-0,281363193;-0,580774018;-0,115519992;0,059368951;-0,747099461;-0,017152635;-0,876220199;-0,70714718;0,873291822;-0,04514502;-0,044080865;-0,893096994;0,959763626;-0,48416588;-0,039795177;-0,06451564
-0,360629171;-0,081282069;0,103657255;0,257537506;0,08429048;-0,078678176;-0,808379639;-0,284598034;0,092659063;0,042395404;-0,371736804;-0,202980358;-0,07227117;0,169557859;-0,573207948;0,298947372;-0,841332637;-0,479229646;-1,079097517;0,100983946;-0,74065075;-0,038953465;-0,186358673;-0,3485391;-0,082986173;0,963164488;0,078579803;-0,05656863;-0,047015284;-0,052756842;0,241600647;-0,409363207;-0,19824738;0,086097071;-0,325725104;-0,053345182;-0,0756196;0,072842621;0,564066371;-0,078822614;-0,078076056;-0,079726765;0,101547875;0,231892559;0,817900767;-0,07859068;0,231725635;-0,067096264;-0,042673196;0,151183479;0,220292498;-0,143275077;-0,080354819;0,20783748;0,179549433;0,222525179;0,467871451;-0,080762692;-0,053092836;0,289114282;-0,07713982;0,327759851;-0,101106801;-0,164404897;0,367551401;-0,032581567;-0,075781167;-0,076626688;-0,567201342;-0,015867264;-0,514747759;0,482464865;-0,073445144;-0,082664641;0,049606306;-0,073327124;-0,206454493;0,717915936;-0,291701209;0,332639185;-0,074805616;-0,133404736;0,676969126;-0,212861226;-0,081785829;0,250537876;-0,297517867;-0,376045843;0,248219454;-0,322498792;-0,075783039;-0,264656899;0,371252745;0,083099599;-0,077223882;0,119195601;-0,646387833;-0,41862311;-0,044754797;0,008083977;-0,07761595;-0,075287602;-0,068983404;0,273969668;-0,075456964;-0,266128141;-0,431510718;-0,072242491;0,226186545;-0,077582499;-0,078529627;0,125812109;0,063839457;0,236339853;-0,081904067;-0,042843554;-0,093448364;-0,074819992;-0,203975843;-0,31557791;-0,708981923;0,102347356;-0,6737014;-0,067320323;-0,073551407;-0,500986563;0,133191101;0,381906703;0,620586544;-1,183022964;-0,416280904;-0,078331079;0,182910639;-0,81694937;-0,070984138;0,334458814;-0,073964298;-0,602141499;0,085903576;-0,074893288;-0,079935912;-0,879490647;-0,075956502;0,62351657;-0,07429991;-0,331000699;-0,645935368;0,172225849;0,215128131;-0,451989009;-0,078007234;-0,082645154;-0,663069794;-0,076320349;-0,079219582;-0,079192618;-0,081877453;-0,567089301;0,467806088;0,850832697;-0,020932552;-0,079531733;-0,310526152;-0,080722013;-0,074961599;-0,082327591;0,024554041;-0,895909631;0,172676963;-0,076033086;0,046932966;0,970280686;-0,083510637;-0,189621214;-0,077054123;-0,066474485;0,029621014;-0,069652032;-0,212155883;-0,016987262;0,723884267;0,109889572;-0,075704678;-0,114449461;-0,078632446;0,421982145;-0,07580136;0,117318214;0,077447298;-0,074237032;-0,029625911;-0,412196919;-0,422692274;-0,658183594;-0,274556268;-0,077027494;-0,079505118;-0,074507985;-0,078419218;0,036834808;0,004377602;-1,116573712;0,074010337;-0,077829152;-0,573144747;-0,872652308;-0,077150909;0,047732071;0,080405601;0,159722182;0,464017724;-0,073349305;-0,316886766;-0,080464884;-0,102868866;-0,401765002;0,883732925;0,489332004;-0,271465624;-0,082031458;-0,733894419;-0,066893212;0,167416874;-0,033010743;0,577332744;0,657984097;0,09693675;-0,055262651;-0,07996133;0,423429144;-0,696664891;-0,07707111;-0,072637659;-0,055326867;-0,081196001;0,012764642;-0,349207815;0,286967743;0,150710689;-0,024886982;-0,083710697;-0,690273092;-0,001112609;-0,077051313;-0,326547455;-0,078863132;-0,6860756;-0,728898675;-0,131546803;-0,28616339;-0,649150838;-0,072400464;0,106480219;-0,365041897;-0,919607385;-0,084741808;-0,07529396;0,1372302;0,116005024;0,112170387;0,491716372;-0,211556716
-0,47323506;-0,084832896;0,484905289;-0,492054727;-0,49767139;-0,090946305;0,657742215;0,211424494;0,162439249;0,712074054;0,295661674;-0,12451979;-0,077097899;0,083527138;0,752876479;0,467689372;-0,522544203;0,252306006;-0,893354494;0,509831861;0,355122679;-0,034394644;0,068746045;0,372121896;-0,074113653;-0,389340003;-0,323540624;0,399521581;0,118553381;-0,006759374;-0,19223231;0,815846526;-0,582390735;0,399822569;0,542309707;0,096035954;-0,079688051;-0,311469202;-0,36573103;-0,082457548;-0,068370782;-0,078664948;0,215818462;0,030186338;-0,303709093;-0,076366629;0,401325682;-0,5105988;-0,039990365;0,006312102;0,322396713;0,0304262;-0,08294143;0,426693198;-0,003674256;0,190179499;0,494948627;-0,07179898;-0,048040433;-0,446551722;-0,075188479;-0,376582956;-0,471309863;-0,33325624;-0,132598285;0,053420878;-0,07782241;-0,084863255;-0,624435728;0,276633394;0,062351043;-0,288184947;-0,17652203;-0,078961868;-0,504593592;-0,072545691;0,349171859;0,391340184;0,05858127;0,658957314;-0,081704194;-0,357452975;0,713711322;-0,275760735;-0,07797623;-0,38725117;-0,395036376;-0,60594023;-0,270165137;-0,395945735;-0,074726709;0,677323775;0,188803016;0,40523991;-0,075081557;-0,549609289;-0,270087472;0,485048951;-0,052045019;-0,348088837;-0,076499026;-0,08265267;0,772200217;-0,004782148;-0,078510167;0,134529086;-0,653721667;-0,079818637;-1,296302778;-0,080148197;-0,075543257;-0,296325247;0,571106073;-0,397324883;-0,081128337;-0,038406721;0,091955783;-0,078402075;-0,179821064;-0,098791183;-0,141808673;-0,610392713;0,355508113;-0,071701385;-0,081731703;0,558923152;-0,020285663;-0,481154145;0,438386756;0,55241612;-0,256369101;-0,081530519;-0,688353371;-0,563830116;-0,070871578;-0,871803366;-0,075532731;-0,196064417;-0,288071926;-0,083076147;-0,079592649;-0,712630503;-0,078644429;0,845392056;-0,076050747;-0,442691151;0,201835158;0,864940034;-0,368388494;0,873144867;-0,0780406;-0,12424393;-0,229805189;-0,080504428;-0,080690781;-0,078422438;-0,080288618;-0,764139985;-0,257171116;-0,708021385;-0,020118486;-0,074563288;0,738290202;-0,089301011;-0,072984185;-0,074150782;-0,412858664;0,224977979;0,257268288;-0,080104275;-0,138842859;-0,506515617;-0,080952462;-0,135858046;-0,079134882;-0,063171821;-0,10371911;-0,060522514;-0,962328151;-0,669403629;-0,643002413;0,127015828;-0,07858583;1,286745179;-0,075213585;0,325215414;-0,083108025;-0,307100008;-0,036089355;-0,085766504;0,07850417;-0,158600579;-0,007222397;-0,808481155;-0,501003621;-0,07560546;-0,074630388;-0,084292157;-0,091727663;-0,113572785;-0,110387726;-0,524410048;-0,30741517;-0,082576129;-0,464822822;-0,508300496;-0,075964833;-0,218446206;-0,164629948;0,094125626;-1,085164697;-0,078127569;0,556145379;-0,072294352;-0,095636894;-0,2272511;0,004884112;0,983453353;-0,404203179;-0,077783649;-0,347811775;-0,075178643;0,369367382;-0,359031205;0,152647607;0,469984917;0,366759794;0,137399542;-0,074972111;0,245992858;-0,688758286;-0,084808454;-0,08186555;-0,047020084;-0,082703596;-0,171495349;-0,104872161;-0,103160329;0,155781629;-0,286819636;-0,08175259;0,139292653;0,001025643;-0,08042197;-0,095033307;-0,08265171;-0,811945936;-0,49521406;0,030627044;-0,116717428;-0,844597563;-0,385298703;-0,408768202;-0,410094304;0,41033094;-0,073681687;-0,083783186;0,595020132;0,201840417;0,152218368;1,002125275;0,054077373
-0,26122825;-0,084259759;-0,189054992;-0,134934093;0,039699391;-0,065940368;-0,1359185;1,358299137;0,098861744;-0,637107861;-0,399627548;0,65680725;-0,075201819;0,844600482;0,16804554;-0,498636634;0,130158174;0,261751665;-0,508724832;-0,566273411;-0,145021447;-0,04138047;0,136021735;0,574297897;-0,082721718;0,195030789;0,469863924;-0,046622476;0,012028331;0,000469346;-0,241310482;0,75376865;0,304508835;0,86240832;-0,006299755;-0,045451498;-0,081632684;-0,488817374;1,295594717;-0,076425937;-0,07286283;-0,08439877;0,5872316;0,009588915;1,190970481;-0,077633685;0,158081997;0,303054212;-0,037620469;-0,02026378;0,686734507;-0,122467328;-0,078071445;-0,471930069;1,11806979;-0,234374671;-0,039363144;-0,081833341;-0,052744427;0,319954764;-0,077587502;-0,749253831;0,630119085;-0,206578312;-0,128831732;0,038151724;-0,080446693;-0,077004976;0,36291327;-1,83583007;-0,336988614;0,162388297;-0,067870177;-0,072944454;-0,169295678;-0,081531913;0,724056204;-0,707348676;-0,127359819;-0,551597966;-0,080336989;-0,028027702;-0,996951758;0,004551753;-0,07326399;0,519483155;-0,760601397;0,443421445;0,261184251;-1,644195302;-0,08366089;0,183834364;-0,541735307;1,369499676;-0,082448512;-0,405571943;0,285621998;1,063596966;-0,016911929;-0,479104113;-0,081538446;-0,080357713;0,122621985;0,261178984;-0,080519935;0,683239489;1,419420962;-0,071012675;0,644327361;-0,082931596;-0,079439786;0,462757551;-1,12379864;-0,135530923;-0,081462554;-0,083470987;0,065741959;-0,084627191;-0,664581805;0,059686502;-0,262162637;-0,174727174;-0,011257579;-0,078574193;-0,079422122;-0,877799343;-0,24509591;0,981575796;-0,287199231;-0,556597659;0,481920097;-0,07414636;-0,75371815;-0,056148416;-0,068879047;-0,479689785;-0,079140409;-0,105630388;0,245214074;-0,080179167;-0,08353213;0,281896434;-0,079067021;0,587201405;-0,075878905;0,412810354;0,55893601;0,383552964;-0,714218935;-0,51400267;-0,078967027;-0,080923177;-1,023730918;-0,079340992;-0,079955065;-0,082622473;-0,074112215;-1,555655681;-0,435436835;0,274901828;-0,072617158;-0,083289964;-0,578657465;-0,075919904;-0,081766054;-0,073058127;-0,433303574;-0,114170895;-0,187412966;-0,079816336;-0,060031834;0,390270557;-0,077308437;-0,07595748;-0,073151663;-0,063091369;-2,0349699;-0,034180284;-1,067943346;0,069722382;-0,687975678;-0,753093741;-0,079948009;0,893364868;-0,081877221;-0,445324955;-0,079880984;0,224426531;-0,382233345;-0,085706913;-0,597815232;0,035808071;-0,003589154;-0,938113248;-0,838474857;-0,076495481;-0,077586235;-0,081151421;-0,078944362;-0,169464426;0,059389104;-0,285590196;-0,088941429;-0,078927751;-1,044531955;-0,943364495;-0,082206077;0,042489729;-0,87042018;-0,127469783;-0,624508322;-0,080659119;-0,620017479;-0,082116564;-0,192147203;-0,459603701;-0,35211256;-0,088334864;-0,822145463;-0,072086545;-0,634859144;-0,07230397;0,484811324;-1,155781478;-0,321199177;0,083916098;-0,55916709;-0,435176655;-0,075806749;0,216751679;-0,310063647;-0,082534939;-0,08050981;-0,047942434;-0,075655396;-0,578351224;-0,065890583;0,145540539;-0,186988364;0,597168107;-0,083099076;-1,104285636;-0,221988165;-0,084582446;-0,071183617;-0,080655951;-0,052406681;0,743448835;-0,001803863;-0,165520597;-0,022328639;-0,255656239;0,22835712;0,742927135;-0,496435097;-0,077594179;-0,080727989;0,865329705;0,007303127;0,922233208;1,179733508;0,413112787
-0,236717252;-0,077109153;0,570550648;0,235641345;-0,554730195;-0,083183627;-0,421007112;-0,852813476;-0,408605402;-0,378496202;-0,620734417;-0,370052364;-0,070255991;-0,356448655;-0,730265192;-0,594575947;0,443948793;-0,201144387;-0,291368139;-0,530171031;0,482835275;-0,031104744;0,329502501;0,219644527;-0,07483136;0,774964531;-0,433160308;-0,130324805;0,02724733;-0,230775681;-0,39064525;0,06464294;-0,114269454;0,379940373;0,308868646;-0,044488376;-0,076177757;-0,09519421;-0,1542049;-0,073688003;-0,082482972;-0,08023269;0,132100416;-0,257663121;0,192577903;-0,074258148;-0,32993501;-0,252455515;-0,030014965;0,020505664;0,136501452;0,005370987;-0,080067761;0,515084105;-0,211358453;0,762510378;-0,407003024;-0,07720253;-0,050371169;1,07116627;-0,073932035;0,675875006;0,636993307;-0,06197316;-0,516179993;-0,040789666;-0,077790945;-0,081427638;-0,624129507;-0,489190607;-1,101503003;-0,077915721;-0,078296833;-0,075492599;-0,060401326;-0,07965286;0,085431263;-0,80965745;-0,083884358;0,502506436;-0,082038661;0,19159501;-0,529301554;-0,009157141;-0,075202699;0,210854485;-0,13511727;-0,195295861;-0,113985637;-0,520294676;-0,080377839;0,250848886;0,060160752;0,220141349;-0,080416164;-0,390158984;-1,66005583;-0,7740996;-0,061204117;-0,499697907;-0,071666835;-0,073949307;-0,354187824;-0,470137505;-0,075876965;-0,701391544;0,242933354;-0,078822716;0,173477404;-0,080478968;-0,080363008;-0,871489951;-0,908655393;0,205226919;-0,0726803;-0,219653442;-0,008040907;-0,07295019;0,415639994;0,001832491;-0,207180701;-0,590062046;-0,256978562;-0,06829956;-0,073720596;-0,196930687;0,059263864;-0,019465431;-0,182049049;0,976651768;-0,789946745;-0,072935101;0,741307774;0,566275545;-0,07360501;-0,249975505;-0,079273101;0,190778365;0,227603576;-0,077384916;-0,074121055;-0,266241513;-0,074754024;0,401174251;-0,079910501;-0,173340465;-0,850345001;0,767988955;0,287269969;0,532395093;-0,072268179;-0,079101259;-0,145196361;-0,074785299;-0,078896369;-0,073829398;-0,081745058;-0,35461671;0,510434826;-1,028925232;-0,027068499;-0,079014129;-0,824765815;-0,075139573;-0,079226737;-0,072281691;-0,12494822;0,550115853;-0,802173279;-0,071952622;0,114431641;-1,048708476;-0,07411191;-0,374260165;-0,074665912;-0,055375735;1,044273385;-0,047041823;0,504287968;-0,116477958;1,318206114;0,264047102;-0,08179206;0,782308871;-0,07900395;-0,083430463;-0,080989989;-0,0694051;-0,095168568;-0,071128548;1,406519254;0,004002798;0,112566953;0,67667939;0,250044342;-0,078192715;-0,078841255;-0,072819035;-0,079197094;0,005159098;-0,02699016;0,033091576;0,009295032;-0,073733409;0,141698604;-0,329062734;-0,076201308;0,010531041;-0,278321798;0,00204984;0,067775324;-0,074231579;-0,453449551;-0,075579444;-0,01622682;-0,579248387;-0,650112758;-1,015021658;0,169067112;-0,08356471;0,318733574;-0,082939887;0,484258245;0,370410955;-0,403746211;-0,502378221;0,591710798;-0,882030091;-0,077167443;0,728327469;-0,259024178;-0,077787878;-0,071734865;-0,039773382;-0,08197646;-0,112151389;0,014857728;-0,956441871;-0,051636232;0,079577313;-0,080899404;0,514309139;-0,109216374;-0,078977345;-0,024378976;-0,076251879;0,111221886;0,094650239;0,011802808;0,184793048;-0,951677413;-0,252224976;0,349146422;-0,618747285;-1,003370379;-0,080260139;-0,078755606;-0,931048109;0,406879842;-0,209224095;-0,119354499;-0,928788196
-0,481166619;-0,085943168;-0,459572529;0,761211693;-0,008020164;-0,083183589;0,727691371;0,744799414;-1,117277902;0,460098944;-0,485822144;-0,338279694;-0,082536506;0,294603035;-0,641956819;-0,087754109;0,903032509;-0,084645436;-0,183524939;-0,043197748;-0,152199134;-0,049193533;-0,104423524;-0,518822521;-0,086475072;-0,069095112;0,56593986;0,097928101;-0,202352485;-0,174280725;0,385389336;-0,520207512;0,25819356;-0,887725623;-0,225753256;-0,031590274;-0,088672468;0,035789061;0,141560074;-0,093070262;-0,090777039;-0,087670891;0,193188914;-0,253518473;0,55815979;-0,095263233;-0,924466706;-0,479103765;-0,049466156;-0,6945538;0,17428508;-0,100002817;-0,093120981;0,958479107;0,349077066;-0,526229838;0,281290967;-0,085037278;-0,060842422;0,381371837;-0,092786037;0,034907371;-0,381217759;-0,06642437;-0,839934999;-0,065491551;-0,090985985;-0,090922377;-0,171499943;-0,371719138;0,921268339;0,313898189;-0,085605608;-0,092209275;-0,379622503;-0,088570367;0,026874643;0,112634402;0,007607149;-0,22265628;-0,09137637;-0,223706018;0,331241632;-0,215625807;-0,09376792;-0,22828561;-0,107439335;-0,666136432;-0,230169013;-0,67927865;-0,095126833;-0,115588604;0,179143506;0,271235005;-0,094568601;-0,444206802;0,624035798;-0,748762158;-0,022396455;0,605656992;-0,087858212;-0,093712972;0,673271293;0,035312031;-0,085604943;0,808996666;-0,731830234;-0,085051409;0,344331277;-0,093391653;-0,085973372;0,531917791;0,396779455;0,114392258;-0,090464464;-0,044908136;0,039961179;-0,089530051;-0,575312517;-0,256962129;0,217512021;0,235761728;-1,025144098;-0,082869242;-0,089346962;-0,459394479;0,099496263;0,589700127;0,373177283;-1,192726509;-0,268340526;-0,090307008;-0,442705439;-0,275696257;-0,076368182;-0,411232952;-0,093173677;-0,257630166;-0,120178629;-0,089589317;-0,084544947;0,078143888;-0,085963177;-0,385762472;-0,094136239;0,942163977;0,70778023;0,246219;-0,278292853;-0,950439697;-0,0870356;-0,087051925;-0,444897303;-0,092120812;-0,085336572;-0,088250368;-0,092792321;-0,575399073;0,279289393;-0,496506003;-0,058124344;-0,086324317;-0,272179601;-0,091018774;-0,086918258;-0,092795582;0,114567649;-0,103139373;-0,769786237;-0,086689807;0,030543053;-0,976107818;-0,089178309;0,018032352;-0,084965346;-0,07237804;-0,144660644;-0,051737774;0,147277123;-0,571764194;-0,52291597;-0,259197916;-0,093945342;-0,773395662;-0,093353453;0,086314309;-0,092516401;0,052546904;0,236515959;-0,090347377;-0,829106554;0,082237538;-0,011292723;-0,761066346;0,28925708;-0,088557515;-0,084679612;-0,087545984;-0,092239679;-0,029447711;-0,148555359;0,186813753;-0,773714966;-0,08731008;-0,149760557;0,21284897;-0,088261411;-0,076493957;0,499652456;-0,051381461;0,205881887;-0,088120402;-0,249556051;-0,084116567;-0,082214342;-0,089577027;0,592521572;-0,497607422;-0,020354981;-0,083862054;-0,961704258;-0,082587701;0,174522023;-0,223568131;-0,457692825;-0,816690001;0,151346976;0,393920721;-0,085295311;0,191448474;0,171894336;-0,093440512;-0,087231138;-0,044781942;-0,093856231;-0,75887203;-0,274473128;0,312555822;-0,377923442;-0,094708834;-0,088014304;-0,287629325;0,027976669;-0,093451459;-0,089191152;-0,087960858;0,613743624;0,434133125;-0,19150514;-0,884364169;0,200585133;-0,115245603;-0,285288645;0,852082843;0,335143538;-0,089241651;-0,086577613;0,276118024;-0,552036083;1,076796626;0,124299049;0,366748752
-0,386692809;-0,075685233;-0,257128729;-0,465163527;-0,161116782;-0,053893074;-0,394094546;-0,772898969;-0,017124226;-0,340601906;-0,137231983;-0,598342463;-0,079513059;-1,144499096;0,59328476;0,104588743;0,106705062;0,318796476;1,135164154;-0,958686582;0,809213914;-0,038672826;-0,115902977;-0,101920713;-0,07055637;-0,046947766;0,581227242;-0,137614848;0,053753594;-0,035993816;0,575159048;-0,299417134;-0,751490463;0,041615964;-0,206376333;-0,060560356;-0,075215098;0,170828253;0,397666903;-0,077257867;-0,06731018;-0,078084308;0,00338416;0,277620827;-0,4486844;-0,074191897;-0,206370181;0,18185607;-0,037512922;-0,094312125;-0,452132697;-0,153030614;-0,075866434;0,191110084;-0,518841927;-0,011557167;0,358023541;-0,071629468;-0,048928498;-0,061860987;-0,078875706;-0,673868019;-0,068932409;-0,16317139;0,28192993;0,054098739;-0,080219279;-0,072806741;0,556936159;-1,567288246;1,00916154;0,413645191;-0,067912915;-0,070690885;-0,042443452;-0,07730012;-0,465968222;-0,679265434;0,492229967;-0,361138159;-0,076679896;0,131556232;0,234515085;0,1508342;-0,074749686;-0,701847242;-0,333866434;0,065760972;-0,063729249;-0,112304293;-0,070216326;-0,001840776;-0,499923374;-1,172476052;-0,080471263;0,569372876;0,112379162;0,219130144;-0,047004023;-0,420649238;-0,070687985;-0,077764688;-0,793977932;-0,323560516;-0,077203012;-0,496736995;0,354544807;-0,071850556;0,165148447;-0,07669551;-0,072552632;0,75809893;-0,565853614;-0,955618083;-0,076582649;-0,064987902;0,182305474;-0,066795998;-0,422037008;0,006338317;0,017354742;0,245180283;0,086121275;-0,080708497;-0,070220702;0,322227629;-0,090256151;-0,189711796;-0,98516866;-0,674130833;0,726585651;-0,076417026;-0,475857226;0,473581993;-0,069343296;-0,826381705;-0,077647975;-0,191237118;0,108936639;-0,072109768;-0,072087951;0,457707139;-0,076519903;-0,420724288;-0,071990411;0,500655005;1,197912591;-0,558162145;-0,641038732;-0,041611003;-0,079532557;-0,079404526;0,491742229;-0,079708022;-0,080237324;-0,071084895;-0,077618784;1,478768802;-0,48214689;0,417448419;-0,067249082;-0,076728252;0,543308385;-0,079648518;-0,079864825;-0,07208013;-0,076398475;-0,537044252;0,561010304;-0,077998232;-0,249631257;0,838765509;-0,074450121;0,046009543;-0,076086859;-0,06061141;-1,628587108;-0,031999177;-0,631794763;0,023428073;-0,480719554;-0,427838909;-0,079542571;-0,805924044;-0,078772893;-0,278551616;-0,073582699;-0,438114221;-0,36769844;-0,069115922;0,719832414;0,203466781;-0,005602218;1,195046555;0,331554739;-0,079970756;-0,070966175;-0,079406008;-0,075932213;-0,189474139;0,041543075;0,020740801;-0,060500008;-0,075653292;0,578885146;-0,519263905;-0,084869082;-0,404080247;0,573546295;-0,052434232;-0,57034209;-0,079410924;-0,196592716;-0,075439305;-0,181964522;0,196743428;-0,539131196;-0,243664037;-0,518946395;-0,073299715;-0,630926674;-0,070200902;-0,418850123;-1,58719189;0,281079948;0,154832213;-0,088096875;-0,014432893;-0,077070411;0,370678169;0,521619026;-0,079424551;-0,070140919;-0,042814733;-0,078498706;0,79158099;0,106585591;-0,371610716;-0,603286445;-0,613100996;-0,076504123;0,045939055;-0,198508548;-0,071537165;0,225893665;-0,071809891;0,222919953;0,210230555;0,015668263;0,410217479;0,283832219;-0,22076995;0,728793811;-0,86466827;-0,181875614;-0,075633453;-0,072925225;0,572357681;0,941376076;-0,871329964;-1,642663174;-0,769853843
-0,300762094;-0,073820664;-0,616080684;-0,147094858;-0,18588113;-0,065751891;-0,342182141;-0,650952067;0,233772214;-0,253931056;0,012456365;0,301879742;-0,072731198;-0,160018842;-0,315484082;-0,368934256;0,171097538;0,185370147;-1,241762815;1,066174013;-0,868152538;-0,024097983;-0,008343756;0,190517425;-0,074027597;0,295417105;-0,145414943;-0,298610773;0,031279864;0,069696034;-1,406403845;-0,274622721;0,470569061;0,155542963;-0,514108538;-0,053377701;-0,073232705;-0,044751019;0,012276855;-0,070463756;-0,062598715;-0,065890653;-0,378164288;0,081635116;-0,205846797;-0,068260164;-0,423196993;1,014743778;-0,026733461;0,069438121;-0,048650446;-0,114446154;-0,070040493;-0,415845793;0,617453859;0,989124513;0,144884205;-0,065037881;-0,049801181;0,446413523;-0,066878648;0,69609326;0,316521094;-0,218726277;-0,656003557;0,014632839;-0,067888515;-0,072692861;0,463725817;1,443128808;-1,434298531;-1,636258923;-0,063604195;-0,065363619;0,16761284;-0,071967758;-0,378872475;-0,190943797;0,259436316;-0,739671816;-0,066114286;-0,313186209;0,284595622;0,17356274;-0,069965694;-0,613472408;-0,671483811;0,35943567;-0,071436226;0,386645192;-0,065620724;-0,254461927;-0,12713022;0,418383409;-0,072807815;-0,51564703;-0,148715543;-1,002516074;-0,027771945;-0,623847614;-0,071480831;-0,07134588;-0,687965707;0,174881565;-0,068723104;0,025744137;0,535723933;-0,053719606;0,036564293;-0,070988114;-0,069180232;0,795829965;-0,300837407;0,157089172;-0,069505766;0,014536505;-0,098876288;-0,06403583;-0,436763758;0,008350203;-0,162759901;-0,036542142;0,312148672;-0,066167216;-0,073400223;0,50633321;-0,286111244;-0,656292642;-0,087308167;0,614385619;0,44632136;-0,073568241;-1,018887239;0,426363995;-0,072654284;-0,65910104;-0,07492778;-0,451111778;-0,609441514;-0,06495398;-0,067936794;-0,728737164;-0,072375782;-0,226803612;-0,076409488;0,325980086;-1,315003719;-0,648912515;-0,017438748;-0,20443531;-0,071140522;-0,064882292;-0,343163558;-0,071951187;-0,065320387;-0,072263762;-0,075026851;-1,408759251;-0,814539565;-0,381643306;-0,066158232;-0,067481318;0,456187298;-0,070774071;-0,072743878;-0,072128659;-0,347677614;-0,174804338;-0,345146013;-0,071567685;-0,23689674;0,174283269;-0,064769471;-0,277474032;-0,074753399;-0,059378894;1,599774431;-0,009192177;0,226471892;0,087693128;0,817126192;0,693515236;-0,074683203;-0,175880407;-0,071254632;-0,247596201;-0,06784403;0,073334557;-0,514803236;-0,061408953;0,675006321;-0,210080177;-0,298001699;-0,52777523;-0,554021636;-0,067543824;-0,066979856;-0,065544941;-0,069548192;-0,186393811;0,025193979;-0,428597128;-0,180890508;-0,070111577;-0,839208295;0,138822816;-0,073877308;-0,393806495;-0,009892536;-0,033559454;-0,301045376;-0,067540333;-0,267278876;-0,069538817;-0,161231173;-0,044480105;-0,354064568;0,644839167;-0,502835357;-0,062943653;-0,201770996;-0,069517411;-0,362915039;1,430234751;-0,626114105;0,675176172;-1,0820305;-0,560107052;-0,073193241;0,11021744;0,58163958;-0,069987511;-0,073447448;-0,039264788;-0,071833405;-0,851469455;0,07081398;0,568730584;0,247237575;-0,155171599;-0,066558269;-0,195218519;-0,166672949;-0,067228592;0,097652704;-0,07306027;1,008478099;-0,431638157;0,03457129;-0,609757281;0,187174279;-0,272364998;0,726902813;-0,765256039;0,148142691;-0,066993964;-0,070933531;0,558696989;-0,8487505;-0,187944601;1,254904086;0,383798321
-0,346472432;-0,07491;-0,329056018;0,082331173;0,159763285;-0,067514162;0,407758741;-0,137278787;-0,194512864;-0,046745742;-0,597085374;0,207297302;-0,07115972;-0,606378834;0,576820608;-0,27444734;0,159903842;-0,311340567;0,111813495;-0,509547576;0,256154299;-0,029906591;0,067346421;0,624788012;-0,073280991;-0,136041821;-0,822262787;-0,097388657;0,091169117;0,050862066;0,515238068;-0,260481713;0,130313064;0,207679644;-0,078178943;-0,024722657;-0,070698774;0,164701117;-0,552424304;-0,077388444;-0,06470886;-0,072572627;-0,421997287;-0,427751543;-0,221983085;-0,0770675;-0,887907882;0,155258068;-0,032696762;-0,057685622;-0,849102992;-0,107945259;-0,074768713;-0,518423428;0,090848873;-0,469264936;-0,082170865;-0,072551087;-0,057162433;-0,428830093;-0,067527797;-0,948431137;-0,471980612;0,096849186;0,123836293;0,047303654;-0,077253731;-0,079991604;-0,595155786;-0,624245039;0,242968707;0,020920303;-0,073715464;-0,077931014;0,146745857;-0,072297531;0,370088359;0,327988245;-0,320761238;-0,088532569;-0,074105256;-0,128626952;-0,002112786;-0,119224807;-0,071868354;-0,65886331;-0,182199722;0,376224798;0,565224784;-0,360258572;-0,07244354;0,392078041;-0,028115215;0,719622568;-0,073639911;-0,69663526;-0,451699607;-0,641155896;-0,021647975;-0,584515092;-0,072580865;-0,0778809;0,240445833;0,042732084;-0,077055614;0,319582961;0,077662219;-0,067426033;-0,536510423;-0,072613648;-0,076289501;0,474324676;-0,544633929;-0,453551736;-0,070937509;0,005158954;-0,816039659;-0,072153444;-0,433547507;-0,051507375;-0,115994716;-0,448163011;0,276199489;-0,069666865;-0,077565844;0,194644877;-0,31522584;-0,154997391;-0,567818864;0,494961793;-0,45316264;-0,069187922;-0,455850847;0,64279492;-0,061493067;0,417501493;-0,077643232;-0,225583979;-0,033934507;-0,069210213;-0,07889292;-0,202261155;-0,069366825;-0,522034083;-0,076348742;0,433677621;-0,859166743;-0,04172462;0,496663984;-0,170681084;-0,07477005;-0,076931948;-0,692569624;-0,070575203;-0,073754788;-0,079906002;-0,07012513;0,577310923;-0,175458062;-0,639641705;-0,062177907;-0,078813097;0,492175883;-0,071045266;-0,068518366;-0,076318948;-0,3392185;0,628146726;-0,577863437;-0,073436649;0,023997499;-0,584980175;-0,069679388;-0,72353392;-0,070837989;-0,061454633;-0,477227152;-0,056056637;0,385871466;0,047799321;0,4715847;0,291262072;-0,073216386;-0,582732048;-0,07564016;0,223025983;-0,069133651;-0,801670761;0,433206189;-0,071537368;-0,726011759;-0,156524068;0,088823857;0,351583845;0,129010726;-0,073593632;-0,069132469;-0,066910541;-0,078217352;-6,27E-05;0,006108845;-0,226590591;0,123901183;-0,075577445;0,28792765;-0,464740639;-0,075845833;-0,382585454;-0,235041531;0,260304721;-0,860907688;-0,076518253;-0,170693349;-0,071055692;-0,025442076;-0,454675449;0,08062496;-0,679057937;0,520233474;-0,072013584;-0,935266844;-0,069680643;-0,185832211;-0,364585308;0,219397252;0,336216786;0,341873445;0,224155066;-0,076316813;0,774899367;0,10407783;-0,075601602;-0,073877762;-0,035512226;-0,075224097;0,880933465;0,059532746;-0,468204468;-0,30080527;-0,254250191;-0,07209689;0,213029225;-0,085487029;-0,071994387;-0,562978601;-0,072151365;0,356053769;-0,402988813;-0,044734809;0,262204002;0,552869836;-0,350363386;0,679004331;0,152445556;0,157247757;-0,072435332;-0,075952323;0,639129666;-0,457501446;0,271433415;-0,405210077;0,153917755
-0,258037161;-0,076250215;-0,521794236;-0,044398302;-0,007810564;-0,072386448;0,003700611;-1,676793461;0,137770317;-0,213306673;-0,410736206;-0,945394984;-0,067321826;0,515000789;0,364496447;0,969251174;0,099909123;0,215107898;-0,417271348;1,221693855;0,31258628;-0,041157456;0,031870724;-0,354275151;-0,071328374;0,252806705;1,128393106;-0,193376408;-0,059749908;0,049150044;0,758917266;-0,703621167;0,263007709;-0,594352568;-0,688663449;-0,091718275;-0,076225929;0,191113203;-0,88689177;-0,068536439;-0,07596081;-0,077239591;-0,397017811;0,093373896;-0,891440603;-0,072256473;0,228775438;0,185345778;-0,031470686;-0,042433338;0,586084205;-0,161054265;-0,074445363;0,400769553;-1,675661513;0,261052461;0,201505316;-0,075099209;-0,042170835;-0,262296446;-0,071593937;-0,151907604;-0,181458404;-0,261390608;0,256680253;0,04782369;-0,071191465;-0,069940207;0,275453033;0,814646919;-0,521516665;0,64016765;-0,070833585;-0,066406839;0,011262976;-0,075672573;-0,635839549;-0,407246485;0,33186228;-0,330775066;-0,072132997;-0,226571576;-0,045436415;0,049642119;-0,076549375;-1,062491025;0,532963487;-0,179339624;0,217362908;0,977624221;-0,074095509;0,028335124;-0,26002339;-0,348423073;-0,076446928;-0,594163447;-0,435916856;0,639751839;-0,017549081;-0,559322553;-0,072023632;-0,072092027;0,859869599;0,040174394;-0,067047338;-0,677082722;0,455613778;-0,070741435;-0,176895695;-0,077291619;-0,067277837;-1,033451149;0,682458463;0,092288622;-0,069218053;-0,060374525;-0,412929818;-0,074885821;-0,708826563;0,036026658;-0,343894311;0,021598316;-0,038832766;-0,074492979;-0,071744629;0,348768435;-0,181589787;-0,588788403;-0,22140907;-0,279889853;0,609990267;-0,074485978;-0,224915711;-1,720284897;-0,077684851;-0,418813687;-0,070448015;-0,024879908;0,160147709;-0,066957792;-0,071977826;-0,218540439;-0,068141089;-0,239045036;-0,078714779;-0,14389772;0,099772249;-0,878786738;-0,197441602;-0,634833539;-0,071514431;-0,073618279;1,233366952;-0,074689279;-0,073441297;-0,076839226;-0,069312164;0,725834041;-0,350486133;-0,418537342;-0,076147282;-0,0720841;-1,005255761;-0,073594731;-0,072509174;-0,071863797;-0,162757508;-0,266076222;0,627837229;-0,074160502;-0,25420132;0,331886323;-0,06925832;-0,129547782;-0,076113715;-0,061462703;1,226051042;-0,017183539;-0,709614544;0,036275824;1,023475654;-0,080235358;-0,073319635;0,621050161;-0,068573436;0,404209313;-0,072090142;0,201311378;-0,544658493;-0,068439754;-0,954364793;0,009005218;0,035708795;-0,335355392;-0,292533992;-0,077159214;-0,070907248;-0,076879871;-0,069915898;-0,211098988;0,041525839;-0,3378164;-0,115824811;-0,072003037;1,279058769;0,414451718;-0,075041297;-0,392520484;-0,503214459;0,078064103;0,431998938;-0,07662258;-0,436047455;-0,068419127;-0,20608288;0,450099344;0,367630783;-0,552612392;-0,198612872;-0,066591114;-0,811126268;-0,072218497;-1,007630346;-0,633620364;-0,088607655;-0,007294219;0,739319383;0,371588593;-0,073423021;-0,283431052;0,038535794;-0,074084675;-0,072855337;-0,043020991;-0,068059545;-0,78422882;0,089259692;-0,040061592;0,209719433;-0,587361517;-0,067569207;0,475980007;-0,193568275;-0,069146058;0,125302062;-0,075490768;0,187842285;-0,608843118;-0,037417657;-0,579006574;-0,553994981;-0,235176805;-0,787900734;0,067134004;-0,305382901;-0,06863531;-0,077094906;-1,198143458;-0,326135399;0,760362653;0,325353224;-0,126612369
-0,403244075;-0,080849905;-0,399619584;-0,021615348;-0,089706047;-0,08738412;0,165971058;0,337636398;0,310232707;0,056703325;0,217837948;-0,293195223;-0,086257142;-0,336903025;0,589888174;0,301128941;0,097566774;0,148382333;-0,3088423;0,45635388;-0,84989215;-0,032026599;0,214428272;-0,365601734;-0,087429108;-0,431320542;0,140358034;0,565667524;-0,315833895;0,125791726;-0,328561716;0,401038889;0,013539823;-0,018630523;-0,371945998;-0,037141002;-0,088916542;-0,800030379;0,318838023;-0,089410016;-0,079752821;-0,088741552;0,414462753;-0,06501781;-0,561740674;-0,079612715;-0,483717724;0,103961857;-0,033605922;-0,065115372;0,356183517;-0,217303514;-0,084033806;-0,287421954;0,057280692;-0,498807271;0,400964721;-0,084710177;-0,061332621;-0,689216468;-0,082896908;-0,421862524;-0,345358174;-0,288842969;-0,127830607;-0,091651584;-0,089723862;-0,084188244;0,608202015;0,142664341;-0,233425296;0,354647795;-0,093044686;-0,086346028;-0,710068131;-0,081462163;-0,119198871;0,096586476;-0,226322726;-0,598467381;-0,090184925;-0,163544862;0,133908244;0,186669438;-0,082820915;0,032353689;-0,377272739;0,645657669;-0,028326603;-0,192193519;-0,090331136;0,140893568;0,03431678;-0,553374955;-0,079937146;0,432092844;0,317546116;0,103791543;-0,125704242;0,591624106;-0,084971665;-0,079623154;0,136977941;-0,121198496;-0,082139482;-0,721398149;-0,147139388;-0,08701621;0,430627749;-0,084509093;-0,081091145;-0,294741852;-0,200369098;-0,314727561;-0,084893256;0,101788874;0,140859424;-0,091096752;-0,218879861;0,179620215;-0,027176617;-0,758835058;0,237507452;-0,086752628;-0,084194358;0,127541721;-0,301396009;-0,497656275;0,154922085;0,179369993;-0,269710242;-0,084274571;0,594967177;-0,4708622;-0,065853076;-0,626904294;-0,089053366;0,51118046;-0,201651422;-0,082353098;-0,082667961;0,141703688;-0,087987709;-0,457827713;-0,081841823;0,277916472;0,26570757;0,469755965;0,224332139;-0,60388902;-0,081879164;-0,083167655;-0,202474389;-0,084654377;-0,082347183;-0,084760188;-0,08325085;-0,524290224;-0,258470122;0,144398409;-0,013598349;-0,093606284;-0,429155643;-0,090509317;-0,07923723;-0,082835443;-0,583898147;0,565270334;0,573441456;-0,08636089;-0,229673254;-0,44342379;-0,083733216;-0,072650085;-0,080565252;-0,079352086;0,576121818;-0,103629231;-0,560667005;0,045170388;-0,419001926;-0,8199862;-0,082441045;0,467541319;-0,084148777;0,292904177;-0,088756844;0,027699879;-0,73514937;-0,081836336;-0,425737692;0,076546531;0,052750603;0,111123091;0,116630948;-0,087272978;-0,089701265;-0,080415394;-0,088840576;0,158004137;-0,449804822;0,126943878;-0,283292431;-0,079240881;0,320524179;0,438805599;-0,079354639;0,395053846;-0,389704264;-0,43670571;0,228489311;-0,087379989;-0,156202194;-0,078477573;0,134348781;0,219955446;0,055081838;0,48491487;-0,037023579;-0,082815061;0,274422703;-0,079193528;0,382701172;-0,028189324;0,28980799;0,264923698;-0,560775091;0,053692917;-0,099493888;-0,371478636;-0,404285487;-0,087861578;-0,082106366;-0,064705379;-0,081868899;-0,302047342;-0,420138536;-0,334208231;0,108855024;0,186549685;-0,082014678;0,091992135;0,176652115;-0,087457313;0,027849017;-0,089666874;0,145685233;-0,590388555;-0,228442133;-0,266396722;-0,355193394;0,186591929;-0,541595164;0,494209149;0,093241773;-0,086579933;-0,083595282;-0,721343488;0,821709933;-0,52668953;-0,568503291;-0,15322781
-0,295880933;-0,075094146;0,203142039;-0,100172179;-0,295529653;-0,080422584;0,016004945;-0,605541777;0,42974236;0,945774163;0,654930059;-0,370478415;-0,062314938;-0,527591542;-0,743979899;0,029130982;0,327978157;-0,281164551;-0,709247682;-0,158462319;0,094974382;-0,038903571;-0,95071119;-0,015451882;-0,079233494;-0,309723732;0,108862396;-0,089299972;-0,15770877;-0,135992937;-0,294844688;0,935080375;-0,793580307;-1,063951573;-0,649169727;0,018524727;-0,07154869;-0,232455361;0,060205144;-0,072927382;-0,068169691;-0,073132284;0,052245094;-0,080101383;-0,815775989;-0,070371275;0,695492023;-0,661260489;-0,028566106;-0,458155216;0,357930136;-0,101046817;-0,074987322;0,486324758;-0,752583986;-0,538695694;-0,211106917;-0,070258139;-0,052092569;-0,634646883;-0,068752795;-0,069783737;0,544937106;-1,54E-05;0,047345063;-0,007695911;-0,070903462;-0,078692051;0,77939659;0,914135251;0,032068177;0,707796191;-0,088041624;-0,076645406;-0,039724058;-0,072085929;0,416866263;0,545692884;-0,083993962;0,599246144;-0,073458051;0,584398389;0,419017192;-0,188749845;-0,072364654;0,276399517;0,883335338;-0,675698699;-0,33939619;0,821160294;-0,071096206;0,370188965;0,598966385;0,351154637;-0,07692918;0,47204802;0,505444217;-0,299111453;-0,052114209;-0,613493674;-0,071003392;-0,073542943;-0,772680423;-0,036610593;-0,071304416;-0,813635975;0,19471317;-0,060937054;0,501869284;-0,073620648;-0,073602084;-0,218639746;0,582388349;0,324383868;-0,079728932;-0,000704635;-0,441658724;-0,072252529;0,241300188;-0,193956983;-0,04056362;-0,018259484;-0,506637163;-0,076543091;-0,078910603;-0,737365178;0,205085235;-0,978880109;0,509459877;-0,16250166;-0,260564031;-0,077433215;0,166002584;-0,87704799;-0,056700862;0,88151731;-0,077299696;-0,152490307;-0,634203193;-0,074310554;-0,075167122;1,074271705;-0,077881482;0,437599992;-0,075593162;-0,149808468;-0,207198861;0,270932569;-0,253323603;0,088698876;-0,077049717;-0,082066545;-0,260290482;-0,070012531;-0,071334023;-0,077129087;-0,077404788;-0,08855425;-0,002542321;0,69651224;-0,03454961;-0,079022112;-0,485218597;-0,079225882;-0,077537949;-0,07254656;0,058332832;0,413162343;0,440489301;-0,072798976;0,027028611;-0,401672638;-0,07265983;-0,155442921;-0,074440873;-0,061716796;0,155941609;-0,085665589;-0,160015016;-0,724967829;-0,322287042;0,003362875;-0,073212229;0,986840569;-0,074759721;-0,780907065;-0,072375212;-0,480310626;0,181223278;-0,079750793;-0,449313993;0,050278317;-0,027956855;-1,003664936;-0,859997674;-0,073020561;-0,078351542;-0,076143469;-0,073481433;-0,008929637;-0,070425488;-0,060060509;0,21975542;-0,078293646;-0,050655471;0,452038314;-0,070274114;-0,342694976;-0,690473182;-0,102050717;-0,209369109;-0,075885854;0,009496789;-0,073519038;-0,070451106;-0,756897142;-0,320667824;-0,408028909;0,146845838;-0,07332543;0,850033988;-0,069830385;0,3298534;-0,53670436;-0,5215055;-0,169923056;0,397596243;-0,832971354;-0,071490206;0,160327501;-0,672301422;-0,076942773;-0,072643935;-0,045292995;-0,079042871;-0,059781816;0,051194649;0,271732798;0,280906003;-0,192631255;-0,072630281;-0,148930205;0,149476601;-0,070705249;-0,257287672;-0,076782872;0,27247653;-0,839788605;-0,126239117;-0,562102306;-0,217549677;-0,199058793;-0,082286917;-0,634388551;0,523318769;-0,073249525;-0,069695673;-0,901338174;-0,704772626;0,174968617;0,398861889;0,47651878
-0,288057374;-0,091122701;0,841245891;0,128442437;-0,01033906;-0,090396849;0,532659458;0,540734084;0,493136814;-0,21864699;-0,44700197;-0,75865796;-0,087880392;0,731553611;-0,338347314;-0,436956246;0,112991209;0,230462272;0,848184253;0,908436974;0,437758207;-0,046427255;0,109614202;-0,472968535;-0,092995812;-0,024354343;-0,424249754;-0,402152142;0,03244359;-0,045762502;-0,3464413;-0,325629414;0,026245667;-0,035530458;0,144997266;-0,076231234;-0,096207469;-0,040588644;0,257177327;-0,094439602;-0,095238118;-0,090681007;0,391139401;-0,065274363;-0,440635577;-0,093312608;-0,04887068;-0,164295652;-0,047261314;-0,015093813;-0,698256925;0,071888025;-0,094618409;-0,77252227;-0,018568259;-0,387095096;0,276849498;-0,09773441;-0,053783624;-0,180861741;-0,099056042;-0,261601636;0,065297813;0,119976575;-0,102662626;0,013673993;-0,097972029;-0,090890189;0,628105664;0,728654812;-0,20965423;0,267736063;-0,098487792;-0,094199382;-0,091651739;-0,096380826;-0,137521521;-0,236186375;-0,366374148;-0,67670181;-0,09158337;-0,432742739;-0,761239761;-0,027702051;-0,094072056;-0,254178745;-0,221746292;0,395635693;-0,314767047;-0,706442229;-0,091714457;-0,444374584;-0,457810106;-0,341616801;-0,097902635;0,245807692;-0,023625608;-0,84423266;-0,068028404;-0,556479715;-0,097310359;-0,098585781;-0,099906972;0,057178113;-0,090508394;0,331356325;0,170849072;-0,087331427;0,155133041;-0,095218024;-0,09417368;-0,727102517;-0,901802171;0,239426852;-0,097101538;-0,225297963;-0,143584746;-0,087760296;0,499944675;0,075040992;-0,322279743;-0,447387393;-0,59757545;-0,097643155;-0,09986456;0,247144626;-0,393075725;-0,687928748;-0,273395495;0,255855118;0,39903421;-0,099108239;0,506273279;0,47438664;-0,080889471;0,267959198;-0,099305016;0,621658205;-0,124230797;-0,094663613;-0,088917838;-0,564495733;-0,088763223;0,688289931;-0,090419288;-0,348040509;-0,80144191;-0,201955518;-0,379653091;-1,035419294;-0,0964754;-0,088897504;0,34264387;-0,091831423;-0,097580249;-0,091186138;-0,096004987;0,26536058;-0,279623608;-0,820528519;-0,022867729;-0,094999223;0,395628996;-0,097789432;-0,097996001;-0,095722047;0,192007687;-0,447123808;-0,809257324;-0,090731585;0,13533556;0,352750636;-0,098505882;0,349373545;-0,093315025;-0,078489604;-0,015243241;-0,034000771;-0,538726721;0,063323085;0,557799116;-0,243451315;-0,09485595;-0,158046149;-0,093227643;0,79802588;-0,089528549;0,00672426;-0,646299292;-0,081211399;0,157642048;-0,012447033;-0,152598535;0,085903914;-0,000725215;-0,100192638;-0,089783565;-0,09436763;-0,091197383;-0,100434438;0,037661181;-0,140751185;0,117059484;-0,096839035;0,698962651;-0,282743874;-0,091809181;0,091718338;-0,832196671;-0,235516832;-0,718347353;-0,095496659;-0,710132455;-0,089549748;-0,225441548;-0,458887113;-0,543609553;0,257869731;-0,146878353;-0,094652753;0,342430644;-0,089170024;-0,511836412;-0,253972907;0,173675466;-0,573659544;0,75528873;-0,143460888;-0,093557914;0,245998143;0,187433681;-0,092059365;-0,09024271;-0,05315206;-0,094377142;0,193208548;-0,058582589;-0,73023065;0,657494383;-0,036430157;-0,099546782;0,460514243;-0,335715849;-0,09042744;0,063271275;-0,094208252;-0,503124776;0,37808603;0,099938738;-0,867565057;0,11167476;-0,061893935;0,46260662;0,524063406;-0,617733577;-0,089959556;-0,090950667;0,276626514;-0,11304969;-0,410577175;0,179291465;-0,14663977
-0,238459568;-0,073144983;-0,066977128;-0,080947713;-0,115812198;-0,0735263;-0,656718451;0,998731485;-0,531606427;-1,073111928;-0,277787859;-0,749263709;-0,056512332;-0,080685369;-0,220363548;0,103026668;0,045350997;-0,443632006;0,506757353;0,08015285;-0,258758782;-0,038484254;-0,090227007;-0,707502973;-0,07406693;-0,788921417;0,073873055;0,421114738;-0,170413145;-0,152688627;-0,396363098;-0,639630726;-0,099346002;0,338147903;0,172572878;-0,050858432;-0,07221839;0,091999883;-0,12035735;-0,063920913;-0,075745023;-0,070129882;-0,470492132;-0,143056405;-0,818908667;-0,074887007;-0,452162592;-0,368856148;-0,036483067;0,224245386;-0,669890043;0,099859556;-0,073172587;0,380891777;-0,096581146;-0,956424086;-0,659953347;-0,073019938;-0,042027324;-0,999545226;-0,072368474;0,218127715;0,647601648;-0,203177938;-0,379461843;-0,060809007;-0,071849236;-0,066179181;0,000221936;-0,402548051;0,562462758;0,033590266;-0,067982693;-0,072470117;0,43424688;-0,072947191;0,50939443;-1,055017851;-0,2456251;-1,115158227;-0,064092379;-0,191231663;-0,297369283;-0,071945923;-0,072616919;0,068328834;1,537715685;-0,071823512;-0,214681869;-1,340117723;-0,074212766;-0,593592602;0,172761272;0,649981862;-0,06831482;0,271487245;0,372658578;-0,309892785;-0,014227646;0,019879219;-0,06857106;-0,069063454;-0,551366516;-0,140457592;-0,073553055;0,4914678;0,163595408;-0,060013986;-0,463106758;-0,075106967;-0,074951842;-0,624271513;-0,655260263;0,637067436;-0,071502094;-0,045792004;-0,001167369;-0,075379134;-0,885952597;-0,134267148;-0,410245092;-0,694121095;-0,372758529;-0,068238945;-0,07321244;0,140058666;0,043859726;-0,586507302;0,084948355;0,221323441;-0,773301355;-0,0662848;0,657703777;0,996450133;-0,055312682;-0,206548951;-0,069467002;-0,096060354;-0,338261284;-0,0719504;-0,072215353;-0,918653999;-0,073099126;0,108001715;-0,067080917;-0,289248547;0,510818187;0,326662038;-1,177276065;-0,257600829;-0,069553029;-0,065021533;0,185761318;-0,07302414;-0,066416857;-0,067093868;-0,067474624;0,821239264;0,726571141;-0,904810513;-0,035416366;-0,066204878;1,030153222;-0,073900822;-0,073071418;-0,065141735;0,040018757;0,507241186;-0,635706899;-0,06815641;-0,125193722;-0,340730307;-0,074465668;-0,206905753;-0,064440275;-0,056782408;-0,48951124;-0,047489311;0,47654863;0,098151202;-0,535982162;0,008170447;-0,064588323;0,625986623;-0,069598712;0,770527383;-0,069991004;0,216142764;0,371709121;-0,061388236;-0,738138127;-0,226813349;-0,320387536;0,285968271;0,275521994;-0,07321379;-0,07080581;-0,066695718;-0,07355018;-0,025152008;0,059253452;-0,172792844;0,225715041;-0,071023038;0,130459978;1,205720313;-0,066888865;-0,130102796;-0,181138984;-0,199629489;-0,677198598;-0,067546251;0,623216831;-0,065281649;-0,007977703;-0,217257557;-0,085097883;-0,274199872;0,03940236;-0,071722281;-0,02770936;-0,080991002;0,34198648;-0,156674026;0,05008778;-0,538675488;0,415029809;-0,135517376;-0,066574687;0,167716388;-0,59623833;-0,068360378;-0,069218488;-0,025705256;-0,067789368;-0,962733143;0,034931601;0,434139997;-0,611618753;-0,169565244;-0,073573614;-0,12841997;-0,04121555;-0,071224536;0,133001756;-0,065095976;-0,032045044;0,202379654;-0,013166749;0,240272551;0,384349315;0,00213018;0,048545255;0,322536686;1,228426661;-0,06945087;-0,069819656;-0,456765899;-0,072511374;-0,157427442;-0,06579661;0,081402955
-0,285254731;-0,063894239;-0,699412213;0,66315487;0,157112734;-0,070404635;-0,18284066;-0,059567989;0,610353514;-0,812618432;0,515413701;-0,538483085;-0,053883349;-0,577291485;0,698435482;-0,565305186;0,602942407;0,15046918;0,054724102;-0,549986925;-0,359310198;-0,037684126;0,346568409;0,672483863;-0,060517929;0,052074079;-0,652281316;0,03707249;-0,133820311;-0,165863014;-0,116872059;-0,951495022;-0,943027928;-0,887014572;0,485103473;-0,006602339;-0,068400378;0,02103392;-0,178845732;-0,069764656;-0,065310087;-0,065814557;-0,218586834;-0,135219876;0,812804915;-0,066991158;0,967242825;-0,397033709;-0,024086126;-0,063861637;-0,960410666;-0,078556025;-0,067512277;0,355556326;-0,127373805;0,55459607;-0,653473022;-0,065990791;-0,033231036;-1,446283021;-0,069164397;-0,059671029;1,069183312;0,054063408;-0,112286062;-0,045684647;-0,070928886;-0,065935019;-0,78741861;0,168900207;0,533594696;-0,383101545;-0,057337687;-0,060143086;-0,220117996;-0,060125926;-0,478007993;0,614140696;-0,554100776;0,543275389;-0,062963283;-0,073121924;-0,276945056;-0,029946169;-0,065534031;0,048079849;-0,483550714;-0,140664624;-0,652772641;-0,375425171;-0,06037936;0,861634716;0,511476747;0,110418392;-0,063853975;-0,092482656;0,647108498;0,998864683;-0,028822276;0,390281485;-0,068852469;-0,066785479;-0,690154205;0,444995818;-0,066533823;-0,048619653;-0,853082663;-0,06662885;0,372786481;-0,061501108;-0,065182296;-0,415303306;1,215111444;0,340735332;-0,061167907;-0,046620587;-0,000274288;-0,069726105;0,067430138;-0,065835567;-0,170130491;0,554711682;0,142340562;-0,062788317;-0,067368308;-0,391251694;-0,0137958;0,443192229;-0,214543227;-0,71084692;-0,590170901;-0,064410039;-0,583179368;0,730325581;-0,057765039;0,496818371;-0,069767436;0,344207993;0,167262945;-0,061325772;-0,062415017;-0,37919401;-0,062902025;0,305024397;-0,062924989;0,020137023;0,161499278;0,615745452;0,875320242;-0,51654412;-0,067322075;-0,066633951;-0,348775076;-0,060754652;-0,06584327;-0,069609025;-0,071394317;0,356873222;-0,864609308;1,272850237;-0,024296112;-0,067663087;-0,508783684;-0,062387066;-0,06096857;-0,067915974;0,052155456;-0,133707497;0,488825111;-0,06706557;0,20342857;-0,364678733;-0,070851871;-0,103773035;-0,0637132;-0,05267046;-1,324452643;-0,019572619;0,220061686;0,025593227;-0,661930734;-0,387556531;-0,06823035;0,55573128;-0,064185486;0,702545598;-0,065835912;-0,173533395;0,402704318;-0,066092459;-0,682510979;-0,399087201;-0,477400028;-0,165600999;0,109291103;-0,070205612;-0,060754536;-0,068138067;-0,067580072;-0,140114885;0,086179925;-0,094774685;-0,26196176;-0,068639078;0,428846008;-0,584973233;-0,065007221;-0,111688365;-0,085484848;-0,190819622;0,583734762;-0,07120822;-0,085768448;-0,070234255;-0,055769773;-0,894010521;-1,227405244;-0,119219954;-0,580884093;-0,068494809;0,092507599;-0,06980759;0,281396846;0,417462532;-0,17613685;-0,002719262;-0,933634231;0,410950656;-0,068233087;-1,513750925;-0,43275004;-0,070637274;-0,060550251;-0,030930249;-0,061258905;-0,32886778;-0,05568009;-0,239332251;0,091171295;0,440715548;-0,069919199;-0,130613604;-0,190389166;-0,061490666;0,086106845;-0,061283952;-0,399487878;0,158424314;0,025053958;0,098457665;-0,88342675;-0,268558894;-0,464107859;-0,750433475;-1,102105392;-0,065281953;-0,068254947;-0,679067697;0,555818187;0,341087368;-0,342925862;-0,242841044
-0,316489868;-0,088958996;-0,01989857;-0,090465455;-0,018341586;-0,077321556;-0,514808993;-0,072639032;-0,403011128;0,378482852;0,953901284;0,773018972;-0,069829535;-1,147020777;0,474625367;-0,065878683;0,159846369;-0,130586707;-0,197444567;0,217736216;-0,932087942;-0,043861191;-0,480610446;-0,272485448;-0,083750882;-0,439087317;0,057309815;-0,692299906;0,099129585;-0,122741289;-0,450442311;-0,682876275;0,067684468;0,074095812;-0,591762664;-0,08683646;-0,081850457;-0,247983051;0,068987225;-0,080341394;-0,086241248;-0,081082535;0,033282;0,111732199;-0,594361935;-0,086981932;-0,197857234;-0,67672894;-0,0362316;-0,257744696;-0,175175566;-0,186485265;-0,084737849;-0,929190645;-0,359178517;-0,163650647;0,05749813;-0,083145275;-0,053099622;-1,697582958;-0,083957869;0,665284728;0,220259246;-0,017614327;0,266984967;0,178180417;-0,088570737;-0,079450436;0,302439243;0,797923105;0,255872809;0,586462503;-0,080463733;-0,087954092;0,019422314;-0,085644699;-0,143634345;-0,575352909;-0,002798801;-0,565194081;-0,081156344;0,083917854;-0,252957374;-0,011424953;-0,085167192;-0,623243623;-0,736934977;0,132197618;-0,214924144;0,32979879;-0,082204358;-0,046391457;-0,564747529;-0,646007302;-0,079084876;-1,043077966;0,644531523;1,128888904;-0,03466063;-0,273652064;-0,080477987;-0,078679915;0,25309837;-0,142439528;-0,078936759;-0,3071743;0,565857759;-0,082879944;-1,429382431;-0,08185159;-0,086251717;0,136801249;-0,456986278;0,201149675;-0,083750681;-0,031343187;0,193079919;-0,082346658;-0,109189803;0,006074994;0,107049501;0,138940534;0,12452761;-0,086942849;-0,083764549;-0,441155823;-0,126442775;-0,650652908;0,427776829;0,027295205;-1,207853856;-0,078149648;0,963231689;0,607697445;-0,077010619;-0,738165303;-0,084226585;-0,733344255;0,61513343;-0,087197732;-0,088319609;0,543749814;-0,085255527;-0,793639061;-0,079869938;0,099674768;0,244576863;0,280116366;0,154490484;-0,135422263;-0,084922107;-0,086354876;-0,500584001;-0,086532917;-0,082059716;-0,08693859;-0,080487119;-0,436909655;-0,34973321;0,357730857;-0,075999509;-0,083951193;0,501406239;-0,086522211;-0,083314112;-0,079746757;-0,307697683;-0,85260417;-0,200070666;-0,086579201;-0,084048005;0,986016783;-0,086071163;-0,634218915;-0,079997388;-0,065771696;-0,735133383;-0,030272034;-0,948568396;-0,045681429;-0,875072858;0,685490555;-0,084381488;0,367825685;-0,082125513;0,171631481;-0,086027419;-0,83329484;-0,138861243;-0,091577352;-0,207187931;0,078580293;0,08704676;0,600341194;0,085108873;-0,089538743;-0,079419091;-0,086081382;-0,078966097;-0,143590616;0,100281123;0,275642741;-0,215760839;-0,086480443;-0,945340549;-0,626857408;-0,090996073;-0,441580043;-0,225264835;-0,235522793;-0,056829702;-0,078396674;-0,748501765;-0,083883314;-0,185265128;0,21503701;0,275538398;-0,027577984;0,335900952;-0,085147887;0,85463412;-0,091095073;0,311224612;0,95220852;-0,035005024;0,023869481;0,364437691;0,429678961;-0,078827603;0,364135884;0,78639741;-0,081638556;-0,080455319;-0,043716885;-0,088777417;-0,415764392;0,104700451;-0,023460123;-0,540939785;0,040737925;-0,083523538;-0,206566502;-0,258201055;-0,085134206;-0,217139436;-0,083918755;-0,075435219;0,617859273;-0,05679234;-0,453361157;0,351416786;-0,278076016;-0,811393106;0,487570735;0,004644704;-0,088763807;-0,082272203;-1,280565951;-0,424452615;1,180201539;1,000878582;0,419410272
-0,290562617;-0,05957613;-0,827139491;-1,015659659;-0,217328718;-0,054410531;0,172357058;-0,367037558;0,163423772;-0,003688767;0,555001595;-0,141374162;-0,055549418;-0,641563806;-0,645631889;0,011808566;-0,124884848;-0,205232746;1,12363875;-0,192455108;0,378736475;-0,034790262;0,277983134;-0,219844378;-0,054613112;0,852175598;-0,637278962;-0,930487927;0,083855537;-0,065457928;-0,463136663;0,846402277;-0,703050728;0,564050586;-0,314345502;-0,017027589;-0,055719501;0,181742674;-0,530882047;-0,056171174;-0,052858978;-0,062238144;-0,128379489;0,117606463;-0,179724523;-0,060733077;-0,373252362;0,928773925;-0,025880156;0,064519906;-0,391877388;0,071928392;-0,060123101;0,842032302;-0,232464366;0,661730671;0,618396399;-0,051984433;-0,039726604;0,018894563;-0,05407419;-0,203574777;-0,080510086;-0,052862714;-0,416842492;-0,038487525;-0,054710707;-0,058873879;0,064449174;0,658997043;0,896320115;-0,593436162;-0,050612305;-0,054505741;-0,469330407;-0,05494145;-0,048647005;0,660177628;0,207980286;0,462368185;-0,056239523;-0,204772156;-0,737405794;-0,152285264;-0,058819391;-0,325253073;0,361144604;0,664623467;0,040619437;0,37097948;-0,055753373;0,36983089;-0,182386157;0,400944373;-0,053380141;-0,750838157;0,650883375;-0,373477976;-0,05365683;0,667993025;-0,060562392;-0,056430091;-0,186050029;-0,286640254;-0,054582527;0,529347374;0,378383697;-0,046516016;-1,388273499;-0,060954581;-0,058315062;0,373622092;0,493483811;-0,905800246;-0,056606466;-0,058318427;-0,266920953;-0,0532431;-0,625921209;-0,037118216;-0,182753196;0,510650068;0,314248468;-0,058900725;-0,061169044;-1,32044746;-0,115201573;-0,578030494;0,409303443;-0,961449398;-0,571369053;-0,056351095;-0,916592539;-0,447916233;-0,052160532;-0,098423397;-0,060196396;-0,117224524;0,075640678;-0,057672877;-0,053279851;0,345307986;-0,061590136;-0,312976695;-0,056544632;1,137673687;-0,014607156;0,263228895;0,136510589;0,261920987;-0,054248944;-0,051354921;-0,57080502;-0,059881471;-0,052695132;-0,056438838;-0,060621694;-0,018382918;0,119682358;-0,605033502;-0,02124062;-0,057274729;-0,949912076;-0,052670936;-0,052495275;-0,056901975;-0,564307981;-1,050906417;0,824520621;-0,051617448;-0,163296256;-0,381004498;-0,058735703;0,041141559;-0,058231207;-0,042302862;-0,030144143;-0,043567837;-0,277140505;0,076161054;-0,401027664;-0,45821744;-0,057862575;-0,301335275;-0,051739413;-0,114267159;-0,05832691;0,223575157;-0,552097391;-0,06175575;-0,474083238;-0,297890545;0,051855651;0,264970661;-0,014677114;-0,053412759;-0,061612638;-0,059619014;-0,05507772;-0,026924976;0,035995547;-0,183728303;-0,115329809;-0,055735858;0,436522359;0,139441799;-0,060141542;-0,125445929;-0,144878711;0,187590064;0,37473636;-0,061390701;-0,600362011;-0,055430898;-0,064402913;-0,56478473;0,409982829;-0,50944939;-0,574868481;-0,0560731;-0,763533753;-0,048226507;-1,114552269;0,958496089;-0,009718649;-0,047325022;0,667735764;0,321858829;-0,05537409;-0,668647381;-0,341977837;-0,052556281;-0,056321364;-0,040530069;-0,054210263;0,249998902;-0,108707391;-0,088424967;0,149320941;-0,25691412;-0,059427144;-0,6815644;0,049493043;-0,058173495;-0,01803869;-0,061210291;-0,610461098;-1,07923306;-0,002959472;-0,132311233;-0,660451466;0,122032793;0,427968345;0,363094117;0,708625852;-0,056526291;-0,060012562;0,311787874;0,629812741;-1,050829529;0,669195051;-0,486156369
-0,30804629;-0,075957695;-0,201977774;-0,127472747;-0,293108542;-0,054718004;0,729536271;1,053097122;0,191971691;-0,51541097;-0,791216108;0,64749586;-0,062640079;0,698641904;0,239651673;0,656954295;0,171631043;0,092702991;-0,49617639;-0,995001683;0,072016305;-0,032251272;-0,105570398;0,73726235;-0,068643223;-0,549628524;0,972902065;-0,395166522;0,013104739;0,015530937;0,911380766;-0,418045433;-0,594892794;-0,444458451;0,210493205;-0,06184236;-0,072971542;-0,189828019;-0,823296575;-0,074126019;-0,058357361;-0,070830701;-0,318089532;0,078665039;-0,989412541;-0,073971909;0,637361633;0,679981876;-0,032118214;-0,04213835;-0,618221382;-0,166021465;-0,075401005;-0,448377977;0,372109356;-0,199895206;0,016273843;-0,070332422;-0,041012302;0,9159246;-0,069800312;-0,59619146;-0,397997972;-0,167955911;-0,004264829;-0,00938461;-0,074734121;-0,069856908;0,246491082;1,239353731;0,660664395;0,683650009;-0,063472456;-0,071975447;-0,080807431;-0,072338178;-0,038976394;-0,038541739;-0,361104743;-0,265761412;-0,073065277;-0,006756508;0,863901063;0,028838572;-0,070301317;-0,316381186;0,371585385;0,301234601;-0,460576595;0,028248705;-0,067899662;0,035516391;-0,354975999;-0,279995443;-0,073599211;-0,63061846;-0,37501015;-1,228738936;-0,033019734;0,649993402;-0,07605471;-0,070663185;0,638607014;-0,400285573;-0,070574145;-0,466319117;-2,207760734;-0,066205521;0,335960283;-0,076301675;-0,075457929;0,256562543;-0,238682047;0,926156143;-0,075865658;-0,084736839;-0,11023048;-0,070105186;-0,284733193;-0,008768664;0,058547328;0,056712622;0,357907738;-0,072085789;-0,075863197;-0,497837496;-0,214127505;-0,631819926;0,703476953;0,532464032;-0,08634722;-0,066151831;0,408326764;0,858901661;-0,055847775;-0,450241642;-0,07638393;-0,200103674;-1,043149533;-0,070667848;-0,069138415;0,967234429;-0,074853119;0,376107069;-0,071206409;-0,038636353;-0,515456151;0,339404029;0,585894217;-0,17678281;-0,072798607;-0,068435868;-1,360766151;-0,068424361;-0,071697985;-0,076468178;-0,073661292;0,885133366;-0,541459545;-0,169824685;-0,055241933;-0,073842254;0,601360499;-0,07006839;-0,07585379;-0,065621954;-0,378991123;-0,304695231;0,04371593;-0,071689754;-0,231535329;0,281740837;-0,06711674;-0,023634603;-0,067778554;-0,054831447;1,084817132;-0,024527132;0,519856898;0,128718525;1,045390839;-0,473091394;-0,072992766;1,099673323;-0,068190666;0,60169044;-0,07536429;-0,61595883;-0,5392466;-0,078266152;-0,327467347;-0,570407287;-0,129195374;-0,454985134;-0,712714916;-0,07303341;-0,06855481;-0,071817336;-0,065894761;-0,187815424;0,011315347;-0,464966273;-0,137698683;-0,071229749;-0,002362083;-0,333629661;-0,072371586;-0,077111096;0,482186922;-0,361568214;-0,172828397;-0,075334002;-0,259896186;-0,066044422;-0,150153442;0,32191741;0,968839283;-0,408692636;-0,690228005;-0,064210811;-0,532319647;-0,069932864;-0,916556885;-0,528333878;-0,14026654;0,109225002;-0,638112756;-0,991416261;-0,065372221;-0,383463989;-0,594989513;-0,072192033;-0,072154955;-0,034669857;-0,066876749;0,350795361;0,045673865;-0,23333649;-0,764830817;-0,894193392;-0,068309781;-0,118634854;-0,147333065;-0,069792436;0,259366405;-0,073940861;-0,85216973;0,500610298;-0,01662172;-0,457709093;0,016019106;-0,159653367;-1,127432796;0,572354054;0,345875949;-0,072377986;-0,069053499;0,499981308;0,599806186;-1,022733056;0,256087799;-1,200846824
-0,484609798;-0,088652427;-0,288174027;-0,486250958;-0,262812232;-0,096339929;-0,454763886;-0,754273711;-0,269964392;-0,25206568;-0,013758056;-0,151992113;-0,077144324;-0,258551644;-0,288860068;-0,443358445;-0,449029266;-0,445124437;0,556398332;0,655826385;0,323579789;-0,036948734;-0,847793352;-0,415123167;-0,083993147;-0,645893113;-0,11521822;0,748875454;-0,063220363;-0,274400925;-0,656356489;-0,725279608;-0,131965341;-0,015915377;0,07178761;-0,058240078;-0,089948534;-0,266179356;-0,719570284;-0,086630201;-0,087078434;-0,092075554;0,00884843;-0,137839871;-0,449768346;-0,087188256;-0,434563294;-0,576544023;-0,023627382;-0,113681262;0,774950295;-0,118215105;-0,088919205;0,596801586;0,080335998;0,544908748;-0,489754955;-0,088171748;-0,043293306;-0,276489581;-0,084958269;0,172111568;-1,148185171;0,149840601;-0,662880438;-0,391202486;-0,08513236;-0,08727897;-0,382351213;0,581792159;0,645230833;-0,652585676;-0,081260793;-0,084249106;-0,496246986;-0,081593608;-0,001315059;0,830147822;-0,093460984;0,57773653;-0,084761583;0,601521215;0,633065935;-0,186098959;-0,083108359;-0,530531012;-0,768917452;-0,397477565;-0,258825826;0,079833073;-0,085915088;-0,736803492;0,001982522;0,252757209;-0,082376783;0,240250298;0,253681844;-0,278234369;-0,012484684;-0,495828424;-0,086361936;-0,085981901;-0,633811788;-0,118963752;-0,081720404;-0,287102564;-0,373680042;-0,07887631;0,556556233;-0,082826649;-0,084754662;0,955169981;-0,96548605;-0,262445983;-0,091303618;-0,03026738;-0,125711222;-0,089611307;-0,383889172;-0,114245891;-0,064161353;-0,197506485;-0,752658463;-0,084811889;-0,086954468;0,815442833;0,209972121;0,660207722;0,305410725;-0,354607996;-0,399487868;-0,084670548;-0,252418835;1,003663757;-0,067973909;0,788472108;-0,089750379;0,342090837;0,061361344;-0,091254983;-0,085786545;-0,590481896;-0,09054711;-0,103287743;-0,080464914;-0,377464823;-0,351988581;0,202846085;0,086061727;0,241268454;-0,08413124;-0,091099562;-0,6450146;-0,086391733;-0,086432042;-0,088600325;-0,086271262;0,373476964;-0,1100351;0,634734362;-0,045155647;-0,089659482;0,638318955;-0,092009699;-0,085152943;-0,087061502;0,225592766;0,517398762;-0,037274901;-0,081172712;0,274529113;-0,230370583;-0,092427427;-0,521611878;-0,085747227;-0,068081178;-0,059691513;-0,03230329;0,143128944;-0,664156783;0,572819409;-0,676108829;-0,086107176;-0,268719066;-0,085425417;-0,224412232;-0,090460256;-0,385807993;0,255565656;-0,098611088;0,569371952;0,056346042;-0,113217168;-0,129756996;0,076948768;-0,087278289;-0,084711504;-0,093216989;-0,08640183;-0,016641157;-0,137784216;-0,103824218;-0,822652854;-0,085206803;0,356704277;0,206972042;-0,088531667;-0,210987388;0,47823443;-0,133865733;-0,788975598;-0,08279558;-0,325382668;-0,086851578;0,100377488;-0,574027789;-0,662776218;0,061335953;-0,539987265;-0,09412234;0,04649375;-0,087978015;0,626457907;0,380745813;-0,072359102;-0,800819654;0,584706955;-0,021553995;-0,084878329;0,116316529;0,392172908;-0,088849443;-0,083598006;-0,043180468;-0,084826552;-0,140953551;-0,150729823;0,478582552;0,285634839;-0,417139917;-0,092425491;-0,891967532;0,059532553;-0,091174253;-0,238811839;-0,089994573;0,550194863;-1,011549157;-0,099520071;-0,567561783;-0,647133756;-0,256201482;-0,774056839;-0,246937448;0,227424856;-0,085078185;-0,090787911;0,562993055;0,528600975;-0,66090994;0,922288982;0,301703518
-0,330606506;-0,07476525;-0,545584922;0,553559393;-0,066260633;-0,074068008;-0,606390428;-0,528196646;0,29513598;0,692236685;-0,547717172;-0,34779292;-0,074246985;-0,41239505;-0,058178419;0,184294121;-0,757296547;-0,329573802;-0,458589421;-0,274869141;0,566753344;-0,023855153;0,320773467;-0,089869917;-0,077072176;0,545970833;0,60114993;-1,207982055;-0,147485358;0,222498994;-0,116521436;-0,154948694;-0,325198626;-0,003703418;-0,609177252;-0,023558543;-0,083767835;0,361339388;0,506983651;-0,073882388;-0,070979763;-0,075112709;-0,228602903;-0,271603957;-0,603962017;-0,078024387;-0,343408752;0,557366179;-0,039943849;0,036275998;0,450056909;0,129507369;-0,074892251;-0,702967629;0,297956642;0,163223348;-0,707874589;-0,080085421;-0,063823615;-0,781128736;-0,078276545;0,097783346;-0,343162374;-0,198624803;-0,958028182;0,086349313;-0,07623525;-0,082189594;-0,531026371;-0,692241671;0,043840098;0,195859786;-0,080857939;-0,075733646;0,115025609;-0,079826764;-0,322732169;0,146135739;0,00387435;-0,364590846;-0,081054098;-0,297889375;0,222462642;0,226716299;-0,075288816;-0,134181638;-0,404109735;-0,143801417;0,042559099;-0,449697403;-0,086196421;-1,001002695;0,75072114;0,7754008;-0,07475706;0,107334827;-0,896492023;0,032610037;-0,020717368;-0,518123581;-0,085228578;-0,079615868;0,468815506;-0,240870998;-0,078213775;0,306926719;0,232032991;-0,071934719;-0,316816169;-0,07665693;-0,085640376;0,345638633;-0,508113453;-0,960733776;-0,07585377;0,071974617;-0,43403891;-0,083532937;-0,518118866;-0,314859091;0,028537414;-0,111242511;0,734870453;-0,073423653;-0,084251514;0,052920151;-0,004486093;-0,614718151;0,621855026;0,524732196;-0,230394377;-0,081456477;-0,772733008;-0,447971341;-0,063013817;-0,731563704;-0,07474333;-0,298070641;-0,560183635;-0,077847381;-0,082055864;-0,534565902;-0,076460342;-0,814144236;-0,079659833;0,457177683;0,417927011;-0,353902418;-0,290358275;0,645542875;-0,075475676;-0,078844277;-0,435861974;-0,078452127;-0,080789876;-0,079015554;-0,079897025;-0,012683901;-0,044377316;-0,893101346;-0,026796264;-0,078707854;-0,369610898;-0,080121031;-0,079995723;-0,074133426;-0,015076286;0,590103222;0,631801066;-0,086027153;-0,402329731;-0,130686654;-0,089302449;-0,057718325;-0,079209696;-0,068941844;-0,311957179;-0,075055979;0,471104756;-0,014074112;-0,540495057;-0,098761863;-0,078828962;0,123896874;-0,078978568;0,503981033;-0,083121006;0,107371435;0,582227736;-0,088226924;-0,290991666;-0,081264995;-0,313075199;-1,075086519;0,319575238;-0,077299294;-0,077197774;-0,079552963;-0,077485454;0,083661959;-0,313750857;-0,178716652;0,067522183;-0,073766739;0,572844395;0,592178318;-0,084814556;-0,1654604;-0,362178963;0,586892146;0,715521985;-0,084001076;-0,484051198;-0,090782295;0,075057486;0,304107374;0,37095303;-0,793470631;-0,030408349;-0,071599486;0,560562348;-0,067437092;0,120489491;-0,42567567;0,415417864;0,503911437;-0,297966625;-0,227934199;-0,088026141;0,369629083;-0,835959789;-0,077508284;-0,081621267;-0,044274905;-0,084025687;-0,504122643;-0,191131516;0,145992902;-0,597867766;-0,548445347;-0,073984147;0,088883421;0,202627171;-0,075331128;0,236577703;-0,078297556;0,610596317;-0,405331615;0,046103934;0,617161156;0,460981211;0,469722203;-0,344110209;-1,305817434;-0,161065377;-0,076585292;-0,083111103;0,518751376;0,354186315;0,457858601;-0,844150736;0,361428149
-0,367635155;-0,058142994;-0,25558587;-0,737082581;-0,080280976;-0,065707147;0,923293726;0,56234015;0,343255343;0,667370489;0,93603181;-0,663605853;-0,056335712;-0,200943934;-0,470602758;-0,39154858;0,629670698;-0,272761318;0,296544585;-0,787727592;0,356039985;-0,032128006;-0,60971676;-0,786834832;-0,053654828;0,072693111;0,04480834;-1,001853219;0,069861811;0,036818788;-0,609152426;-0,24630143;-0,002405008;-0,264546072;-0,057839395;-0,056415904;-0,058399903;-0,07270041;0,971262945;-0,054084191;-0,049995841;-0,055026684;0,104226518;-0,322946259;-0,550418418;-0,054847652;0,205543815;0,505425018;-0,027352157;-0,15877747;-0,976749232;-0,125752243;-0,051900842;-0,931078051;-0,072913066;0,152245644;1,168439183;-0,049265489;-0,041778534;-0,9162563;-0,049316745;0,411556419;-0,606721583;-0,054778879;0,025244538;-0,361114735;-0,057984261;-0,052640939;-0,520634511;-0,885393468;0,431074604;-0,599292545;-0,058557093;-0,051613272;-0,301746675;-0,056407533;0,246075911;0,060907251;0,32408422;0,507509714;-0,050159318;-0,318868616;-1,028888152;0,18077796;-0,053478075;-0,336335329;-0,344036351;0,680107937;-0,429059266;0,677995845;-0,052385519;-0,890638126;0,908888318;0,733309885;-0,05529994;0,335787933;0,120846352;-0,64347024;-0,004078385;-1,174811032;-0,057858585;-0,053016181;-0,570640195;-0,406207879;-0,053802415;-0,866282436;-0,48040477;-0,041069243;-0,682443073;-0,057445245;-0,05357025;-0,059020595;-0,116027438;0,079104325;-0,053608371;-0,052916586;0,163038018;-0,053208763;-1,017686849;0,115036104;0,019197775;0,208705601;-0,343859457;-0,048556254;-0,060136981;0,10580689;-0,40701164;-0,614313464;0,213233981;-0,297499318;-1,43067031;-0,049552933;-0,471610464;0,529334901;-0,057147013;0,300235509;-0,057457013;0,077723439;0,120420512;-0,055450932;-0,058322169;0,207732638;-0,053692434;0,434670444;-0,058420916;0,254071284;0,064479679;0,253488729;-0,935436251;-0,46825455;-0,052773195;-0,057706528;-0,746034185;-0,054864482;-0,050590898;-0,055215634;-0,052461183;0,667175002;-1,199299603;0,698684901;-0,067085183;-0,053714928;0,53505594;-0,052206651;-0,057380233;-0,052948642;0,096844009;0,988312907;0,07227344;-0,055489103;0,089211475;-0,557914257;-0,050966283;-0,062946199;-0,05604527;-0,045313618;-1,131873354;-0,011312877;0,35964448;-0,30488946;-0,29880148;0,414408765;-0,059834384;0,63755529;-0,058960941;0,03301004;-0,049491556;-0,451439552;-0,753543973;-0,045418063;0,10669391;-0,046805687;-0,01787744;0,125158459;0,090514368;-0,059986891;-0,058381051;-0,053683828;-0,052944981;-0,096926154;0,016425531;-0,294360629;-0,495968086;-0,049352272;0,474624003;-1,215463505;-0,049451096;-0,44759259;-0,035869115;-0,376318216;-0,598195298;-0,057578567;-0,796439311;-0,058195866;-0,005547409;-0,860151304;-0,243812311;0,757316024;0,032506168;-0,060151263;0,874091868;-0,05841891;-0,93160296;0,162375403;-0,104042376;0,252656409;-0,269728834;-0,541934879;-0,05969557;-0,030025766;0,332822247;-0,058111989;-0,050183412;-0,030774098;-0,058194601;-1,334280701;0,006396394;0,496918685;0,012530103;0,255356188;-0,057442393;0,498329897;-0,027392853;-0,051478324;-0,180904813;-0,050477864;-0,508111369;1,238569782;-0,035774739;0,142260733;-0,772837386;-0,240300705;0,106730047;-0,054627723;-0,248215376;-0,055110436;-0,049987034;0,606218262;-0,525581383;0,179407769;-0,774080512;-0,108430898
-0,440020679;-0,095766829;-0,067425545;0,500255864;-0,019025294;-0,094363586;0,512057986;-0,106158043;0,813008905;-1,311791353;-0,928846972;-0,50312743;-0,089052713;0,642121422;0,29723834;0,171594866;0,479880714;-0,290142973;-0,284278385;-0,426620543;0,361915958;-0,042716115;0,195481748;-0,143498074;-0,097271596;-0,012522041;1,636623584;-0,01397639;0,000783905;0,079461723;-0,319024549;-0,054408402;0,161722493;0,001089785;0,322530837;-0,047361587;-0,099206311;-0,015345503;-0,271319669;-0,100370046;-0,078825275;-0,094897586;-0,04311872;0,112545698;0,058367871;-0,093485916;-0,226945818;0,818301424;-0,040298322;0,011679356;0,20861311;-0,122960286;-0,102257494;-0,293293548;0,072674866;-0,957891863;0,648909809;-0,095718733;-0,064588825;0,462618986;-0,090768647;-0,623495225;-0,470440608;-0,122374202;-0,86663809;0,080125357;-0,096718215;-0,100856274;0,197603236;-0,838911735;0,262660655;0,427535301;-0,098561422;-0,096628998;-0,102789026;-0,094426767;-0,059472238;0,710807144;-0,520474503;0,73381027;-0,099490514;-0,200835844;-0,757812005;-0,002668262;-0,096313285;0,505201292;0,375387645;0,029522641;-0,823467629;0,666892477;-0,099311297;-0,057583729;-0,589276582;-0,088694317;-0,097516877;0,236584252;0,90655142;-0,948969334;-0,018090962;0,666686433;-0,100148813;-0,093675398;0,433324983;-0,143857387;-0,098221229;-0,455954839;-0,096967535;-0,082251357;-0,999382234;-0,102272892;-0,100508132;-0,594111261;-0,545865657;-1,523944074;-0,100313014;-0,072028093;-0,792359202;-0,087970208;-1,348442493;-0,007156723;-0,316517429;0,716568258;1,260277863;-0,098277894;-0,098869216;-0,12149011;-0,346728316;0,470878433;0,043474556;0,058832666;-0,564440982;-0,094685237;0,418554188;0,674184387;-0,088354199;1,013004088;-0,096596077;-0,058146305;-0,438086912;-0,094584873;-0,09924147;0,131409443;-0,101903491;-0,69499083;-0,098933621;0,050709402;-0,964980482;-0,718873063;-1,62379467;0,309668682;-0,100887391;-0,093299447;-0,159956397;-0,096091551;-0,095828185;-0,094954228;-0,09998345;0,140025025;0,818220322;0,152531685;-0,057382465;-0,097054062;-0,562757764;-0,103212602;-0,093393721;-0,097108163;-0,147033066;-1,839516669;0,41764243;-0,099124992;-0,049642711;-0,685704066;-0,095591033;-0,279899195;-0,099826981;-0,084030515;-0,336280324;-0,05249172;0,023161322;0,067934927;0,644162229;0,502471738;-0,093659114;-0,645870084;-0,095786592;0,098108098;-0,093038598;-0,234092209;-0,753134279;-0,113703238;0,621294643;-0,448194653;-0,137046351;0,429453214;0,188272645;-0,103134154;-0,098307031;-0,090362008;-0,093232344;-0,076839679;0,074911408;-0,028862051;-0,545505403;-0,101340383;-0,921648085;0,050181108;-0,095925699;-0,526784453;0,128815444;-0,469274419;0,163783257;-0,098972893;-1,093669802;-0,096348052;-0,223122036;0,313157536;0,369677386;-0,449002846;0,040285856;-0,089885438;1,014730465;-0,087953539;0,489878226;-0,033294631;0,047478579;0,300979332;-0,757801908;0,171062258;-0,113376908;-0,802654859;-0,116493433;-0,10063805;-0,102042657;-0,056260277;-0,098873524;-1,01276496;-0,07092623;0,751568667;0,518071143;0,3584529;-0,099077187;0,789954218;-0,236076117;-0,098399948;-0,401888065;-0,098488048;0,599157346;-0,347425533;0,060148887;0,02037656;-0,101992855;-0,356619678;-0,52291007;0,40144527;0,761524823;-0,092825636;-0,101137269;-0,297824644;-0,600373152;0,711746696;-0,939485146;0,19244111
-0,336757942;-0,087845413;-0,761602299;0,104826283;-0,367684681;-0,091748367;0,341876522;0,084966655;-0,057858789;0,010519005;-0,847781305;0,485645614;-0,08110413;-0,457610318;-0,178537648;0,175950239;0,423315556;-0,0480821;-0,182209293;0,636821334;-0,491034235;-0,049286362;-0,192995963;-1,166888595;-0,088042044;-0,078327815;-0,746332872;-0,191266939;-0,091734344;0,07312979;0,151721096;-0,356080044;0,021218726;-0,286319967;0,700776472;-0,087187121;-0,081754605;0,099193546;-0,425233583;-0,083322426;-0,079816497;-0,081664617;-1,194376703;0,003009504;-1,309700794;-0,088486195;-0,060204347;0,323759211;-0,048249759;-0,174122329;-0,480896918;-0,097871812;-0,084006584;-0,132479996;-1,258247785;0,163189097;0,695026012;-0,088662413;-0,055888542;0,988800188;-0,087025976;-0,061690285;-0,840196868;-0,204541684;0,225544418;-0,199774082;-0,086776753;-0,082896037;0,242710898;-0,446370316;-1,325409401;0,191016097;-0,080884257;-0,08270763;0,282373559;-0,08084861;0,467099298;0,316576998;0,005198795;-0,506813716;-0,089323465;-0,340909298;-1,016077961;0,045751829;-0,086696399;0,051668016;-0,105766351;0,302815551;-0,049748446;0,031978737;-0,08952357;0,163245153;-0,833605833;0,994257643;-0,083136149;0,589435881;-0,023983511;0,758043832;-0,025565991;1,184085641;-0,087221401;-0,087916557;0,670171647;0,207800481;-0,08729605;-0,45025016;0,309085555;-0,071015102;-1,049361518;-0,08466357;-0,084128486;-0,671027977;0,137909127;0,485124516;-0,08702754;-0,043784268;-0,016550207;-0,081427764;-0,573308701;-0,043570289;-0,286366374;0,143062382;0,921177256;-0,082182039;-0,083268126;-0,326224087;-0,325306688;-0,785033249;0,515010606;0,070164891;0,885469735;-0,081823146;-0,458774975;-0,776906497;-0,088254367;0,5907436;-0,085711662;-0,136211691;-0,253763555;-0,08565149;-0,081021225;0,26916669;-0,086987463;0,608054713;-0,086194268;0,934896939;0,811427339;0,435702091;-0,114077219;-0,60374573;-0,08731876;-0,084317333;-0,833332961;-0,084370418;-0,088517109;-0,088707182;-0,08949672;-1,266456831;0,828355542;-0,222401907;-0,090204023;-0,086687324;0,377777512;-0,088376214;-0,089802188;-0,088302122;-0,565509735;-0,412030566;0,157602539;-0,088965065;-0,11694235;0,64240903;-0,08115106;-0,548886402;-0,085025277;-0,074554659;0,182534748;-0,039636165;-0,12352817;-0,168696763;-0,81259849;1,139652941;-0,090000162;-1,298623359;-0,087334076;-0,236939645;-0,081026087;-0,119712762;-0,423014962;-0,084511368;0,51648323;0,421650395;0,253149044;0,411413311;0,192328981;-0,090062293;-0,090190337;-0,083153379;-0,088968528;-0,252560962;-0,03720821;-0,161216221;0,391968657;-0,088342781;-0,117552898;0,22734026;-0,085769663;-0,320934855;0,818088927;0,201983556;-0,323881092;-0,084373469;-0,463641782;-0,083499454;-0,141511749;-1,354717124;-0,220219444;1,167629728;0,296728469;-0,08657482;-0,530709143;-0,084191372;-0,526464291;0,109780325;-0,324673496;0,69842404;0,082742004;-0,604333194;-0,08800903;-0,210929227;-0,674689651;-0,08778921;-0,086075665;-0,048723284;-0,080506885;0,721899551;-0,174893275;-0,416491812;-0,359306899;-0,136489295;-0,082136734;-0,627634317;-0,124120901;-0,084689761;0,074783915;-0,081378932;0,137358711;0,449341779;-0,024122301;-0,610837161;-0,672042201;-0,100827697;0,414734585;0,58409809;-0,49058276;-0,087949031;-0,083246781;0,289365836;-0,496988159;1,063212596;-0,790099983;-0,776100828
-0,198044296;-0,069629199;-0,225853857;0,548425818;-0,032242546;-0,070097333;0,076137713;-0,065307551;0,205362862;-0,071182345;0,934231411;-0,199697477;-0,067639148;-0,510601113;-0,272653648;-1,064973477;0,055860751;0,066694529;0,119703896;-0,215826746;0,446133301;-0,031914407;0,184249022;-0,161190439;-0,071834777;0,921774432;0,60484411;0,008225545;-0,111374862;0,225418674;-0,95699186;-0,072908969;-0,132478213;0,102418978;-0,46485233;0,004662053;-0,066720422;0,095860971;-0,278159858;-0,066768499;-0,055628292;-0,072307068;0,462660813;0,147371178;-0,511235092;-0,072106252;-0,501967562;-0,818288875;-0,028614283;-0,06783522;-0,804730981;-0,134462809;-0,063369027;0,363755706;-0,105359258;-0,452716117;0,287955119;-0,066589751;-0,047874868;0,473065087;-0,065602103;-0,73261066;0,217106552;-0,292829335;-0,379494498;0,124302169;-0,065224042;-0,069804676;0,096939578;0,679101081;-0,231865377;-0,274448354;-0,065014621;-0,065068423;-0,102185093;-0,067608193;-0,167203189;-0,921683157;0,468475475;-0,913595549;-0,06753291;-0,361756729;-0,608677375;0,274870034;-0,061175129;0,155638762;0,708911794;0,353668739;-0,423694317;-0,881194637;-0,066072639;-0,157323968;-0,864982291;1,16350916;-0,068382151;-0,169297405;-0,842677116;-0,396387999;-0,028486366;0,568239806;-0,065554014;-0,06816854;0,346218394;-0,00347308;-0,067892398;0,664214635;-0,24662372;-0,059924943;0,447426623;-0,066719615;-0,062990433;0,370537331;-0,452094489;-0,852652688;-0,071817737;0,027919109;0,192097027;-0,063242788;-0,204065633;0,108771082;-0,297516641;-0,904774478;0,125907119;-0,065083776;-0,06782174;0,602990044;-0,397675448;0,483373092;0,639083092;0,612879603;-1,244307156;-0,064560668;-0,101588967;0,370103053;-0,070008753;-0,474320026;-0,072498624;-0,280660955;0,080995112;-0,071897509;-0,06823206;0,3575306;-0,063567145;-0,598746765;-0,063074041;-0,153257677;-0,651043537;-0,250779074;0,831956466;-0,822183376;-0,070527294;-0,062280213;-0,600399895;-0,071626833;-0,065836882;-0,065341028;-0,066825947;0,294141888;-0,199430202;0,040462367;-0,019587122;-0,063256427;0,509812598;-0,066562228;-0,065564862;-0,066320527;-0,665882427;-0,496641408;0,880433766;-0,06516151;-0,178517532;-0,563767087;-0,068914685;0,056916856;-0,067515839;-0,058065826;-0,328354827;-0,042721962;-1,040177344;0,112486117;0,471924543;-0,758312388;-0,064363602;-0,012796186;-0,072427929;-0,262410121;-0,068854704;0,134446849;0,181000804;-0,073479759;-0,041277435;0,200589087;-0,240339651;0,24588073;0,210453998;-0,066950541;-0,072225071;-0,064402043;-0,070040112;0,016797857;0,088317013;-0,079797002;-0,373398063;-0,063764651;0,585054572;-0,485961574;-0,070276751;0,172426326;-0,432210145;0,016119142;-0,710072008;-0,066657309;0,498388346;-0,067420357;-0,310581247;-0,163350494;-0,29498258;0,513677091;0,246092317;-0,070687271;0,416556817;-0,07005016;0,355793458;0,005399952;-0,104638817;0,396775806;0,440948707;0,119607415;-0,06884758;-0,158094214;-0,260100825;-0,06481897;-0,064532163;-0,044552108;-0,06460789;-0,79240903;-0,075309639;-0,099552326;-0,023086164;-0,118029203;-0,065628912;-0,513914614;-0,343085489;-0,071020859;0,048021597;-0,071513753;-0,242967571;-0,06717017;0,033796276;-0,606233186;0,124720403;-0,036160955;-0,767899817;0,634648689;0,209461016;-0,067159522;-0,069878429;-0,762434261;-0,363765439;-0,93396062;0,368217514;-0,378171932
-0,470538054;-0,07737727;-0,426287615;0,366932095;0,037897989;-0,084390426;-0,798225528;-0,516549137;-0,102254917;-0,66599337;-0,245100387;-0,260293199;-0,068955604;0,368185298;0,320720358;-0,346633394;0,179952713;-0,270045826;-0,329663695;-0,341856492;-0,329404839;-0,046154817;-0,162684032;0,189495247;-0,08039812;-0,21292227;0,776657041;-0,158913773;-0,169164306;0,009700748;-0,141913691;0,102906211;0,038724728;0,113609168;-0,944371403;0,015088766;-0,08036646;-0,001475225;-0,243928108;-0,080718112;-0,080360946;-0,079425786;-0,434062433;-0,43831055;0,34285032;-0,075879621;0,455055652;-0,673113559;-0,03635423;-0,139701572;0,628095282;-0,151147398;-0,077219631;0,413722595;-0,766996152;-0,441337474;-0,735039298;-0,076475358;-0,047636464;0,430066782;-0,076500052;-0,295860666;-0,740326839;0,00128457;0,003673591;0,050728439;-0,084241158;-0,085545771;-0,362652188;-0,54863761;0,266282982;0,39978791;-0,075733688;-0,080816246;-0,059173565;-0,080935946;0,191389033;0,37717866;-0,244083497;0,37369681;-0,081959488;-0,463872021;-0,443321654;-0,015765013;-0,081419473;-0,062661207;0,424576019;0,503460725;0,101960467;0,052144348;-0,077286849;0,198439416;-0,87828035;-0,245541195;-0,0840188;-0,402684397;-0,597798466;0,421528607;-0,033618166;-0,699108482;-0,074833575;-0,081897245;-1,293237393;0,1279612;-0,082655824;-0,717739486;-0,559801278;-0,064769584;0,766914991;-0,074436175;-0,078953797;-0,244292741;0,297213325;-0,135457192;-0,081158405;0,084992606;0,314290785;-0,076664635;-0,20693494;-0,183738513;-0,2898245;0,276753476;-0,342757838;-0,074194613;-0,083718557;0,295446858;-0,117320413;-0,545107504;0,046433758;0,093931907;-0,184035252;-0,072374524;0,6803317;-0,323824692;-0,051134723;0,309801661;-0,076536367;-0,332178285;0,161874538;-0,0809265;-0,079413184;0,531685777;-0,081901554;0,097413557;-0,075431209;0,336524385;0,35183073;-0,140656566;-0,055636558;-0,126494656;-0,078847801;-0,07619231;-0,832059005;-0,078561434;-0,078217514;-0,080769441;-0,080610665;0,482547268;-0,848149721;-0,531636883;-0,043966178;-0,084716171;-0,522627867;-0,079905063;-0,077263233;-0,082123651;-0,05940021;0,549497911;-0,122267974;-0,081767529;-0,426313011;-0,18286575;-0,077727719;-0,064495649;-0,077557086;-0,062508939;0,177540965;-0,046186497;0,380977976;0,082646372;-0,589148921;0,468437003;-0,083609494;-0,750010652;-0,076417718;0,372780455;-0,079561893;-0,37031868;0,608736267;-0,078519022;0,054459087;-0,080938909;-0,206099598;0,428832733;0,097730046;-0,076156433;-0,082825009;-0,068956019;-0,080364647;0,166928345;-0,069955042;-0,106414094;-0,137361144;-0,076502454;0,569604086;-0,109216314;-0,085511922;0,360064218;0,643633604;-0,345562364;0,399345381;-0,075802112;-0,756941243;-0,072898128;-0,106108678;0,561555993;0,475001397;0,157864173;0,076203738;-0,079927109;0,282196637;-0,077504781;0,174854942;-0,31161058;0,146625023;-0,876816764;-0,24935348;0,17029692;-0,076520162;1,080673466;-0,086096149;-0,084775441;-0,081757117;-0,050380453;-0,082846682;0,436904974;0,067814575;0,251155802;-1,317957893;0,225403474;-0,075828344;-0,160631958;-0,018952546;-0,077663388;-0,191508533;-0,078801689;0,517449968;-0,158953236;-0,026230563;-0,786536891;-0,217821884;0,089308847;-0,41934626;0,960131175;-0,834877698;-0,083725208;-0,075419822;-0,673652601;-0,694531808;0,154330835;0,018093934;-0,320747312
-0,454093672;-0,10232996;-0,086763797;0,548688361;0,152108579;-0,104540464;0,4175212;0,429695362;-0,104961312;0,931342388;-0,773243472;1,320596016;-0,091641968;-0,308221682;-1,205483477;0,571282635;0,059873151;-0,486783034;0,148551471;-0,600698308;-0,896293306;-0,05163755;0,162159775;-0,447100218;-0,104825021;0,170863145;-0,123707298;1,217695791;0,087270283;-0,306008993;0,157150604;0,364619989;-0,069386105;-0,277266074;0,029029102;0,008045324;-0,106564997;-0,267736216;0,123086297;-0,108652174;-0,106802634;-0,104512459;-0,307961366;-0,126786852;0,579144451;-0,103383928;-0,452450608;0,88595766;-0,053426768;-0,095678695;0,052279492;-0,04581011;-0,102828396;-0,129928125;-0,387988311;0,408556909;-0,173214177;-0,109645023;-0,077188155;-0,212364218;-0,110384736;0,380773214;-0,517567832;-0,030730771;-0,58766274;0,179734183;-0,109300587;-0,102342144;-0,348329089;0,704026643;-0,465233397;-0,20243996;-0,111418525;-0,106064432;-0,246193419;-0,105279824;-0,476683506;0,717626524;-0,373176189;0,029117736;-0,110550744;-0,175564634;0,559884338;-0,354970414;-0,103025718;-0,37565492;0,016156763;-0,409990767;-0,157429409;0,034557611;-0,111446285;-0,737172079;0,57534553;0,294423222;-0,110303368;-0,175346769;-0,857565549;0,403771315;-0,050059602;0,983176693;-0,105533674;-0,108488937;-0,20916618;0,137438717;-0,110489133;0,259854936;-0,073166915;-0,102708343;0,380158172;-0,105861828;-0,103833488;-1,03399786;0,317317562;-0,044166299;-0,103636492;-0,03985069;0,325483637;-0,107995541;0,015208544;-0,330716955;-0,244494606;-0,326287351;0,607016829;-0,10791856;-0,105728663;-1,094206109;0,010458262;-0,381324435;-0,252007171;0,581539149;0,607330222;-0,1038486;-0,610852624;-0,162574386;-0,096882788;0,028371754;-0,103404169;1,013513116;-0,057990102;-0,109342946;-0,103908207;-1,040408282;-0,1087322;0,497397206;-0,112636554;-0,853681664;0,197312887;0,166417109;-0,164137822;-0,353998257;-0,109414358;-0,110319636;0,589706026;-0,110395669;-0,107143538;-0,112291447;-0,101910671;-0,499994869;0,424887766;-0,437490427;-0,031564634;-0,111251219;-0,849560121;-0,111643001;-0,1085729;-0,110502499;-0,016029835;0,688103145;-1,167187981;-0,106463579;0,112810785;-1,008881057;-0,106272988;0,109271876;-0,110186279;-0,083695589;0,329235306;-0,113514038;0,455746254;0,105572384;-0,327411723;-0,027785226;-0,109644263;-0,169026807;-0,109314466;-0,315715075;-0,101543905;-0,320448333;-0,201509557;-0,104365392;0,446612993;-0,373198623;-0,381532411;-0,775095685;-0,007692623;-0,105780371;-0,103582645;-0,101606765;-0,110300934;0,053896709;0,095784714;-0,258517793;0,001397503;-0,102979868;0,284869286;0,593885798;-0,09948068;0,113993148;-0,712279711;-0,389290096;0,766572992;-0,106806105;0,725665537;-0,111145433;-0,032486369;-0,606493346;0,200962324;-0,084813476;-0,089938458;-0,106250767;-0,682416646;-0,108900286;-0,229326889;0,054686097;0,178176508;-0,328157932;-0,054377285;-0,024526471;-0,106845871;0,372426181;-0,064108427;-0,111060741;-0,109979049;-0,062819;-0,10682669;0,789748332;-0,11619999;-0,716852491;0,333832919;-0,311070485;-0,104398398;0,356471799;0,01708078;-0,105002102;-0,512895246;-0,102194192;-0,90290349;-1,18501187;0,002931489;0,336496096;0,027861698;-0,0581796;0,498550459;-0,176308524;-0,255662824;-0,105751745;-0,102955717;0,144499795;0,831638981;0,507898813;-0,744542241;-0,346651164
-0,435262629;-0,100483212;0,280047407;1,354106771;-0,284958019;-0,092064489;-0,228181985;-0,216659591;-0,549323214;-0,312154802;0,457097491;0,603892187;-0,085226773;0,420559509;-0,295624187;-0,60135436;0,396644451;0,134529067;-0,546179408;0,459352444;-0,497462896;-0,062587942;-0,079060032;0,546800593;-0,100706123;-0,396451578;0,10887219;0,256059978;-0,003039108;-0,172688998;0,29569863;0,271363421;-0,008837212;-0,116118252;-0,777512868;-0,018545946;-0,098528001;-0,327734983;-0,207148455;-0,094807549;-0,102395749;-0,096464718;0,045511512;-0,015318617;0,363812442;-0,09350615;-0,083164711;0,318176147;-0,033120405;-0,35658608;-0,809897561;-0,128487856;-0,098763384;0,003347274;0,757920782;0,260483766;-0,494551474;-0,100384335;-0,066873466;-0,143112269;-0,09507755;-0,83277921;0,0842387;0,074238047;0,176037094;-0,073175416;-0,099745889;-0,099063457;0,409294154;0,134243419;-0,108865112;-0,52777813;-0,108845749;-0,097294775;-0,125267638;-0,093629161;-0,359791301;-0,158488242;0,313936164;-0,237418843;-0,097692787;0,300323064;0,377893193;0,059674412;-0,099062207;-0,065301562;-0,253054903;0,027629387;0,06775221;-1,032623694;-0,091367212;0,139748735;-0,290458391;-0,253223079;-0,100832106;1,11420672;-0,038807742;0,862548428;-0,204092145;-0,412126486;-0,095536728;-0,091862476;-0,149166133;-0,404329256;-0,094286564;-0,570187494;0,122921549;-0,092415594;0,141398345;-0,100173697;-0,092121094;-0,280842952;0,519744169;0,048824192;-0,0941783;-0,085316811;-0,0007179;-0,089118334;0,085862391;0,018105747;-0,155058042;-0,054138792;-0,072007241;-0,094236438;-0,101348939;-0,199769575;0,07555726;0,443570847;-0,385160283;-0,672866153;0,118314128;-0,091801171;0,158358849;0,376153545;-0,085616533;1,135491748;-0,097493263;-0,739305993;-0,208274169;-0,091688519;-0,095492791;-0,275993342;-0,096509631;0,211145729;-0,099181401;-0,198390908;-0,702014644;0,265926845;0,707071644;-0,131653367;-0,091266082;-0,099430544;0,026733862;-0,095070964;-0,100762797;-0,100244536;-0,092903991;0,327110185;0,18538464;0,421488098;-0,059996973;-0,094119509;-0,340289536;-0,096873031;-0,095200898;-0,09864844;-0,113366379;-0,709769405;-0,248593414;-0,094304758;0,049363352;0,169118314;-0,101169922;0,085760551;-0,091281236;-0,080352877;0,090569897;-0,074176657;-0,483393732;-0,099350104;0,439040686;-0,643602739;-0,100884514;-0,052949557;-0,092328841;-0,287069379;-0,093117534;-0,195680899;0,250925058;-0,094785027;0,990208348;-0,061872635;0,022956667;-0,301180298;-0,264898892;-0,100481807;-0,100210912;-0,095674986;-0,099965374;0,011356731;-0,002373044;0,148084413;-0,043434632;-0,100472418;-0,79023357;-0,241992014;-0,088256946;0,062376125;-0,126203568;-0,125548714;-0,594510044;-0,099802815;0,306451501;-0,096351972;0,06700471;-0,595798081;0,300280415;0,00351862;-0,956186577;-0,095180984;-0,623054554;-0,094255996;0,069008442;0,943822443;-0,059284845;-0,400190764;-0,999230174;-0,016890492;-0,092877384;0,430449124;-0,099400408;-0,094704775;-0,101231618;-0,059190021;-0,099067642;-0,194165947;-0,198562573;0,49887547;-0,122336298;-0,021140346;-0,099413885;-0,007148215;-0,055113855;-0,091586029;0,105341762;-0,097366491;-0,529521188;0,286732636;-0,218034871;0,121495993;0,464810719;-0,017323411;0,658795759;-0,485539755;0,008941592;-0,096579656;-0,097911443;-0,288376201;-0,3405991;-0,346084111;-0,155303853;0,088391148
-0,298528;-0,078199388;0,269216474;-0,216793093;-0,331178612;-0,07315134;-0,540074326;0,204082209;0,47294336;-0,704506086;-0,372168604;0,96362074;-0,067241141;-0,665268862;-0,397701097;-0,555831301;-0,304059207;0,208861848;0,044785259;0,351310171;-0,860310387;-0,041785427;0,022147287;-0,433202186;-0,076218862;-0,06484542;-0,208041785;0,412431273;-0,231819075;-0,224790446;-0,385379366;0,992445459;0,05486839;-0,294205647;0,362390948;-0,035733837;-0,073587488;-0,574567026;-0,343634027;-0,075955438;-0,080409846;-0,077825698;0,22324257;0,067764612;0,502317705;-0,074341442;-0,363769396;-0,845512016;-0,027591611;-0,228589946;-0,717577239;0,080035584;-0,073999125;-0,337923972;-0,383284754;-0,727140106;-0,155866494;-0,078994366;-0,071795281;0,400466108;-0,077392224;0,53289855;0,281134332;0,073546954;-0,49944435;-0,049255934;-0,077407275;-0,081610097;0,664382608;0,211347515;-0,422554577;0,128059485;-0,083902423;-0,078750139;-0,177286678;-0,070881055;-0,632576101;-0,661772068;0,514601313;-0,381717266;-0,079492333;0,537170141;0,247379253;0,122732127;-0,077587528;-0,073276642;0,137052156;-0,556236235;-0,117944704;0,37851233;-0,080882828;-0,080573086;0,681972189;-0,243596563;-0,078445799;0,482589052;0,242383507;0,404066942;-0,201413838;-0,542664149;-0,073899785;-0,071090544;-0,3658484;-0,586161364;-0,078375374;0,221833069;0,208056349;-0,072013328;0,282524504;-0,079951854;-0,07362411;-0,464764559;0,513297793;0,268898017;-0,078135412;-0,154500222;-0,033988354;-0,075576476;-0,046558136;0,001282699;-0,122256451;0,117822114;-0,661193326;-0,077593193;-0,082458498;-0,561805958;0,17978883;-1,008307861;0,682536445;-0,288012208;0,479563263;-0,074690276;0,549347963;-0,42438161;-0,075548469;-0,54921397;-0,080111278;0,335936172;0,143403695;-0,076308003;-0,074695305;-0,349177;-0,087792986;-0,087007326;-0,078316419;0,00905293;0,623338359;0,499664674;-0,30266549;0,635980827;-0,076690867;-0,071836609;0,308530874;-0,073895945;-0,072965855;-0,077729121;-0,079524479;-0,773869774;0,46957637;-0,423807061;-0,022699279;-0,081434358;-0,313686251;-0,083606522;-0,0720097;-0,074191167;0,066943343;0,717946028;-0,206605103;-0,078364327;-0,069500449;0,636054577;-0,073262292;0,092071959;-0,074593372;-0,062341204;-0,050574063;-0,044583089;0,586964359;-0,03473454;-1,082758749;0,037638144;-0,079426686;-0,650646448;-0,081997939;-0,531069674;-0,07663592;-0,258919039;0,238205579;-0,063298434;-0,658388342;-0,682478564;-0,528110507;-0,538869785;-0,032385787;-0,075070951;-0,077042945;-0,075243558;-0,075095547;0,068364116;-0,08182076;0,048658385;-0,304727889;-0,078084101;0,336073831;-0,374498398;-0,0637832;-0,068432081;0,301943957;-0,291842759;-0,588961381;-0,088149636;-0,431542288;-0,073582345;0,091894532;-0,167614954;-0,411386406;0,269850146;-0,314663452;-0,08038277;-0,659737986;-0,079132764;0,193105977;0,763026268;-0,571230518;-0,185850829;-0,013702156;-0,139521786;-0,077590494;-0,118301488;-0,010798602;-0,079864455;-0,07173372;-0,053925673;-0,076201146;0,511039467;0,066742456;-0,755138365;-1,139047106;-0,250749196;-0,083015391;0,274350742;0,105189844;-0,082988492;0,079033021;-0,075123911;-0,042957585;0,744785064;-0,246905742;0,092288259;0,49238202;0,084158286;-0,130468476;-0,162683714;-0,540335098;-0,076098478;-0,073635902;-1,069672412;0,524559844;-0,729397053;0,258457231;0,377364583
-0,253907253;-0,067063233;0,357982597;-0,67387598;0,190935487;-0,064972022;0,279399023;0,177241398;-0,163001789;0,520690679;-0,659233999;0,262871561;-0,053284413;0,284382517;0,658046826;0,011209862;-1,010946194;0,047197729;0,305951699;0,586936555;0,354080223;-0,011272108;0,323965399;0,626703598;-0,066531056;-0,459822737;-0,179762909;-0,304982608;0,187455242;-0,157786079;0,774128349;-0,673804665;-0,386101689;-0,217183294;-0,354424042;0,01268578;-0,066316587;0,048601362;-0,27103741;-0,068049141;-0,066156184;-0,064782754;0,230924898;0,184091604;0,372515809;-0,070575496;0,006313942;0,669283168;-0,036126508;0,074032675;-0,716088605;-0,005916248;-0,061706395;-0,69399288;0,087065359;-0,145611222;-0,48147866;-0,070472344;-0,04484169;0,18329112;-0,06354614;0,057254796;0,220186473;0,25062053;-0,265255241;0,013115595;-0,070069802;-0,067461711;-0,427600285;0,689534706;-0,298386818;-0,37164437;-0,046330993;-0,064443264;-0,205358756;-0,071454257;-0,116600662;-0,452262153;-0,239684969;-0,671732207;-0,06804541;-0,423535974;0,570523176;-0,258499908;-0,066846099;-0,33633555;-0,308541861;-0,903533655;-0,050137288;-0,456786149;-0,065313612;0,452869361;-0,722201985;-0,350180408;-0,063958815;-0,850466864;-0,424414175;0,489986188;-0,036413718;-0,572975633;-0,068481508;-0,070385387;-0,699678819;-0,233534983;-0,060927059;-0,317349463;-0,582482468;-0,061487008;-0,66507001;-0,068575489;-0,068616805;-0,217242466;0,579654679;-0,133765859;-0,070120379;-0,079116792;-0,374616878;-0,061535222;0,083437652;-0,02513401;-0,304759807;-0,229025748;0,377607995;-0,063466646;-0,067165315;0,305632973;0,233126808;-0,587189958;-0,226385856;0,088068241;0,307573854;-0,061856954;-0,827833669;-0,758288007;-0,080452538;-0,058442609;-0,063216843;-0,929897214;-0,119246192;-0,069172348;-0,068855081;-0,447230757;-0,061711525;0,236220025;-0,068381708;-0,702665816;0,547208715;-0,213993411;0,454761414;0,636863083;-0,067687061;-0,059658451;0,031485088;-0,062202831;-0,061191727;-0,068602032;-0,068353832;-0,437211134;0,291044046;-0,444543621;-0,030429658;-0,062634914;0,290705105;-0,061816522;-0,069157054;-0,061595913;-0,003382972;-0,274487444;-0,282478723;-0,064657653;0,186651364;1,324440133;-0,069020123;-0,237322887;-0,068244213;-0,048295674;0,255145928;-0,06062029;-0,670077926;0,082070233;-0,796775557;-0,070450095;-0,064056907;-0,196343046;-0,063858347;0,547158478;-0,067970693;0,268893182;-0,476606064;-0,062669901;-0,612546197;-0,064027289;0,059381388;-0,661015651;0,200527646;-0,066264724;-0,064956187;-0,052402821;-0,06138655;0,013080624;0,080650934;-0,317817674;0,068242377;-0,060581032;-0,374058514;-0,697894872;-0,064173797;0,190795349;-0,405874106;0,066921339;-0,819238792;-0,07027123;0,109207997;-0,064957012;0,138766227;0,630879189;-0,303623596;0,684068044;-0,456955029;-0,065032972;-0,049536851;-0,069172754;-0,325702252;-0,47769377;0,16958076;-0,313764747;0,3491149;0,033032307;-0,061094643;-0,065567582;0,17808363;-0,06877455;-0,062466415;-0,044079738;-0,069472335;0,614131786;-0,259658948;-0,795511137;0,017125096;-0,207052116;-0,071197522;0,175234456;-0,075880818;-0,064539608;-0,478664465;-0,067517437;-0,603332923;0,268294655;-0,08099105;0,282710688;0,312219223;0,276061758;0,14603988;-0,402437091;0,616316826;-0,070927599;-0,067286141;-0,074393941;-0,485395141;0,016105307;-0,182628563;-0,339651089
-0,27917347;-0,082286932;0,770643287;0,122462263;0,08452027;-0,087769324;-0,657378653;0,00540741;0,390574297;0,105355337;0,413101025;0,560943353;-0,072558088;-0,740071942;0,341246195;0,20382975;0,886667121;-0,123512246;0,039338375;-0,069594719;-0,483236551;-0,043798224;0,29862555;0,217876409;-0,088704763;-0,125140522;0,070063832;-0,610981799;0,056734543;-0,128524656;-0,231022202;0,299746807;-0,250116273;-0,338310179;-0,127735161;-0,051980059;-0,085909213;-0,298281896;-0,573752291;-0,08096394;-0,083460744;-0,083984858;-0,831217349;-0,340889985;-0,760996261;-0,089739099;-0,118841075;0,20411175;-0,033534375;-0,101975061;-0,560439436;-0,162860591;-0,084299481;0,471995378;0,291044015;-0,511259419;-0,692992131;-0,08258928;-0,050461795;0,055003159;-0,086736389;0,155384439;-0,124254028;0,06823207;-0,42015548;-0,034156826;-0,087929984;-0,089434794;1,514209872;-0,587371394;0,228003062;-0,247014107;-0,078011222;-0,086356262;-0,090637151;-0,091524794;-0,4661518;-0,521930286;-0,471962559;-0,654023755;-0,080624879;0,069686727;0,039317998;-0,33980321;-0,084763964;-0,044802844;-0,399913299;1,215280855;0,530974551;-0,169476073;-0,080577382;1,00164168;-0,383356877;0,212399277;-0,08261533;0,669158656;0,379993045;0,338726437;0,004739411;-0,236396461;-0,088795708;-0,086695153;0,204391852;-0,014502645;-0,078671149;0,366650045;-0,633758676;-0,075335673;-0,60341145;-0,083973172;-0,083429759;-0,448412913;-0,070585734;-0,562639366;-0,088157599;0,067140908;0,213154589;-0,08401923;0,070791961;-0,143012146;-0,264393517;-0,485722061;0,802371656;-0,088862993;-0,084869909;-0,193399112;-0,307875861;-0,533733845;-0,807554023;0,02498163;0,234726199;-0,083028384;-0,554026812;-0,799463265;-0,076990894;0,424183587;-0,083620141;-1,182501101;-0,133036194;-0,080902447;-0,089196389;1,059856681;-0,084773059;0,735154989;-0,085695568;0,264111861;-0,506642596;0,403884051;0,825499022;0,68753305;-0,079786298;-0,087679542;0,268356168;-0,079898436;-0,08423194;-0,083359632;-0,084411168;-0,329617523;-0,168915867;-0,49381114;-0,047481906;-0,084578333;0,002781101;-0,08371082;-0,086865702;-0,085437766;-0,118594315;0,282184568;-0,416980114;-0,07839167;0,208811379;-1,056786579;-0,083173629;-0,631568575;-0,085566756;-0,06846817;-0,671846399;-0,077313141;-0,366249676;0,099108363;0,435386148;0,38927429;-0,083252986;0,553847115;-0,090378615;-0,495351256;-0,084209515;0,14412575;-0,238129244;-0,085875759;-0,360937996;-0,346770182;-0,08448981;0,267525374;0,137831538;-0,08434564;-0,083470319;-0,079064867;-0,083782095;-0,153707223;0,050504471;0,06343695;0,075712253;-0,084386282;0,723047571;0,818426118;-0,080212622;-0,390712633;-0,293382912;-0,362801299;-0,549677938;-0,084696047;0,642560757;-0,083601593;0,060005515;-0,242727337;-0,096246364;-0,961328803;0,03948315;-0,08667957;-0,444552751;-0,085311678;-0,49115524;-0,457888553;0,40956444;-0,75391966;0,459275753;-0,511675562;-0,085626404;-0,163309877;0,443918602;-0,085315952;-0,080219121;-0,05577021;-0,085756158;-1,007542685;-0,064986973;0,599612551;-0,478543557;-0,384399562;-0,08279257;0,182491927;-0,020645071;-0,08303891;-0,380566729;-0,079356941;0,412527332;0,068438485;-0,061953797;-0,134316738;0,056101108;-0,36073112;-0,00881768;-0,501236527;0,044516188;-0,08219523;-0,089520868;0,244244743;-0,184381791;0,536401816;-0,590942286;0,122704277
-0,341067223;-0,077188335;0,092526562;-0,650712484;0,043072864;-0,073616325;-0,64267778;-0,795403722;-0,310116042;-0,493173648;0,315686996;-0,741532059;-0,073614445;0,692453412;-0,231221072;-0,510383534;-0,360857333;0,215002026;0,574067575;0,091787959;0,442317363;-0,050590117;0,098826026;-0,818053054;-0,083330112;-0,249312965;-0,194964541;0,432899797;-0,127715254;-0,077120162;-0,02091624;-0,553757927;-0,089627292;0,059545172;-0,462916488;-0,040654944;-0,079937784;0,132877357;0,135301427;-0,079306286;-0,084727795;-0,084601976;0,408756133;0,083246126;-0,490927828;-0,083784637;-0,039435538;0,033276866;-0,038366898;-0,292132783;0,606290987;0,020544883;-0,077811558;0,318103679;-0,807578602;0,673987279;-0,328889377;-0,078955679;-0,056503882;0,084635063;-0,078998388;-0,565510855;0,479607416;0,171913097;-0,091752461;-0,211247332;-0,078972509;-0,086139981;-0,10107361;0,350639909;-0,028627053;1,149680454;-0,084815424;-0,082148062;-0,264660615;-0,082721428;-0,239910584;-0,614174187;-0,362205678;-0,371046093;-0,079529308;0,428296709;0,446958655;0,108064497;-0,082754548;-0,160222258;-0,254496117;0,121034787;0,119782964;0,04701104;-0,080892501;-0,357142742;-0,754695327;-0,37396848;-0,084299698;-0,059111308;0,35067537;-0,325385155;-0,160589467;-0,162242015;-0,08216914;-0,080362695;-0,364484563;0,232353751;-0,078771261;-0,578321816;-0,209310961;-0,079469891;0,135384336;-0,081860753;-0,086154855;-0,628811943;0,613926976;0,298982948;-0,07818334;0,044431761;0,020008128;-0,080476627;-0,097243397;0,175294784;-0,005198727;0,140213991;0,217712631;-0,0793362;-0,086087582;-0,393947917;0,178912533;-0,769035176;-0,685438515;-0,701422263;0,313091683;-0,080670424;0,120093436;-0,769469637;-0,070670366;0,699551679;-0,081309963;0,145625289;-0,121712222;-0,077530311;-0,080106698;-0,224839856;-0,085109785;-0,360933637;-0,076681092;-0,435337676;-0,007819683;-0,463464023;0,435338726;0,609728946;-0,083803769;-0,077027456;0,118249893;-0,079449808;-0,083868709;-0,076663834;-0,077296669;0,291014863;-0,383139955;0,484200866;-0,047675064;-0,08622867;-0,436753022;-0,077861571;-0,082760188;-0,083982182;-0,041882152;-0,70038087;-0,474173191;-0,077208022;0,067141013;0,509431466;-0,084791719;0,080888509;-0,078836948;-0,061484971;0,215895804;-0,067500466;0,214842969;-0,03188616;-0,772612898;0,218008997;-0,07935643;-0,311157612;-0,083754075;0,482384137;-0,08670236;-0,407883784;0,455856535;-0,069166821;0,051208005;-0,643827277;-0,174465051;0,246564588;-0,31194491;-0,084582998;-0,080394904;-0,076177423;-0,078945899;0,094326661;-0,001765154;0,042397653;-0,013805905;-0,08203699;0,551800078;0,979193497;-0,076322117;0,058463377;-0,710367057;-0,329754718;0,772218796;-0,079859323;-0,496812067;-0,079120706;0,113506592;-0,00998148;-0,262455062;0,068772161;-0,363025581;-0,078154335;0,597222115;-0,087020253;0,172129708;-0,581152709;0,029819503;-0,24552214;-0,426243935;-0,129507908;-0,073069891;-0,193983572;0,3992334;-0,080540248;-0,0838501;-0,057831328;-0,081619427;-0,12676808;-0,442652204;-0,506943905;0,171685409;0,07534711;-0,079591777;0,271701532;0,107991525;-0,081798093;-0,044269619;-0,079946367;0,219518002;0,323790592;-0,206045528;0,636256573;-0,156281533;0,285881187;0,109427544;-0,454348385;-0,603066369;-0,08033088;-0,079898968;-0,400500631;0,381399725;-0,545265239;-0,498240172;-0,921661389
-0,473223532;-0,101991666;0,821562211;0,004511506;0,10909971;-0,103991177;0,676278007;0,217117628;0,07927038;0,154098458;0,323326478;-0,514924442;-0,100487269;-0,127834435;0,486606903;0,014734362;-0,491277648;-0,232310674;0,247976855;-0,209221931;0,028008079;-0,047670646;-1,025878247;-0,633245866;-0,101837559;-0,353227141;0,334778163;0,415384477;-0,197338928;-0,000312485;0,479418681;-0,791977971;0,07274756;-0,0838526;-0,446355745;-0,02278151;-0,098199656;-0,058653303;0,197046244;-0,096967373;-0,104233981;-0,097296134;-0,370944588;-0,177022883;-0,37219843;-0,098258432;-0,444125244;0,502921728;-0,04049814;-0,037530961;0,377255809;-0,05379525;-0,094638599;0,107777018;-0,613363726;-0,507549032;-0,343459005;-0,097267079;-0,078670701;0,249961169;-0,102373157;0,224369853;-0,388576169;-0,339270149;0,169203111;-0,318256081;-0,098666861;-0,101555969;-0,309433177;0,635741486;0,294008492;-0,515716111;-0,095334293;-0,097996956;0,037496286;-0,098262394;-0,553838836;0,295300866;-0,116333154;0,254104254;-0,097445949;-0,173209212;0,511344058;-0,03525542;-0,098985843;0,130909714;-0,114935904;-0,659480229;0,072735472;0,271402551;-0,105338713;-0,696398675;0,69136351;-0,107163096;-0,101272086;0,28658571;0,285404404;0,522460512;-0,020187448;0,317357601;-0,103560264;-0,098097029;-0,19221609;0,202748038;-0,095528039;-0,425956266;0,305200553;-0,090023614;-0,406106386;-0,10305592;-0,096066624;0,439193044;0,505172388;-0,32532774;-0,102987959;-0,027052664;-0,212311872;-0,101510197;0,521073303;-0,298571476;-0,001980482;-0,309235844;0,669489034;-0,096214956;-0,105113171;-0,038409615;0,186586553;-0,057274852;0,282858128;-0,793304628;-0,72354207;-0,100866234;-0,605697653;-0,21149343;-0,087511968;0,258220214;-0,100258168;0,497099412;-0,037000866;-0,095376208;-0,100879721;0,402832546;-0,097919101;0,387718156;-0,099803426;0,712120984;0,283131263;-0,614061296;-0,110691483;0,580443547;-0,096361359;-0,097400906;-0,193845233;-0,100786798;-0,095989409;-0,099113005;-0,095499915;-0,601285159;0,282463922;0,479554237;-0,078335141;-0,103867271;0,380132419;-0,101121653;-0,095495515;-0,101161936;0,005633984;0,162031654;0,255659455;-0,099192471;-4,01E-05;-0,338344306;-0,095867208;0,009491916;-0,099440115;-0,074307811;-0,729106817;-0,076263502;-0,036629081;-0,696845745;-0,276579661;-0,022083311;-0,096389207;-0,400963933;-0,101481991;-0,400404819;-0,102534578;-0,035173665;-0,659949203;-0,097408348;-0,005629779;0,099702921;0,010628054;-0,673882943;-0,003736465;-0,099905088;-0,10062484;-0,09106865;-0,094842529;-0,021800394;-0,342812909;-0,008943556;-0,817181751;-0,094946337;-0,185113021;0,37537071;-0,09049246;-0,051435335;0,338492251;-0,654765343;-0,187632144;-0,098901369;0,157653619;-0,096158112;0,040177237;-0,074686952;0,426210125;0,982123352;-0,064438015;-0,093378198;-0,762820169;-0,10690559;0,131553972;-0,648772266;-0,05716475;-0,166082515;-0,470337607;-0,187239213;-0,111839584;0,256006633;0,369259033;-0,101028023;-0,100247413;-0,057099585;-0,097364917;-0,465688928;-0,261608693;0,361097231;0,046120116;-0,014969497;-0,098258009;-1,080984476;0,112968909;-0,103612285;0,086556905;-0,099204064;0,177173154;-0,472684044;-0,09387757;-0,529839625;-0,535978393;0,205121187;-0,042780134;-0,487230004;0,449133901;-0,098190083;-0,105458594;0,09101796;-0,389751289;-0,24617387;-0,513980457;-0,187185822
-0,533484111;-0,104248423;0,635205583;0,349346738;-0,45195523;-0,107582587;0,824081364;-0,121832288;0,240750639;-0,320530477;-0,323757096;-0,59649833;-0,095173833;0,040184016;-0,443700943;-0,618334077;0,447279457;0,183956269;0,585328133;-0,51500058;0,025567521;-0,061419943;0,127752335;-0,31361156;-0,103898055;0,143385147;-0,277814246;-0,042545965;-0,09947012;-0,266428371;-0,099142533;0,595498967;0,00879721;0,093941053;-0,758232056;-0,061131717;-0,110074275;-0,15192994;0,234728045;-0,111606619;-0,105791592;-0,110415659;-0,687658044;0,053604225;0,061690431;-0,103975084;-0,812785163;0,376331326;-0,052123264;-0,325418807;0,37347798;0,036219009;-0,110525672;0,783038734;0,144071619;-0,828420044;0,051182402;-0,108122814;-0,069690837;0,035349254;-0,105699876;-0,8597216;0,578401338;-0,01688882;-0,124218892;0,026401207;-0,111155387;-0,109373916;0,473393718;0,226017641;-0,289974807;-0,271285609;-0,098352791;-0,106462137;-0,053814102;-0,108967892;-0,448131651;-0,61148895;0,429124677;0,387271078;-0,110444981;0,077816054;-0,28032079;-0,264400122;-0,107415575;-0,118206649;0,742868807;-0,569124759;0,118813969;0,150923629;-0,107235218;-0,335030094;-0,788652115;0,387901864;-0,108995806;0,151849071;-0,230216155;-0,490573076;-0,042953291;0,663790492;-0,109370486;-0,105525788;0,07919951;0,029172508;-0,105302924;0,200926766;0,123917837;-0,097107466;0,158851217;-0,107826771;-0,107132052;0,412262399;0,688567509;0,377213319;-0,111178117;-0,195908129;-0,141121659;-0,106368211;0,788746114;0,042028581;-0,177233075;0,08609134;0,336998592;-0,103014975;-0,110271534;-0,225659417;-0,022355502;-0,342510513;-0,47061255;0,412718544;0,15196134;-0,106810304;-0,080361612;-0,656200662;-0,10366483;-0,706132193;-0,11076544;0,130728323;0,255785941;-0,109307223;-0,104357294;-0,280121044;-0,107722196;-0,216835687;-0,112090975;-0,297195358;0,426223084;-0,552476407;-0,262610272;0,617496154;-0,111898563;-0,10614266;0,384843678;-0,103348997;-0,109472702;-0,110028552;-0,111129163;0,289114365;0,240653799;0,635181438;-0,082463127;-0,114050876;-0,713789281;-0,105383542;-0,109298851;-0,109753507;0,020907867;-0,327758314;0,609611705;-0,105418298;-0,234259377;0,437127722;-0,104460308;0,170440055;-0,110769724;-0,086929235;0,147106279;-0,072447399;-0,395982801;0,02938234;-0,179417684;-0,572503737;-0,109399503;-0,435063932;-0,106330474;-0,721053234;-0,105963939;-0,302163299;-0,945469426;-0,10209712;0,44723139;-0,664359825;-0,612370718;-0,33979617;0,286934074;-0,110216056;-0,104628735;-0,111086337;-0,112940924;-0,221320113;-0,009177326;0,117070438;-0,153153745;-0,102676618;0,363324107;-0,192342319;-0,104987478;-0,258197192;-0,825165393;-0,450452694;0,190647031;-0,1076165;0,825021038;-0,105609888;-0,11704945;-0,067742779;-0,433705439;0,267447247;0,151073455;-0,110809006;-0,668930821;-0,106979716;-0,327648749;-0,441625909;-0,200444322;-0,557092697;0,024249071;0,215851427;-0,105775592;-0,496090623;0,00328843;-0,105500572;-0,109402455;-0,063586985;-0,107361537;0,572194291;0,00617839;-0,730123332;0,117908279;0,070639674;-0,104027148;-0,615950263;-0,18036793;-0,109164812;0,022358839;-0,105549347;0,48952387;0,222018643;-0,050040106;-0,795870492;0,303731315;-0,059030277;-0,336483354;0,957454847;-0,498953868;-0,112493595;-0,105760482;0,42674635;-0,552996619;-0,621202619;-0,775846223;0,773993518
-0,477856402;-0,088838581;-0,512830101;-0,284354377;0,066727168;-0,084706432;-0,748019517;-0,531756874;0,27020037;-0,272800478;0,163433009;-0,262302506;-0,074700118;0,514365822;-0,297153652;-0,399364893;0,364665557;0,200014093;0,897576707;0,598590624;0,110933432;-0,048772371;-0,744955309;-0,055238941;-0,085641284;0,490520505;-0,389690321;-0,031861527;-0,098950468;0,084222921;0,641367868;-0,047283142;-0,474384835;0,155421196;-0,138633574;-0,070027857;-0,07834872;0,07848485;-0,747391187;-0,081506517;-0,079780981;-0,080841152;0,429438169;0,088267211;-0,760732334;-0,081872124;-0,241909293;-0,790297663;-0,034265569;-0,040408839;0,016299754;-0,165411519;-0,082122593;0,650903601;0,37547115;-1,108792366;0,43116397;-0,088553091;-0,050535475;0,094687912;-0,076606837;-1,029204357;0,422228763;-0,198497748;0,433602701;-0,027043254;-0,082685009;-0,08480572;-0,571568722;0,046532821;0,075086285;-0,164577279;-0,075807926;-0,078746759;-0,057334987;-0,082594798;0,166102814;-0,681345553;0,003057236;0,971890719;-0,079270729;0,538390034;-1,273961674;0,010848425;-0,088808442;0,302277446;1,349582252;-0,162354089;0,067736105;0,610048943;-0,082784865;-0,12203255;0,566875063;0,225204615;-0,079479147;-0,080164033;-0,372769868;0,054261054;-0,036553593;0,483364515;-0,081807697;-0,081241511;-0,529421272;-0,041985872;-0,080487341;-0,046690961;-0,074096841;-0,068738183;-0,067974001;-0,082170411;-0,078896856;0,735337993;-0,696542238;0,014528493;-0,08048294;-0,118909494;0,024746993;-0,07731625;-0,925545562;0,061132704;-0,321802788;0,164180298;-0,508440432;-0,077981432;-0,085006863;-0,199310861;0,018197429;1,054549092;-0,59128828;-0,06589861;0,305034536;-0,081437412;0,289824391;0,630915913;-0,075772121;-0,126261053;-0,080741573;0,379576359;0,19270391;-0,087202786;-0,082445036;-0,350297578;-0,079932855;0,205818173;-0,087041292;-0,542015194;-0,719972623;-0,627377856;-0,204214414;-0,208160099;-0,08474765;-0,083052404;0,873509307;-0,085077321;-0,087927687;-0,083826188;-0,084769712;0,340183004;-0,064823626;0,242682668;-0,050394455;-0,078961152;-0,713232123;-0,086130553;-0,086408672;-0,081855255;0,125691839;-0,42118945;0,565037103;-0,086369829;-0,06032112;0,467810721;-0,086299871;-0,465483483;-0,079582402;-0,070877312;0,128015657;-0,017524258;-0,022381505;0,047469952;0,19115103;0,407111955;-0,086974638;0,026859654;-0,090242769;-0,128902139;-0,083942421;0,216067821;0,643809513;-0,084523448;0,046433033;-0,945145605;-0,497400659;0,322593697;-0,178366504;-0,080536203;-0,086643996;-0,08613117;-0,087199314;-0,213645591;0,011340563;-0,001093932;-0,494184672;-0,082479049;-1,139355321;-0,609623931;-0,081621655;-0,196337408;0,924473019;0,059730205;0,214172818;-0,078895086;-0,688183282;-0,079853254;-0,196148867;-0,232971454;-0,630160451;-0,517513973;-0,685000081;-0,077803718;-0,273668534;-0,082351119;-0,890609684;-0,215875258;-0,109025476;-0,163459438;-0,581544044;-0,192300141;-0,077001953;0,481605198;-0,804040722;-0,080397159;-0,086493935;-0,04829362;-0,085786244;0,165353494;0,093405514;-0,047432779;0,153993304;-0,339269797;-0,087252478;-0,891809658;-0,230407346;-0,082923885;0,398751137;-0,081595818;-0,164533327;0,391243727;-0,002822304;-0,426363831;-0,112028079;-0,047554264;-0,055889407;-0,845741892;-0,65638228;-0,089747127;-0,080797283;-0,016550085;-0,342806928;-0,182145537;0,789899852;-0,725636228
-0,299038759;-0,073500145;-0,741133883;-0,589972587;0,039490709;-0,058448868;-0,477327472;-0,381162662;-0,849725879;0,601361098;-0,805532848;0,730644597;-0,068635805;0,534216645;0,564195693;0,362800666;-1,285808697;-0,19363621;-0,476438241;1,051178949;-0,335966875;-0,027595184;0,05087961;0,106934743;-0,072957641;-0,325998739;0,481512295;-0,146702673;-0,044584715;0,117398599;0,473016216;-0,283375612;0,137166678;-0,332514637;0,283722249;0,009077519;-0,071588871;-0,018627031;-0,587972925;-0,074901303;-0,070039293;-0,077126332;-0,047688223;0,19795765;0,183901511;-0,06900668;0,681865348;0,430950722;-0,036188364;0,099723486;-0,27672138;-0,139980712;-0,072880477;-0,307958059;-1,013344002;0,702253367;-0,615204502;-0,068643108;-0,040961259;-0,1762158;-0,065283035;0,539141207;-0,353578557;-0,118581568;0,041135772;0,051349646;-0,080024468;-0,075677162;-0,316947415;0,266119364;0,334412705;-0,013811476;-0,076691411;-0,070866498;-0,248237118;-0,077585982;-0,306094603;0,251555466;-0,327493722;-0,70690793;-0,070834733;-0,032898294;0,269343264;-0,139021163;-0,069311369;0,08925361;-0,074685819;0,542491102;-0,414271379;0,537517029;-0,074365753;0,109977833;-0,897857579;-0,705852415;-0,069917169;-0,301065077;-0,199786165;0,763075067;-0,058703885;-0,159447932;-0,073793641;-0,073020854;0,509200501;-0,113392957;-0,0742465;-0,313862421;-0,777382145;-0,0578177;-0,566568713;-0,071106698;-0,076370055;0,155990359;-0,318176086;-0,861295022;-0,070692169;-0,014517146;-0,748138638;-0,073464226;0,511327102;-0,082348329;-0,050790709;0,470597571;0,611753129;-0,074345274;-0,072952101;0,08313789;-0,206584318;0,430922512;-0,361292408;-1,166310218;-0,777030465;-0,073322328;0,073187509;-0,511690829;-0,062399899;0,377121691;-0,073773836;-0,562633694;0,482840743;-0,074203052;-0,077372707;0,02084563;-0,074518958;-0,410226173;-0,075586372;0,292805864;0,421739718;0,645882199;0,094735833;-0,372932899;-0,071495727;-0,070712307;0,707682988;-0,072855065;-0,076193013;-0,075168273;-0,072956053;-0,646877514;0,066636627;0,375215378;-0,063054979;-0,076555444;-0,255755177;-0,068432621;-0,075620649;-0,069188527;-0,182536558;0,540681292;-0,353797307;-0,071688607;-0,247596174;-0,38862565;-0,071044633;-0,393762174;-0,077253804;-0,061414755;-0,749261239;-0,071010115;0,333582236;-0,039471797;-0,732765263;-0,153145331;-0,077742954;-0,180796313;-0,072485286;0,164161722;-0,077094981;-0,385602263;0,579803897;-0,092449309;0,361936203;0,003891157;-0,079594115;0,560249461;-0,199221158;-0,072684098;-0,068729169;-0,065724377;-0,074657451;0,04161021;-0,12504267;-0,001364155;-0,089061589;-0,070524417;-0,940818067;-0,01278327;-0,075664102;-0,031150105;0,245904509;-0,869571124;-0,086562821;-0,070611437;0,142540193;-0,072285935;0,008757221;0,67322808;-0,071664475;-0,458801109;0,059795635;-0,06859801;-0,606645923;-0,070239775;0,484561921;0,549127223;-0,066009799;0,771871363;-0,386384908;-0,205676908;-0,079324931;-0,542706701;0,849662824;-0,073593745;-0,069635448;-0,042909814;-0,069437856;-0,342195717;0,089250264;0,235239587;0,375017131;0,234516356;-0,070038346;0,023708848;0,008460624;-0,074807573;-0,18011048;-0,075951551;-0,863621965;-1,029969929;-0,009876066;0,54234329;-1,106391849;-0,312101234;0,761814913;-0,798708015;0,558794028;-0,078716055;-0,069020183;-0,349893799;-0,501972023;0,256212204;0,227333536;-0,66127376
-0,422264274;-0,100087984;-0,668866678;-0,340446718;-0,086519232;-0,081589233;-0,599564552;-0,35632479;0,076409221;-0,533549681;-0,139587005;0,598168053;-0,086071269;0,3966814;-0,735648021;-0,896412728;0,47999621;-0,302349429;0,881308254;0,69332376;0,49457692;-0,040640923;-0,279902009;-0,261484936;-0,100226344;0,072918717;-0,585414375;-0,27311444;0,085508165;-0,155843045;0,322950664;-0,220224501;0,304345898;-0,054896966;-0,56550288;-0,047298193;-0,10264457;-0,026639616;-0,205478127;-0,099979778;-0,099826356;-0,103830286;0,209577708;-0,14043588;0,301903311;-0,099696548;-0,554565944;-0,856850061;-0,03747461;-0,37054829;-0,827093696;-0,358393945;-0,098230375;-0,341635821;-0,547629007;-0,25898527;0,011225335;-0,095151874;-0,066309243;-0,292404841;-0,098696929;0,073321684;0,270990503;0,004258143;0,398937201;-0,151457642;-0,096177339;-0,098354622;0,645000146;0,46996924;-0,188034682;0,336530446;-0,10213252;-0,095683067;-0,360557335;-0,099675631;-0,371978942;-0,506956906;0,147846103;-0,499487699;-0,09748598;-0,296960783;0,579986361;-0,242838516;-0,093718269;-0,126780599;-0,346989769;0,579036827;-0,543761607;0,633597805;-0,100117141;0,369221021;0,212925854;-0,518370033;-0,09503803;-0,414262288;0,056436535;-0,753029451;-0,055293801;-0,080909322;-0,09870683;-0,101573172;-0,413010716;0,063577384;-0,098866214;0,273292774;-0,693314424;-0,091342541;0,072399545;-0,100080792;-0,09979022;-0,694925923;-0,407481697;-1,098923193;-0,093880915;0,043620721;-0,052224736;-0,089710598;-0,697893795;0,183318099;-0,028247004;0,167795249;0,781176515;-0,100907751;-0,100716085;0,687318163;-0,34909668;0,350503933;-0,996937402;-0,60719631;0,038786424;-0,102280369;0,523535018;0,445093305;-0,104046216;0,204411286;-0,09659515;-0,704342009;0,403008745;-0,095126437;-0,095011574;0,611006835;-0,093312109;-0,520122175;-0,093863506;-0,929891898;-0,583106446;-0,11442486;0,170377417;-0,439702493;-0,094046977;-0,096499326;0,522583212;-0,094344701;-0,103398183;-0,096542275;-0,103446027;0,358395457;0,384695434;-0,666969548;-0,096126466;-0,093514209;0,282610875;-0,095554909;-0,103255726;-0,095292064;-0,369513734;0,030711542;-0,262253056;-0,099312924;0,008284401;-0,121583327;-0,098432349;-0,098001865;-0,101098677;-0,077458506;0,373650608;-0,051954298;-0,236250119;-0,084140871;0,466788856;0,345330941;-0,095423977;-0,520189976;-0,100026561;0,098193919;-0,096990391;-0,762460202;0,557025028;-0,093120637;-0,490240454;0,05626005;-0,289669041;-0,271370989;0,120864106;-0,100696407;-0,099314763;-0,098845258;-0,1011494;0,00560532;0,03620027;-0,189713337;-0,142743755;-0,093881217;-0,085831848;0,080396683;-0,09654263;0,203100715;0,530285473;0,070674935;-0,360768063;-0,098605337;-0,431651124;-0,093977474;-0,003276766;-0,286992299;-0,206503998;0,500397953;-0,35011702;-0,094768604;0,045100873;-0,101711876;-0,032893955;-0,097771344;-0,35573988;-0,015816357;0,740225807;0,119632417;-0,09923731;0,139542971;0,433994036;-0,097124724;-0,098509963;-0,062959036;-0,096908837;0,160035744;0,028063478;0,552287758;-0,609004881;0,507449941;-0,10130458;-0,319460906;-0,193532103;-0,099949878;-0,692465171;-0,100906496;-0,409267641;0,345281457;-0,305364874;0,362005388;0,185566818;-0,358549332;0,462571627;-0,557739114;0,370137499;-0,094670826;-0,100258298;0,438749361;-0,499351403;-0,374320577;0,352363208;0,248320998
-0,32750578;-0,097242067;-0,063348417;-0,190786359;0,234804;-0,103709003;-0,362348033;0,598344364;-0,302361123;0,615841059;0,252584157;-0,306445297;-0,109078558;-0,038848036;-0,526722758;-0,748592879;-0,381050136;-0,078176261;-0,262903315;-0,308880755;0,137940627;-0,05010831;-0,445660646;-0,360431077;-0,100083119;0,373262224;0,219669098;0,699275027;-0,216670896;0,244695257;-0,079531014;-0,436552795;-0,008932735;-0,019812241;0,206412189;-0,009916041;-0,092967509;0,060742635;0,364218634;-0,099252619;-0,090818164;-0,099082082;0,392477518;-0,308926339;-0,29376181;-0,100988695;-0,492579896;-0,759761577;-0,042309763;-0,059492701;0,395542305;0,059191894;-0,099589847;-0,365541508;-0,119318489;0,086236353;-0,387436971;-0,09151285;-0,079470667;-0,725075113;-0,090122501;-0,061155572;-0,718134535;0,112829195;-0,057224995;-0,321871802;-0,093683608;-0,093230663;-0,239472165;-0,706453458;-0,782422408;-0,490044722;-0,092323102;-0,096335866;-0,008345496;-0,09770251;0,308114729;0,465221341;-0,360352247;0,385248133;-0,100265673;-0,291552617;0,130132637;0,120289405;-0,095427998;0,283177019;-0,221224386;-0,65089674;-0,157331335;-0,74600006;-0,096730332;-0,525305254;0,213513362;-0,818318059;-0,09790022;0,20241299;-0,372038179;-0,036759336;-0,043955817;0,239790464;-0,098570291;-0,094916747;0,732893214;-0,126059219;-0,100320781;0,123036861;-0,44726928;-0,09278849;-0,898390764;-0,096540259;-0,101226862;-0,530243477;-0,499625335;0,073091836;-0,092409518;0,080485858;-0,161633753;-0,098852028;0,508019223;-0,12361354;-0,173712062;-0,836593603;-0,934188497;-0,09274344;-0,098111878;0,214727969;0,188781063;-0,592959796;0,206791498;0,340802574;-0,350403864;-0,098363031;0,658396225;-0,680730111;-0,080648136;0,508071491;-0,092703513;0,226530265;-0,038980052;-0,099975816;-0,099224882;-0,474845449;-0,091261056;0,258170231;-0,094447509;-0,720452861;-0,665652484;0,421040701;-0,097999252;-0,627987065;-0,095116036;-0,091578268;-0,460166493;-0,09492888;-0,093459123;-0,095835847;-0,097455223;0,250188299;0,115043527;0,035410191;-0,013217876;-0,102773047;0,702660385;-0,097596424;-0,094185639;-0,096925744;-0,149840473;0,069625389;0,163251231;-0,097789797;0,27355539;-0,394458349;-0,10055015;0,275698296;-0,0948745;-0,082792323;0,533356777;-0,170722891;-0,24987784;-0,030978856;-0,613322457;0,172087898;-0,091545122;-0,744121404;-0,096664294;0,297274805;-0,091264197;0,195254996;0,690318847;-0,086672296;0,152971794;0,102416684;0,142306916;0,614289132;0,009125162;-0,097148827;-0,093990078;-0,091966564;-0,091033991;0,130376046;-0,461169273;-0,34264512;-0,079292093;-0,088016428;0,024804766;0,736508484;-0,083209987;0,291646555;0,19115722;0,418020732;0,03560481;-0,091627202;0,132977467;-0,093128537;-0,033059232;0,586614995;-0,619476063;0,366587538;0,094102424;-0,096783141;0,53204743;-0,094958253;0,410496965;0,304983972;0,035333745;0,272101647;-0,534713744;0,274060556;-0,103609711;-0,52597614;-0,043782365;-0,096891907;-0,10038172;-0,046883018;-0,092004532;-0,202912673;-0,501874902;-0,677110456;0,031147257;0,006674498;-0,093584813;-0,019305036;0,104841569;-0,095437309;-0,102402727;-0,100908993;-0,691745495;-0,563757837;-0,000204987;0,135226714;-0,295675691;0,4856948;0,859254178;-0,345187651;0,331869136;-0,092483813;-0,098490025;0,083645864;0,186874435;-0,533958129;-0,455243312;-0,053579181
-0,482555991;-0,104294475;-0,613416934;-0,198906507;-0,048352773;-0,091277325;0,575527561;-0,214862516;-0,648857549;0,120427538;-0,11434479;-0,621781602;-0,08856243;-0,704921723;-1,27894096;-0,473311585;-0,636651577;-0,219742701;0,640470884;-0,156398308;0,383009371;-0,050255149;-0,474670113;1,034677857;-0,100653118;-0,592861453;-0,137921517;0,412283686;-0,261924169;-0,000134985;-0,158618616;-0,31915611;0,22490458;-0,023069035;0,30708562;-0,054438993;-0,100122528;-0,374072122;-0,752375946;-0,103305654;-0,099210226;-0,100267333;0,292817433;-0,346295553;0,931936885;-0,094749339;0,226232202;0,310357431;-0,044159497;-0,008407171;-0,081199939;-0,020423444;-0,099585025;-0,621747329;0,045592529;0,526157472;-1,014433282;-0,095694787;-0,067772222;0,613634263;-0,095015183;0,51288091;-0,176431631;0,166463117;0,332193807;-0,307699397;-0,101734614;-0,098590333;-0,269874477;-0,294929941;0,369692303;0,369392366;-0,10403186;-0,103351004;-0,006816389;-0,097888127;0,235822907;0,117635539;-0,427817758;0,401599911;-0,09605805;-0,299919135;0,382443826;0,085195144;-0,101396745;-0,1492933;-0,194766929;0,501624123;0,288183065;-0,552553266;-0,095967072;0,923198254;0,420278143;-0,423046221;-0,100550373;0,555062557;0,647025038;0,374223781;-0,08170325;0,034432189;-0,103558537;-0,10331182;0,40737385;-0,667360058;-0,098410597;-0,157791192;0,244535079;-0,089715276;0,044390004;-0,096801853;-0,103146443;0,113670191;0,183057863;-0,516457808;-0,094022011;-0,064013775;-0,20294436;-0,102627246;0,824016221;-0,039084635;-0,010273926;-0,552137879;0,3472295;-0,098197169;-0,098260474;0,13556509;-0,087133044;0,138517331;0,692090487;0,309607806;-0,318528114;-0,098917091;0,154860743;-0,309124893;-0,076319942;-0,102553461;-0,102244371;0,49030006;-0,272088297;-0,095137167;-0,094001874;0,509972107;-0,101910584;-0,177591434;-0,094998077;0,512497098;-0,228438315;-0,959431562;0,599844029;-0,679218077;-0,094717601;-0,103731918;-0,637509678;-0,095724004;-0,103422613;-0,097276307;-0,099102035;-0,69470716;0,450308457;-0,074731681;-0,051284896;-0,095044898;-0,690429035;-0,09693967;-0,104127978;-0,09810027;0,06349688;0,292822049;-0,145192492;-0,103719991;0,082934262;-0,132921991;-0,101382449;-0,345639389;-0,10329771;-0,083853284;-0,761078289;-0,085963121;0,427093484;-0,132091118;-0,191887077;-0,083719668;-0,103775601;-0,515700886;-0,102831876;-0,496976715;-0,09480266;-0,170912055;-0,691198435;-0,101214603;-0,113124797;-0,036637911;-0,033888106;0,710027558;-0,169342868;-0,103062576;-0,098721918;-0,084793162;-0,098420827;0,149263377;-0,388152165;0,010276808;0,049037542;-0,095961021;0,704850956;-0,068190879;-0,087475444;-0,033543236;0,416459044;-0,892738523;0,139837858;-0,096882797;-0,697802324;-0,097708665;0,040645417;-0,771640027;0,678086717;-0,967423428;-0,10148339;-0,094054928;0,523812835;-0,099717941;0,619302997;0,463705487;-0,44752145;-0,31496816;-0,180172522;-0,515361889;-0,111438567;-0,806113242;-0,388809668;-0,099827912;-0,096916428;-0,065819869;-0,10101722;-0,425098286;-0,270471582;-0,46090476;0,309800755;-0,281870755;-0,094976797;0,255450288;0,13800165;-0,103669358;0,021939456;-0,102405729;0,416755973;-0,453502047;-0,110100002;0,581573783;-0,69911564;0,07665759;-0,76284491;0,787201914;0,003621776;-0,100671468;-0,10124854;0,426581482;-0,077640701;-0,528377237;-0,558451946;-0,741337786
-0,33475287;-0,089600887;-0,268028106;-0,166454925;0,127753683;-0,084032537;-0,54248443;-0,473501896;-0,525846627;-0,331052491;-0,692284826;-0,263304205;-0,082138412;-0,260555863;0,459620818;-0,021639778;0,109201366;0,051974654;-0,198747934;-0,513827134;-0,310776505;-0,034016847;-0,096648043;-0,16608713;-0,082606584;0,694465563;0,885338423;-0,241161821;-0,114430983;0,031397297;0,475022545;0,109933739;0,097756946;-0,031104224;0,613072823;-0,06054747;-0,080857003;0,014710646;-0,120200581;-0,081785682;-0,077136439;-0,088945726;-0,207039687;0,213180669;0,362007555;-0,084360918;0,070729197;-0,341014222;-0,029691958;0,076109212;0,502964959;0,015064193;-0,086995348;0,416033281;0,449270802;0,611928955;0,749187552;-0,083945399;-0,045962149;0,119332573;-0,077394887;0,291070257;-0,632959776;-0,397564138;0,059844408;0,091560436;-0,081863525;-0,081529889;-0,494607065;-0,263608013;0,539616463;-0,2482226;-0,081729186;-0,089448316;0,117252615;-0,081039138;0,296925407;0,188103392;0,100785499;0,389108617;-0,087853079;0,14239112;-0,690151455;-0,136908692;-0,080606892;-0,644889423;0,051429382;0,001413267;-0,25965504;-0,517404447;-0,086403215;0,055620286;-0,436748143;0,345007654;-0,086232128;-0,20773228;-0,551431028;-0,391312715;-0,01497802;-0,360273764;-0,088538983;-0,082671617;0,298244905;0,034845805;-0,080337383;-0,061053942;0,232438386;-0,071979855;-0,409175135;-0,083843468;-0,088049983;0,318732727;-0,278970994;0,320160561;-0,080097169;-0,129962826;0,030085467;-0,087526197;-0,46167813;-0,350344659;-0,12540473;0,134271477;-0,765874277;-0,077513271;-0,083567734;0,022365698;-0,12286957;0,540009271;-0,501801863;0,39372585;-0,48509596;-0,08053283;-0,730434848;-0,048745375;-0,084552695;-0,360254887;-0,082142312;-0,46152517;-0,683215472;-0,085197636;-0,088467015;-0,76098678;-0,084109203;0,288563829;-0,081366828;-0,234491655;0,414364344;0,309296909;-0,155196587;-0,431972211;-0,084324097;-0,08876542;-0,460743817;-0,088960015;-0,083039441;-0,082047774;-0,08714837;0,001311205;-0,538071009;-0,23713556;-0,031089958;-0,090212871;-0,303804917;-0,08974614;-0,088187937;-0,085524198;0,200669316;-0,661613035;0,099862817;-0,088744732;-0,389658787;-0,703745623;-0,084416166;-0,800083082;-0,089573031;-0,068592849;-0,471466669;-0,057713575;-0,108010144;0,154153403;0,502460358;0,113439645;-0,088522084;0,447997961;-0,087733361;0,337374592;-0,084236888;0,246158957;0,532752441;-0,100867891;-0,279795302;0,09101239;-0,179379832;0,376061996;-0,4773433;-0,089236729;-0,089094055;-0,092110977;-0,086859791;-0,207701365;0,064378093;-0,142069853;-0,110482976;-0,082066888;-0,773504583;1,074129742;-0,088995561;-0,375797934;0,404751636;-0,044029848;0,322151103;-0,086389374;0,462548074;-0,088678542;-0,340946217;0,720882464;0,25685139;-0,158898771;0,326331537;-0,08556851;0,776662044;-0,074324758;-0,184154859;0,292933685;-0,265878835;0,345194033;-0,646113216;-0,923422937;-0,082419866;-0,636031437;0,39209007;-0,08335465;-0,088633075;-0,048126229;-0,080411347;-0,153230319;0,154979502;0,191447091;0,400337686;-1,063470493;-0,086438023;-0,275049295;-0,306758883;-0,085769817;0,299650121;-0,078764547;-0,533560478;-0,367789243;0,055523993;0,540857937;-0,750017702;-0,279246217;0,536691101;-0,87464368;-0,809973423;-0,084112738;-0,083761258;-0,586599377;0,663431063;-0,096696435;0,108945873;0,169641696
-0,365900012;-0,068841278;-0,169239415;-0,099527721;0,014683592;-0,07241741;0,386973203;-0,051782107;-0,213177459;0,783739783;0,43727768;0,456757001;-0,059904583;-0,276213194;0,485080697;0,092835685;-0,832177728;-0,055836139;-0,351964698;-0,070277538;-0,364101883;-0,035681114;-0,392074304;-0,078216138;-0,06422461;-0,280977756;0,026927108;-0,313368578;0,121883189;0,131979275;-0,356903901;0,688960352;0,022395227;0,027012464;-0,686840635;-0,042803785;-0,065355243;-0,728712413;0,710107039;-0,069514636;-0,073572428;-0,071984196;-0,440865905;-0,394574498;-0,319086914;-0,069082732;0,008226731;0,428311295;-0,052129747;-0,258306399;-0,31231515;-0,007089349;-0,065634308;-0,822038894;-0,261244031;-0,539814819;-0,126439829;-0,06647098;-0,065547336;-1,083993638;-0,072295548;0,00568716;0,527134055;-0,077685477;-0,001632427;-0,400005728;-0,068679752;-0,071969949;-0,842636344;-0,628513066;0,577274477;0,27586526;-0,061249082;-0,070893147;-0,488474948;-0,064331163;-0,508802281;0,325886166;-0,062324633;-0,819120851;-0,067502695;-0,24277167;0,01398858;0,159933456;-0,062557444;-0,235417005;-0,342229794;-0,992265923;-0,065518922;0,577982829;-0,068932325;-0,904334256;-0,501332858;-0,64471299;-0,069331771;0,204110027;0,229580689;0,150440155;0,004404904;-0,381652801;-0,065564668;-0,071531035;-0,304309684;0,331872652;-0,065954028;-0,176056769;0,527746494;-0,057132621;-0,650638505;-0,073703518;-0,067878234;-0,600518978;0,434187704;-0,205564904;-0,073717113;0,09295061;-0,042340748;-0,07292301;0,12714089;0,022125682;-0,214541499;0,089349222;-0,886460146;-0,071552205;-0,073744725;-0,562528573;-0,105622565;-0,129891509;1,041904528;-0,298987473;0,158002749;-0,072117408;-0,654006734;-0,592238656;-0,057534316;0,236998915;-0,07429462;0,406388562;-0,305924038;-0,069895802;-0,070942287;-0,487535206;-0,064070656;-0,176941081;-0,070086279;0,050769296;0,156761752;0,364969456;-0,435548956;0,162093144;-0,067236931;-0,070140273;0,382900077;-0,069964727;-0,073717803;-0,067880609;-0,067258611;-0,805223361;-0,705165649;0,215950456;-0,049866962;-0,065663946;0,339555855;-0,076947575;-0,063166203;-0,0617508;0,071014412;0,162533317;-0,069601448;-0,066844641;0,039673434;-0,219369681;-0,06657057;0,12113294;-0,06627184;-0,060758682;0,778297024;-0,074930838;0,127532961;-0,13779204;-0,114848666;0,035910497;-0,069507093;0,690831728;-0,070974776;0,738707903;-0,064943278;0,028966384;-0,477187884;-0,058811931;-0,444011092;-0,884921486;0,060007506;-0,013600507;-0,021253787;-0,065979704;-0,070778486;-0,065940651;-0,06364305;-0,085319419;-0,42709239;-0,180134271;-0,033420152;-0,069885686;0,023765378;0,367834762;-0,069557417;-0,225611987;-0,372727666;0,11093917;-0,647434742;-0,06932024;-0,6162313;-0,064775846;-0,023241935;-0,409417529;-0,059595186;0,581007752;0,047652616;-0,069948762;-0,038918541;-0,068772746;0,383345257;0,036904952;-0,100721606;-0,372491562;0,20221431;-0,087965083;-0,067369024;0,222638854;-0,920696364;-0,06690127;-0,070173562;-0,0467134;-0,070162075;1,028244375;-0,501882059;0,398414188;-0,836970041;0,075770198;-0,068643589;-0,000733514;0,190237145;-0,065598764;-0,05926635;-0,068862909;0,229906734;0,624392312;-0,050057395;0,190802115;0,288621274;0,322947156;0,260277059;0,28999144;0,317768752;-0,065001635;-0,072705588;-0,136368206;-0,531973877;0,394825216;-0,300003857;0,127544399
-0,5467369;-0,100970437;0,042188608;-0,698760897;-0,477634916;-0,097392283;-0,270211608;0,700289069;-0,700013847;-0,329102647;0,43252575;-0,704131914;-0,091484129;-0,59362858;-0,208675646;-0,342553171;-0,158165766;0,231878845;0,608098124;0,421319433;0,418153382;-0,056442183;0,142042672;0,816298912;-0,101856515;0,263460939;-0,065126884;0,317862402;-0,243430027;-0,078982859;0,015393331;-0,387835208;-0,179590479;-0,133614216;0,574844031;0,007155147;-0,102914824;-0,35426371;0,478408993;-0,105208086;-0,104312299;-0,098700283;0,05055189;0,232040987;0,291940265;-0,108621821;-0,43308296;-0,306186961;-0,0414239;-0,3455221;0,31257404;0,083433818;-0,101852424;-0,0090695;0,462760496;0,858047536;-0,311330774;-0,101035331;-0,081328106;0,222422641;-0,096876795;-0,644075329;0,230078643;0,080451157;-0,430867068;0,013986608;-0,107047022;-0,103426707;-0,53174917;0,275382748;-0,292504802;-0,623417283;-0,116501445;-0,105070025;-0,112158087;-0,10499726;-0,148770014;-0,38576061;0,514028453;-0,642538628;-0,104021449;0,27118155;0,492424169;0,14190804;-0,09875703;0,014980654;-0,101699142;0,074767593;-0,042272459;-0,894541136;-0,101025974;0,357235898;0,266222754;-0,392575779;-0,102117996;0,149598823;0,133804392;-0,16171689;-0,266633794;0,062326532;-0,105782715;-0,107345666;0,04458456;-0,568336507;-0,099610195;0,669542793;-0,166703968;-0,098762193;0,020657733;-0,103899777;-0,108127333;0,561278038;0,089075232;0,085979477;-0,108444104;-0,098477763;-0,03762265;-0,10306643;0,162266009;0,074902379;-0,057989294;0,198914752;-0,484063474;-0,099292347;-0,108892511;0,630916096;0,145123177;0,607186605;-0,538238896;0,647869454;0,504190746;-0,103415761;0,150773509;0,778438758;-0,095475794;-0,967914257;-0,102211904;0,167729482;-0,097233868;-0,108208163;-0,106321495;-0,191988719;-0,10337264;-0,757166229;-0,105057429;-0,19641996;-0,297399425;-0,663238298;-0,400795784;-0,648710791;-0,099803893;-0,104077087;0,392317092;-0,103247752;-0,103275703;-0,100038162;-0,103736371;0,46452222;-0,090509132;0,183619928;-0,051444517;-0,107448907;-0,321567244;-0,108581473;-0,106299497;-0,105602318;-0,122356699;0,51566769;-0,32082631;-0,103614262;-0,096220867;0,556624151;-0,102983302;0,056925145;-0,1078123;-0,082677066;0,247377245;-0,064857718;-0,65469658;-0,044966967;0,753887142;-0,666433229;-0,102026528;-0,16682034;-0,108036249;0,265589307;-0,099201581;-0,05531422;0,187652757;-0,100946918;-0,796634058;0,232813369;-0,093734903;0,003368053;-0,051829827;-0,10717417;-0,105836578;-0,095928781;-0,107387576;0,099917558;0,024232341;-0,107810338;0,093894337;-0,107908906;0,237252846;-0,541004943;-0,097034342;0,052438818;0,467301604;0,191899807;-0,539542698;-0,103571842;-0,35619598;-0,099360692;0,103734528;-0,206513426;-0,683804055;0,369435352;-0,679712454;-0,099409605;-0,181490308;-0,101714436;0,224868493;-0,515754974;-0,045876953;-0,188111026;-0,568077071;0,06592948;-0,107416739;-0,317653097;-0,026011311;-0,106555788;-0,102881278;-0,058820937;-0,104008745;-0,901544715;0,083941541;-0,682965381;0,220883689;-0,077980106;-0,103477883;0,121656176;0,035491987;-0,101695269;-0,14652284;-0,101394038;0,529133926;-0,951299737;-0,284669922;-0,140886955;-0,265616045;0,361302614;-0,059110893;0,453716417;-0,802835014;-0,105749254;-0,10058779;-0,429314745;0,342386371;-0,204005088;0,187940526;0,292296394
-0,389536388;-0,077711478;0,52440969;0,186300532;0,124193478;-0,085051218;0,038994408;0,225224101;-0,813591117;0,558472958;0,089606785;0,27200077;-0,071435388;-0,282710932;0,680531576;-0,325945292;-0,652556572;0,164112499;-0,186161931;-0,098440334;-0,254028386;-0,024549364;0,351721783;0,668912598;-0,085304204;-0,129845858;0,050622887;0,406109657;0,047461395;0,036413062;-0,420525706;0,637082623;-0,186378589;-0,512483456;0,010639433;0,008002273;-0,083975583;-0,216933085;-0,613791827;-0,078269045;-0,079872046;-0,077753981;-0,270729188;-0,190801402;0,686286887;-0,07847737;-0,150245659;0,357815682;-0,041555173;-0,068908207;-0,605194433;-0,017179668;-0,081038907;0,70510327;-0,253447885;0,442141631;0,095440649;-0,081459246;-0,053060685;0,586205272;-0,077549604;-0,846697291;-1,017613722;0,111099438;-0,378844364;-0,380226874;-0,076713522;-0,076709874;-0,027246342;-0,58773226;0,306656239;-0,60126158;-0,079743857;-0,08045918;-0,357213518;-0,08255945;-0,198766735;0,399237951;-0,033763851;0,834908697;-0,084412645;0,604569455;-0,539011148;-0,170484466;-0,074422666;-0,181415165;-0,205991291;-0,487334163;-0,045852784;0,05282812;-0,078108507;-0,40412475;-0,896883139;-0,420306322;-0,078209625;0,310188593;0,396018496;0,228985663;-0,027897363;-0,657047181;-0,077108039;-0,07833155;-0,422301923;-0,474271884;-0,075845716;-0,329746477;0,143371213;-0,073097528;-0,580444006;-0,075187449;-0,081669013;0,796228066;0,161693088;-0,066007029;-0,076960249;-0,234535879;-0,269029821;-0,076909562;0,145812783;0,107552291;0,197829259;-0,128724997;-0,910530391;-0,082542623;-0,077135026;0,13887085;0,137282432;-0,687019002;-0,94098595;-0,672056933;-0,445767356;-0,082661917;-0,614175107;-0,343642211;-0,065179114;0,073489766;-0,082909622;0,519413425;-0,027162875;-0,076642979;-0,084997943;-0,728806957;-0,076004412;0,371832753;-0,081743108;0,503112282;0,071959903;-0,619105251;0,228888723;0,22576403;-0,074531913;-0,084245554;0,597970076;-0,084270713;-0,082136985;-0,076768813;-0,081901413;0,638707337;0,33811931;0,405390025;-0,110305258;-0,078248422;-0,610952582;-0,077234479;-0,082578347;-0,076185731;-0,087793584;-0,049377696;0,317235161;-0,075400532;0,112175512;-0,172720603;-0,078288717;0,007342331;-0,078636427;-0,068720633;-0,783242997;-0,050940679;0,162785234;-0,511362117;0,035941026;-0,411302526;-0,077174041;-0,594122125;-0,075133886;0,019694695;-0,083154727;0,008228748;-0,273552942;-0,078831596;-0,709653166;0,002449405;0,041254892;0,315745256;-0,332463641;-0,074947083;-0,074823316;-0,075462218;-0,083131386;-0,118950966;-0,344169693;0,096268834;0,088319098;-0,075831203;-0,054862143;-0,190423378;-0,071767654;-0,185456386;-0,090360332;-0,336101457;0,430540483;-0,079697683;0,427195129;-0,083905255;0,040947877;0,312692029;0,563424189;-1,045866288;-0,208646949;-0,082482695;0,59516012;-0,073761224;0,235394487;0,177465624;-0,309196216;-0,260182876;-0,259790346;-0,130408232;-0,091623381;-0,677431291;-0,664943144;-0,085441967;-0,074454567;-0,045071594;-0,082939727;-0,450812998;-0,314878554;-0,860023318;0,328070673;-0,084456136;-0,081047131;0,579003226;0,126791172;-0,081578116;-0,021123793;-0,075204541;0,21205397;-0,942039533;-0,029401734;-0,208487717;0,456837795;0,187208247;0,492617702;-0,243208521;0,077499472;-0,085200888;-0,079266486;0,562820966;0,169142048;0,314720654;-0,333420135;0,223441116
-0,336510625;-0,076274607;0,665442052;0,812860102;-0,278054638;-0,075795407;0,370924238;-0,262201199;-0,169606725;-0,141615911;0,647492007;0,43575115;-0,062073396;0,524707609;-0,47019975;-0,878291672;-0,462407684;0,07101946;0,22042897;-0,536207574;0,442135835;-0,037823828;0,05012304;-0,624382107;-0,074241579;-0,632557287;-0,195548479;-0,365782235;0,087207049;-0,200871475;-0,862351356;0,357121587;-0,017094876;-0,282535114;-0,396085236;-0,035016665;-0,070548187;-0,258717565;-0,225015535;-0,068194124;-0,068126382;-0,071776973;-0,115487754;0,111844227;0,11262154;-0,070390237;0,662314937;0,127225704;-0,03887156;0,046268141;-0,004513076;0,015976157;-0,069613218;-0,953685357;0,044991698;-0,366180823;-0,735186109;-0,065326379;-0,048887067;0,063409166;-0,073267845;0,254781359;-0,99748583;0,000715073;-0,22006081;0,054379478;-0,069161828;-0,07114082;-0,418283291;0,44874739;-0,768763832;-0,900968525;-0,091235292;-0,066609948;-0,250985043;-0,070794654;-0,146104216;0,336252743;0,157879426;0,311291687;-0,069186561;0,236112951;-0,498364209;-0,29359217;-0,069433318;0,115515861;-0,189119488;1,053422779;-0,222410066;0,388941386;-0,073991218;0,4281655;-0,204117231;-0,81154112;-0,068135081;0,45372774;0,49922409;0,230549022;-0,011192093;0,465833641;-0,071437849;-0,074278009;0,311386108;-0,542100726;-0,066910066;-0,121738111;0,247820603;-0,066587206;0,593505556;-0,072287337;-0,070623863;-0,65013852;0,371858483;-1,072547435;-0,073322713;-0,146169229;-0,011776885;-0,073898223;0,214222183;0,071399074;-0,146982996;-0,619528806;0,483838697;-0,072487096;-0,068952101;0,599990475;0,216204286;-0,511953103;-0,163811718;0,287872645;0,067807365;-0,0672175;1,193018229;-0,276129644;-0,067398425;-0,709992212;-0,075414085;0,864026151;-0,021026924;-0,074357545;-0,068856422;0,62416913;-0,074304676;-0,180625265;-0,0665058;0,419071039;0,105205784;-0,852240023;-0,025805317;0,390601561;-0,073827728;-0,072455674;0,346187955;-0,066068863;-0,072527612;-0,076952596;-0,066809288;0,100201452;-0,24163944;-0,539748762;-0,0326482;-0,065854016;1,092452346;-0,07279692;-0,071083356;-0,066180135;-0,201231818;-0,419027717;-0,980795609;-0,0718351;-0,09042027;-0,149381622;-0,067945271;-0,122715601;-0,07558473;-0,066367048;-0,006189649;-0,034257927;0,286450486;-0,169395202;-0,149922081;-0,149080505;-0,074698074;-0,144347256;-0,073916915;-0,779927968;-0,075719327;-0,016808743;-0,929939078;-0,070830911;0,776717489;-0,222883677;-0,355343974;0,224153212;-1,02575539;-0,070111318;-0,076084544;-0,065386662;-0,06999999;-0,130057696;0,050848485;-0,070445828;0,052557876;-0,072219817;-0,887540054;-0,571902923;-0,070099785;0,364884502;-0,31705949;-0,711114484;0,026393437;-0,067178071;-0,53788524;-0,069444496;-0,011598294;0,435734247;0,165796876;0,226791373;0,218396253;-0,073670958;0,887356408;-0,062230312;-0,705829307;-0,238464798;-0,615828043;-0,317303169;0,090855251;-0,144577791;-0,068117694;-0,666131327;-0,112884942;-0,067974802;-0,071937374;-0,046037499;-0,073321547;-0,103685238;0,110969665;0,808968043;0,072779909;-0,065335805;-0,072946506;-0,422696958;0,161231406;-0,069119362;0,334062567;-0,066527315;-0,833524879;0,40370721;0,042255107;0,157434807;0,415012921;-0,243025747;0,273793706;-0,310745908;-1,014903295;-0,071117272;-0,074419886;0,225482687;0,62638619;-0,71636135;-0,217033966;0,007424351
-0,258909834;-0,079438969;-0,705165535;0,43793828;-0,18529831;-0,05994971;-0,696866811;-0,391811008;-0,152908836;-0,428113747;-0,482043993;0,207168127;-0,06974803;0,994059288;-0,122470524;0,140789439;0,13398376;0,14145239;-0,05727641;-0,685197172;-0,495841062;-0,039999365;-0,345463868;0,7414844;-0,076926731;0,606029919;-1,021185474;0,313130556;-0,181268339;-0,108713477;0,78491455;0,766233939;-0,010985425;-0,862511658;0,534722578;-0,047621243;-0,077877938;0,018247668;-0,344345483;-0,080557481;-0,084049227;-0,078626329;0,128579569;0,050717418;0,630985866;-0,084681006;0,575307193;-0,420027325;-0,035963508;-0,392918481;-0,75111003;-0,090200296;-0,083168683;-0,294902924;-0,061002997;-0,275511521;0,371839991;-0,080389351;-0,064787223;0,292697971;-0,083338324;-0,47182798;0,279322987;-0,188622865;-0,478145148;0,176579582;-0,082707091;-0,085855985;0,083021058;-0,777541168;0,426933615;0,859119093;-0,082100599;-0,077147039;0,087272495;-0,086405116;0,214100123;-0,378540385;0,568020741;-0,008302914;-0,086454559;0,221977297;-0,550932004;-0,027612531;-0,083934048;0,465682139;0,522604844;-0,14180498;-1,001733299;0,304967336;-0,084056277;0,070802764;-0,112915741;-0,392234671;-0,082509789;1,050363082;0,016742836;0,04238094;-0,067890392;-0,075007318;-0,085164442;-0,081374083;-0,395531634;-0,054511258;-0,07627248;-0,313199735;0,355513226;-0,073670129;-0,50866587;-0,077873754;-0,076498544;-0,177517516;0,512349199;0,250741628;-0,080350158;-0,072099988;0,048710239;-0,077951779;0,619077947;0,032309806;-0,063909397;0,418720873;0,312407224;-0,077384267;-0,077962574;-0,435359965;-0,03933627;0,572814631;-0,477936573;-0,284423211;0,432384758;-0,080774295;-0,316938588;-0,028162203;-0,084597886;-0,626124709;-0,081770538;-0,679270174;-1,187592169;-0,076170997;-0,078260027;-0,120654066;-0,080357714;-0,861243857;-0,080668082;0,604729305;0,247138293;-0,427832421;0,098574033;-0,055462919;-0,078033276;-0,078085254;0,288486862;-0,078789133;-0,078271147;-0,0816024;-0,082746141;-0,975449501;-0,58146021;-0,451381427;-0,051020673;-0,083808017;0,001798052;-0,087498326;-0,077222052;-0,084275722;-0,597745218;-0,215079283;-0,196981285;-0,082123176;-0,296871186;0,483599194;-0,084277641;0,156384832;-0,082164473;-0,070596885;0,895144554;-0,042650308;0,055018786;-0,186470087;-0,276794748;-0,650233175;-0,078946852;0,635856376;-0,085594342;-1,031242854;-0,082415069;0,12515408;0,014853318;-0,076593628;-0,623933761;0,236287321;-0,049803369;-0,019777058;0,180900636;-0,0857286;-0,08501538;-0,076902648;-0,083024373;-0,158182761;0,051583302;0,188161347;-0,171275988;-0,08233084;-0,418785747;-0,126621215;-0,079373086;0,255267433;-0,24038578;-0,194068611;0,014814789;-0,076958856;0,819635444;-0,08355215;-0,197615109;0,150884228;-0,538139917;-0,798789864;0,439351384;-0,080011384;0,651259198;-0,081512542;-0,331142925;0,737226259;-0,375301501;0,075874671;0,011789424;-0,360126395;-0,079441212;-0,356972276;0,085139658;-0,085751507;-0,081993071;-0,053189318;-0,080481893;-0,543888245;0,138678722;0,180599845;-0,239095123;0,165459865;-0,085882708;-0,257239569;-0,173365778;-0,078385569;-0,057324488;-0,075920049;-0,101084648;0,221931236;-0,084808799;0,540834469;-0,383463611;-0,254550864;-0,164436426;0,564605639;-0,018429808;-0,081239252;-0,079435048;-0,720872337;-0,24443288;-0,060643946;-0,706837407;0,585873164
-0,443861455;-0,087844927;0,083639262;-0,535089975;0,072193808;-0,0895962;-0,350988099;-0,0326787;-0,323473954;1,042958092;0,883574385;-0,881397395;-0,08789163;-0,847267739;-0,165072778;-0,338877895;-0,343439473;-0,103253709;-0,248240485;0,413647951;0,033626556;-0,05631073;-0,397471603;-0,462458143;-0,092559304;-0,955588579;0,351544079;0,967950584;-0,106204499;-0,176106003;0,870873635;-0,468815363;-0,062089744;-0,445164784;-0,97033786;-0,070413517;-0,08694257;-0,322966007;0,655724964;-0,09351055;-0,096177514;-0,095676791;-0,294261563;-0,054502877;-0,589313826;-0,092055688;0,435446357;-0,443357507;-0,041894366;-0,109192219;0,676508016;-0,089425941;-0,091156462;-0,53251799;0,27921178;-1,030044813;-0,579221406;-0,086685109;-0,068107288;0,016694513;-0,092012475;0,487498733;1,006661607;0,087843453;0,577816687;-0,171593137;-0,089364101;-0,090806237;-0,986883127;0,251318916;-0,756125657;-0,219525626;-0,090705133;-0,091049441;0,037541243;-0,088140331;-0,010959674;-0,904394305;0,667947123;-0,531110315;-0,084894246;0,013192366;-0,019037614;0,022548103;-0,086560659;-0,058497513;-0,592173241;-0,536589461;-0,130382744;0,180861002;-0,088028303;-0,425744892;0,295583697;-0,693925644;-0,095819111;0,360747721;-0,061009235;-0,755758946;-0,143297707;-0,118423046;-0,093506405;-0,088259528;-0,048941008;-0,407727745;-0,092764781;-0,859710395;-0,509080497;-0,07902725;0,448839201;-0,091924219;-0,086413936;-0,378787622;-0,701789225;0,599630134;-0,089285325;-0,057162925;-0,262780973;-0,092365158;0,71594273;0,051564884;-0,033492938;-0,085934232;0,497756327;-0,085498571;-0,090806878;-0,761144685;0,039596436;0,678117442;0,928669948;-0,83025687;0,432380854;-0,092150528;0,276512932;-1,138009758;-0,096005472;0,075389746;-0,093175977;0,806830554;0,265574274;-0,094109558;-0,088703322;-0,711133129;-0,09540276;0,13564447;-0,091856486;-0,284377405;-0,636159798;-0,575229487;-0,536997771;-0,041763024;-0,0852555;-0,092249727;0,578641537;-0,0883531;-0,090406815;-0,088702069;-0,08611337;-0,530630507;-0,255074554;0,527081248;-0,037921782;-0,091839865;0,02173514;-0,091233135;-0,085442329;-0,088959418;0,008923736;0,776457923;-0,361234976;-0,094130832;0,086815437;0,761795268;-0,088605521;-0,30753729;-0,090589929;-0,075232493;0,0415103;-0,079253046;-0,538374474;-0,02620235;0,572926277;0,296083303;-0,088957074;0,194035959;-0,086702991;-0,211401063;-0,087286014;0,200634815;0,249930518;-0,081513208;0,900690363;0,158000829;0,142232776;-0,422477726;0,161684514;-0,090608307;-0,09483072;-0,093131089;-0,087858084;-0,07174931;-0,120178416;0,104436418;-0,183149136;-0,086307348;0,36031311;-0,614113409;-0,076364715;-0,374777096;0,361334827;0,336997627;-0,151027634;-0,08760863;-0,528269608;-0,094011833;-0,022683474;-0,088868611;-0,553042742;-0,437643673;0,235811629;-0,084029503;-0,605188812;-0,094434591;0,633160623;0,287062458;-0,081217358;-0,449899815;-0,424544776;-0,194849595;-0,09499085;0,300861811;0,322148431;-0,093752663;-0,090198163;-0,053288533;-0,095320468;0,737152857;-0,120121556;0,419311219;0,057667144;-0,422298891;-0,09063063;-1,109410937;0,126167672;-0,091628467;0,167005223;-0,09316061;-0,162303053;0,612626948;-0,195228276;0,258808085;-0,721228145;-0,137464064;-0,734344709;-0,268194217;1,008209615;-0,090885794;-0,092020298;0,822756231;-0,386901485;0,122047637;-1,277310585;-0,399059555
-0,203916979;-0,073320816;-0,247401157;-0,251843846;-0,330302739;-0,078250151;0,900323464;0,221208633;0,48880869;-0,085647569;-0,095952908;-0,265280533;-0,065159834;-0,418007155;-0,663201476;0,384256458;-0,590191839;-0,376430005;-0,397701939;-0,610360391;0,227611263;-0,024979811;0,147034144;-0,013040921;-0,067841286;0,186542099;0,196488502;0,673762983;-0,222253053;0,132768763;0,069182017;0,405107546;-0,772641845;0,254557534;0,584822566;0,011503109;-0,070809418;-0,272053981;0,121321966;-0,064229908;-0,065840237;-0,064652273;-0,465343571;-0,280719985;-0,368004292;-0,067219668;-0,364905141;-0,116180738;-0,047214299;0,027166516;0,063142623;0,153450338;-0,076783703;0,145581036;0,24026759;0,439145733;-0,447884552;-0,071447103;-0,045643041;0,363821722;-0,059798917;0,380838368;-0,389027621;-0,27589107;0,019735519;0,002907611;-0,066301501;-0,068029081;-0,017559738;0,136078015;-0,907823369;0,416925932;-0,067276043;-0,068154505;-0,199504352;-0,074014584;0,427124697;0,33403086;-0,257915159;-0,493659381;-0,072469535;0,19937616;-0,383915304;0,040026601;-0,071402366;0,14059405;0,023745001;0,082849746;0,095076547;-0,327153768;-0,071844827;-0,536211321;0,531810455;-0,623325097;-0,067277776;-0,57918073;0,236279294;0,297164003;0,007261027;0,14597426;-0,071666325;-0,068436045;0,462939598;-0,489184912;-0,063286484;0,188787412;0,409499004;-0,060223177;-0,281339333;-0,069474753;-0,074693749;0,438431321;0,356565804;0,727601145;-0,065064561;-0,058677028;-0,039519725;-0,070083413;-0,455399888;-0,389385476;-0,409102753;-0,05773417;-0,46506896;-0,061542483;-0,073179398;-0,220778337;-0,104894563;-0,315358552;-0,587469393;-0,606003595;-0,283503213;-0,068570687;0,741840607;-0,204230491;-0,050782489;0,577547159;-0,066733979;-0,543278993;0,374139102;-0,07021955;-0,065834527;0,408084298;-0,070413532;-0,295680971;-0,078963059;-0,298957632;-0,198365628;0,159311374;0,254629694;0,269199938;-0,06818668;-0,069639851;0,53701063;-0,067227425;-0,064580693;-0,06978399;-0,074658791;-0,136574794;0,211820224;0,668948645;-0,021404193;-0,067730657;0,318610708;-0,068551323;-0,068277896;-0,067639387;0,004069183;0,257601382;-0,639377206;-0,068023886;-0,294289016;-0,37821284;-0,069960015;0,067402908;-0,067106625;-0,071740113;-0,232289559;-0,081064779;-0,884064493;-0,010372077;-0,359302513;-0,400130786;-0,066804826;0,222061865;-0,067817945;0,303900276;-0,070918492;-0,026148533;-0,087305142;-0,063506573;-0,04080688;-0,412794844;0,036284893;0,264534059;-0,623797622;-0,072128381;-0,072733125;-0,066840158;-0,071828419;0,086421218;-0,188286445;-0,358591866;-0,18951223;-0,064923881;-0,771888996;0,3345289;-0,071620204;-0,151399308;-0,421829687;-0,283787061;-0,894885334;-0,070996465;0,283003652;-0,068233567;0,025113664;0,220385359;0,031950087;-0,557301864;0,152784707;-0,065462106;-0,553894024;-0,059844965;0,011172776;-0,545906891;0,070812321;0,496359745;-0,173892185;-0,219236754;-0,080035357;-0,46919267;0,847895295;-0,065120193;-0,066468537;-0,056437594;-0,074672281;-0,21564499;0,188163119;-0,637159028;-0,480214732;0,078746909;-0,071499806;0,117533029;0,133477369;-0,074134179;0,090425459;-0,064083655;-0,017399886;-0,231626194;0,078154619;-0,561514724;0,416890107;0,065857854;0,006207378;0,764761241;-0,634794728;-0,070903395;-0,070364159;-0,874877328;0,506048396;0,539542623;0,487111929;-0,331625419
-0,344342888;-0,049392718;-0,624545622;0,621639237;-0,993948383;-0,041174907;-0,310824873;-0,383186827;-0,422118416;-0,065002506;0,439851206;-0,497844929;-0,053414903;-0,475472146;0,038714852;0,487600094;-0,767725927;0,097629258;-0,417060643;0,153338562;-0,773643207;-0,015588109;-0,317335351;-0,234746854;-0,047481359;0,588483513;0,107162696;-1,066484353;-0,09296522;0,021878978;1,057611545;-0,361405276;-0,178080243;-0,610375098;0,112327469;-0,043131367;-0,047461098;-0,286690254;-0,54826426;-0,040785827;-0,042642344;-0,047735344;-0,214113571;-0,154410902;-0,569508313;-0,051403006;0,006433386;0,555609855;-0,018173076;-0,038448137;-0,707488034;-0,080191934;-0,047254979;-0,572196835;0,164553168;0,568429988;-1,206254377;-0,039831979;-0,035890803;-0,639585648;-0,045435936;-0,729299675;0,811840301;-0,128701851;0,053723538;-0,18193403;-0,041569337;-0,04137732;-0,282198099;-0,173595077;0,597407761;-0,082080208;-0,041894488;-0,043602559;-0,129445602;-0,044635373;0,426587642;-0,766703114;0,138332303;0,093172381;-0,044730998;-0,517613131;0,790457498;0,133363779;-0,048186767;0,240590719;-0,328111892;0,029329939;-0,690508527;0,401251682;-0,047020805;-0,659957577;-0,330579404;0,197399447;-0,045729481;0,445808608;-0,256811919;-0,502033124;-0,011263415;-0,014925065;-0,042063943;-0,04886956;0,065818841;-0,390770931;-0,040633023;0,145243839;-0,82756616;-0,041039506;-0,879609756;-0,049463592;-0,047975039;0,05894214;-0,42995461;-0,180396248;-0,050925944;-0,036954294;0,388603153;-0,038882028;0,704000403;-0,108140373;-0,433943456;0,481570756;0,947818748;-0,037228633;-0,046366572;0,735838761;-0,390825051;0,616869812;0,313318485;-0,08049523;-0,898612465;-0,044111894;-1,008363345;1,030208836;-0,043191155;0,028052914;-0,041251956;0,475699845;-0,522589526;-0,046476624;-0,045438274;0,287925024;-0,043032832;0,158045041;-0,040267585;-0,88251814;-0,399132293;-0,077672314;0,92581106;-0,222004365;-0,045665928;-0,040583753;1,077971759;-0,04450184;-0,048318065;-0,047682141;-0,043861101;0,457842609;1,172398004;0,720411214;-0,04053864;-0,047771895;0,269643349;-0,047143454;-0,047858509;-0,043056795;0,010813401;0,366475131;0,208774228;-0,048659117;-0,143842182;-0,779922569;-0,044138264;-0,404532351;-0,040992821;-0,030939758;1,081737389;-0,00114363;0,013326624;-0,195649444;0,427259829;0,164793536;-0,047306463;-0,894609418;-0,046535054;-0,080100417;-0,043572256;-0,162574915;-0,022089394;-0,046278912;0,256552083;-0,250008857;0,127219071;-0,37140853;-0,564228099;-0,049516119;-0,046757627;-0,044265148;-0,042500057;-0,010185207;0,002061185;-0,465137527;-0,658496658;-0,043079846;-0,016675298;1,127765557;-0,040515827;0,287479971;-0,51163407;-0,895388034;-0,009968174;-0,044633593;0,380318293;-0,04851813;0,089036638;-0,518079651;-0,029838982;0,209935672;-0,267379213;-0,046069466;0,632418999;-0,043868474;-0,566485282;-0,013684322;-0,729427809;0,783716935;0,287179074;-0,18835304;-0,052592486;0,014361371;-0,624521047;-0,047147644;-0,046514704;-0,024135037;-0,045572273;0,709229767;-0,048448344;0,337491716;-0,004190666;0,144279801;-0,043115619;-0,225731645;0,025522496;-0,04265716;-0,173011161;-0,046605642;-0,428162365;0,155979362;-0,017520356;-0,886864996;0,597471431;-0,31518114;0,002345339;0,513172645;-0,221306173;-0,046912258;-0,043939352;0,19696575;0,101937593;-0,396463398;-0,652394214;-0,081393143
-0,099058221;-0,042274069;-0,477497665;-0,221960024;-0,253839609;-0,031978414;0,107889043;-0,561144743;-1,060838326;0,973059327;-0,153117095;0,599184761;-0,038408097;0,070354293;-0,862624015;-0,039324605;0,737355842;-0,20537593;0,032994279;0,118296393;-0,420130985;-0,02684754;0,247248723;0,029986448;-0,047967622;-0,411547589;-1,552978971;-0,706951349;0,086064077;0,003878915;-0,167661668;-0,067922315;-0,33155107;0,234615654;-1,239224123;-0,088332644;-0,04835318;0,007839945;0,126697237;-0,039159172;-0,040411408;-0,045308574;-0,69303915;0,103979169;0,499158509;-0,041073709;0,627926683;-1,133766355;-0,026546475;-0,010993253;-0,287835062;-0,097618792;-0,047731053;-0,262156121;0,548204783;-0,647528566;0,314404995;-0,040681888;-0,024958406;0,13877665;-0,039829568;-0,241188385;-0,528881674;-0,035163667;0,351727229;0,047295965;-0,04969281;-0,044846795;-0,375027263;-0,424049693;-0,403450818;0,418900358;-0,04939656;-0,046390278;-0,145068621;-0,040601537;0,284419106;0,251307303;-0,174104015;0,001034422;-0,039936524;-0,008930101;-0,576348507;0,032719081;-0,038571311;-0,262689755;-0,499809156;0,172731575;-0,518411663;-1,009006101;-0,040338661;-0,541265722;-0,400682525;-0,934835407;-0,044113952;-0,552026082;-0,87457955;0,867649735;-0,010461652;0,200405378;-0,047424958;-0,046290351;0,270419832;0,20558522;-0,043656458;0,261683823;0,439512655;-0,038806103;1,053731277;-0,047844012;-0,042640182;0,539378352;-0,052631377;0,572629397;-0,044306417;-0,047612479;-0,7212357;-0,033987572;0,770506838;-0,028773;-0,161988121;-1,223130267;-1,080409933;-0,04005914;-0,047476277;0,373001568;-0,411110385;0,056761155;0,642610334;-0,007767132;-0,571633022;-0,04355606;0,611070123;-0,059936996;-0,036492655;-0,121684696;-0,043172159;-0,324463932;-0,670830186;-0,041592473;-0,040311558;0,549983326;-0,049324219;-0,341924998;-0,047802921;0,518945739;-0,7224427;-0,047464672;1,601183975;-0,39564259;-0,046531293;-0,041308621;-0,543187166;-0,038495994;-0,039830809;-0,039989163;-0,048055043;0,146466222;0,03897832;-0,081759722;-0,061777557;-0,048322674;0,189676952;-0,045907491;-0,046986707;-0,044260049;-0,21693994;1,340312901;0,621573706;-0,049367442;-0,28262216;0,027767452;-0,043287069;0,184683966;-0,046215122;-0,058599538;-0,478548919;-0,042643026;0,540193388;0,149929483;0,485007111;-0,315276101;-0,039778937;-0,354172421;-0,046928513;-0,498220826;-0,046426414;-0,211175745;-0,996083755;-0,045793901;-0,621961707;-0,015549583;-0,023943974;0,276554948;-0,641937975;-0,047783176;-0,047750304;-0,036953221;-0,043855409;-0,087829646;0,141882343;0,088251091;-0,003442387;-0,041656804;-0,033337218;-0,258406533;-0,046223374;-0,447577832;-0,511519435;0,416654824;0,131198711;-0,043811299;1,088100934;-0,043325594;-0,135949278;0,404160333;0,396064996;-0,6128034;-0,503265073;-0,037779736;0,334862;-0,042698616;0,411129002;0,260490531;-0,082738483;0,31553257;-0,279128696;-0,453902666;-0,046529195;-0,763392641;-0,768180786;-0,049146654;-0,039811528;-0,025984307;-0,046639805;0,39092297;0,208261044;-0,845198048;0,392689084;-0,4672831;-0,046067219;-1,078599961;-0,188471028;-0,042742047;0,094277924;-0,037820122;-0,644270532;1,348424536;0,014607707;-0,447772179;0,544079377;-0,392517587;0,92914297;0,059586167;-0,057358035;-0,046483669;-0,046528159;-0,687560671;-0,129958448;0,229937728;0,700183018;-0,165587224
-0,487817739;-0,089972822;-0,039794026;-0,037876972;-0,081572861;-0,084796903;-0,039092178;-0,041810494;-0,058711187;-0,034710269;-0,048097866;-0,03669162;-0,080636215;-0,033200998;-0,045111961;-0,049970021;-0,062815322;-0,037337911;-0,036649239;-0,036486173;-0,048140997;-0,043574082;-0,070517132;-0,029884708;-0,087685716;-0,029070135;-0,034253022;-0,039024208;-0,043929108;-0,04862322;-0,044845848;-0,029469629;-0,076091232;-0,073386067;-0,048714391;-0,033388774;-0,085948912;-0,075468032;-0,040478436;-0,093240532;-0,088407495;-0,089754693;-0,061031664;-0,050181025;-0,039737216;-0,093424554;-0,040064612;-0,049071203;-0,041772627;-0,077380151;-0,057869669;-0,040336335;-0,094958947;-0,050217468;-0,049785134;-0,040502138;-0,049719296;-0,092999403;-0,061235455;-0,065485352;-0,091673937;-0,052910794;-0,047130713;-0,043754614;-0,066048009;-0,047176118;-0,096224073;-0,087717096;-0,044027828;-0,046309144;-0,047187667;-0,04298177;-0,086194323;-0,091884601;-0,078444003;-0,088599048;-0,046792982;-0,041786955;-0,037189516;-0,051163883;-0,091356908;-0,028375096;-0,042643432;-0,035899895;-0,094192313;-0,064463948;-0,023331681;-0,047431202;-0,065504985;-0,048550438;-0,091745028;-0,060501246;-0,045152622;-0,050902391;-0,094446418;-0,042790159;-0,05459909;-0,042276656;-0,055038477;-0,030464782;-0,087681915;-0,089270912;-0,041054755;-0,068525423;-0,092432076;-0,056923456;-0,057398372;-0,077764578;-0,065185242;-0,094498012;-0,089994214;-0,049683093;-0,038208226;-0,061376488;-0,090596504;-0,044241988;-0,077131939;-0,08961321;-0,045438451;-0,04514877;-0,076613745;-0,059866699;-0,048169022;-0,09027124;-0,090588922;-0,047996619;-0,044831613;-0,039868604;-0,052227371;-0,04864759;-0,040383772;-0,08628219;-0,039245273;-0,040353007;-0,083844381;-0,054448837;-0,086774076;-0,038375748;-0,066618657;-0,086805212;-0,090753338;-0,031546584;-0,088427677;-0,050525368;-0,088442165;-0,044970613;-0,054646475;-0,045634622;-0,040152984;-0,043033666;-0,090229187;-0,094896018;-0,047682225;-0,091577591;-0,094992349;-0,090497543;-0,094412502;-0,052149008;-0,046257962;-0,03785715;-0,050502884;-0,089668742;-0,043943492;-0,086371986;-0,090168539;-0,091170276;-0,066148704;-0,050115572;-0,042729056;-0,088405194;-0,03947564;-0,037491521;-0,093219134;-0,071249064;-0,094574925;-0,081522139;-0,049220267;-0,059046665;-0,058636984;-0,066285748;-0,03748056;-0,058908177;-0,087265268;-0,031516359;-0,090368004;-0,048041506;-0,090355616;-0,068763737;-0,04519316;-0,093166351;-0,049890497;-0,073638298;-0,074086867;-0,053365887;-0,071205043;-0,096964513;-0,093224819;-0,093315641;-0,091172401;-0,041063939;-0,054276531;-0,075136487;-0,070006649;-0,093372006;-0,051845815;-0,038289479;-0,091395081;-0,063024548;-0,049676772;-0,075128891;-0,050101709;-0,089063044;-0,037299033;-0,090588608;-0,055268378;-0,050384947;-0,041303338;-0,046493879;-0,05551333;-0,091766728;-0,042537768;-0,091695506;-0,046134526;-0,043328697;-0,063837746;-0,04541179;-0,04395768;-0,074411901;-0,089135237;-0,053871108;-0,046195061;-0,092590365;-0,094378306;-0,05243743;-0,090196974;-0,035729711;-0,048487522;-0,057657582;-0,061600958;-0,069586793;-0,095569397;-0,062008448;-0,03533188;-0,086525856;-0,050057728;-0,086215333;-0,057826887;-0,044846877;-0,056531401;-0,048497312;-0,063217302;-0,033649773;-0,041038576;-0,036747159;-0,059167333;-0,089758864;-0,096755522;-0,056548462;-0,03849321;-0,047003035;-0,044335972;-0,064529228
-0,55450964;-0,100173084;-0,437177296;-0,118244153;-0,052918296;-0,090916278;0,069432102;-0,037463056;0,142978918;0,351560828;0,831205408;0,288909736;-0,095031398;-0,565962267;0,767736032;0,377911382;0,596129586;0,129853854;-0,211716769;-0,065000117;-0,289666904;-0,062412146;-0,661345464;0,893203489;-0,098270263;-0,302526812;-0,897058023;-0,207095317;0,019936344;0,050126568;-0,095235262;-0,555091442;0,109066817;-0,483661136;-0,136218583;-0,113847326;-0,095131504;-0,39136522;0,97022834;-0,097069705;-0,088488442;-0,099376645;0,5291999;0,062377447;0,910820215;-0,100453253;0,251121667;-0,005361815;-0,038664196;-0,309548167;0,462565806;-0,085338356;-0,093323372;-0,20088253;0,076969237;-0,05520658;0,67455971;-0,100272032;-0,057763876;-0,886664913;-0,095733054;0,22001931;-0,516224337;-0,123186777;0,307005961;-0,271177535;-0,100127253;-0,096374299;0,566371821;-0,429428049;0,888472193;-0,327658981;-0,075734074;-0,100524389;-0,391465213;-0,101175667;-0,191413748;-0,749449673;-0,387680944;0,381314026;-0,094241321;0,195142773;1,073033916;0,074992171;-0,095850201;-0,231195145;-0,322650033;0,559661792;0,3240395;0,432080566;-0,094922642;0,05975987;1,064000642;-0,857367554;-0,098202534;0,100231669;0,077474538;0,206658958;-0,056974643;0,442029117;-0,093199577;-0,09965246;0,019536575;0,0932606;-0,099428394;0,171567985;-0,342695405;-0,077978671;-0,651198768;-0,101229077;-0,098969227;0,546810802;-0,174317422;-0,162246925;-0,101221855;-0,044636886;-0,787183888;-0,099770227;-0,320090081;0,096336767;-0,328895058;-0,524152604;0,337887958;-0,101532843;-0,100809409;0,410088931;-0,23731752;0,952721913;0,278133157;-0,045243552;0,939450062;-0,096062659;-0,249740043;-0,718969236;-0,104259545;0,422038756;-0,097407192;0,213170179;-0,269369162;-0,099215648;-0,095208961;-0,168412121;-0,09649311;0,523427049;-0,099727315;0,251693401;0,329289298;-0,510445942;-0,987175076;-0,747570605;-0,101638;-0,090289223;-0,544056166;-0,096507005;-0,10030034;-0,099151591;-0,096273296;-0,614377174;0,373834262;0,35664673;-0,062042623;-0,099663972;0,461517894;-0,095505396;-0,093819321;-0,092111546;-0,013067258;-1,184446755;0,117516369;-0,098712001;0,075165035;-0,935511143;-0,098532105;-0,107304635;-0,100124267;-0,077201802;0,692599203;-0,062711413;-0,247455885;-0,178054622;-0,385749184;-1,249397662;-0,098602481;0,386103917;-0,093578872;-0,781883204;-0,099038587;-0,070970365;-0,069855336;-0,096777796;0,136517882;0,038821138;-0,01285928;-1,261120209;-0,210503782;-0,101210428;-0,100784634;-0,093802576;-0,101286637;-0,218148202;-0,028817558;-0,621024385;-0,155829854;-0,097872311;-0,117500722;-0,34336033;-0,09340134;-0,698238437;-0,970491243;0,203238237;0,066815975;-0,096475401;0,762548923;-0,095441839;-0,030016524;1,049368402;-0,189739488;0,391227307;0,251256312;-0,092858587;-0,021382033;-0,091516184;-0,717699507;0,565246886;0,028471975;-0,075178265;-0,128298929;0,029201285;-0,100387686;-0,556568029;0,641237799;-0,095024417;-0,096803323;-0,057605792;-0,101591782;0,64744118;0,095193602;-0,607389425;0,015109723;-0,238649741;-0,098126304;-0,988847268;-0,151656881;-0,093312552;-0,058224969;-0,098988531;-0,597158905;0,659234883;-0,062615972;0,84417351;0,503586046;-0,124233897;-0,148853065;0,181355733;-0,188346198;-0,102429004;-0,100687171;0,064220073;-0,413448272;-1,430324181;0,072172317;0,557853732
-0,446320141;-0,106565878;0,92812014;0,387034041;-0,277329796;-0,094685458;-0,314235733;0,437766587;-0,636707704;-0,326553383;-0,771417897;0,430692738;-0,097734558;0,093689698;-0,09609584;0,138989658;0,199878554;0,233513567;-1,147406115;-0,784033879;-0,856148259;-0,051367822;-0,080702743;-0,458615374;-0,106396906;-0,256676843;-0,252390322;0,109795495;0,086774327;0,146168643;0,774178975;-0,36038339;-0,503553561;0,07624359;0,009522424;0,028026215;-0,113852216;0,077783386;-0,27850821;-0,105186775;-0,109136485;-0,11084754;0,229198654;0,026412198;0,450153543;-0,11333355;-0,441178211;-0,95584841;-0,060081639;-0,109399345;-0,424495867;0,046842052;-0,106628064;0,104364826;-0,679071112;-0,268348745;0,231055259;-0,107919391;-0,082587352;-0,067420548;-0,106761353;-0,407029363;0,288343184;-0,000102929;-0,859696337;0,048357354;-0,103853554;-0,105626214;-0,532785709;-0,348881287;-0,111460382;-0,568485717;-0,107682468;-0,106002061;-0,179943187;-0,105469667;-0,474445042;-0,402678629;-0,108680744;-0,380997713;-0,110191645;-0,228085876;-0,731751133;-0,052123345;-0,107789102;-0,043079369;0,79593142;0,284330016;0,124089516;0,485400772;-0,10725848;-0,215780992;-0,277565985;-0,577667103;-0,109030522;-0,752025349;-0,631739382;0,960790683;-0,075006672;0,644445918;-0,105720026;-0,111694197;0,004328184;-0,315106079;-0,111940528;0,319979719;-0,342465313;-0,103668109;0,334353804;-0,112381536;-0,11293067;-0,458256762;0,335117385;0,452585624;-0,105016818;-0,002461727;-0,025536647;-0,094176843;0,356149601;0,10286991;-0,385439486;-0,283954531;-0,584666776;-0,105950388;-0,112494134;-0,116860268;-0,352648638;0,497796114;-0,688730818;0,25124706;0,56850916;-0,11056871;0,498868183;0,277900065;-0,105431071;-0,185927883;-0,107925201;-0,146042398;0,300283883;-0,109686666;-0,10405237;-0,132218546;-0,107631224;0,290613901;-0,103606724;-0,630269872;-0,656038802;-0,356721215;-0,289696112;1,243779105;-0,104800606;-0,111909141;0,444742366;-0,109941059;-0,111440908;-0,109064784;-0,109586785;0,230690213;0,578385018;0,155036575;-0,041058424;-0,104986037;0,238631009;-0,110897164;-0,113142885;-0,112532805;-0,204393876;-0,307934404;-0,807021829;-0,111265195;0,130395781;0,516015461;-0,107760946;-0,241511763;-0,112002425;-0,093880818;0,003377857;-0,083938884;0,853003451;-0,082469013;0,69332385;0,964801022;-0,112178916;-0,42269003;-0,10620664;0,233808789;-0,114097288;-0,064706297;0,209145496;-0,093509379;0,12953848;-0,444381375;-0,493266102;0,172576496;-0,155925116;-0,112025148;-0,103726014;-0,111786212;-0,109291748;0,05265361;0,026887737;-0,617437914;-0,051850388;-0,108561566;-1,042263439;-0,383584409;-0,10605503;0,149380267;-0,41204578;0,241894693;0,717373607;-0,112900996;0,801101161;-0,111632508;-0,336776553;0,436621439;0,541396959;-0,136028681;0,271035405;-0,105995049;-0,707752892;-0,109497146;-0,546053323;0,075926931;-0,207075491;0,412462656;-0,702226364;0,100244532;-0,103141285;0,470429789;-0,207547586;-0,106970273;-0,10579206;-0,073085642;-0,109814238;0,613109874;0,004506394;-0,075303271;-0,928197331;-0,053274222;-0,110981053;0,244728823;-0,285781229;-0,113158508;-0,456951501;-0,113003345;-0,566932025;-0,186690999;0,019119018;0,892009304;0,099911424;0,060875776;0,364722854;0,729199272;0,189462592;-0,104763767;-0,112393851;-0,374997748;-0,365843624;0,408633954;0,38907946;0,014260519
-0,371615465;-0,104443741;0,415518959;-0,191615861;-0,328367747;-0,093916131;0,09661998;0,526178454;0,171008797;0,164037134;-0,240399379;-0,035254652;-0,083702141;0,451434057;-0,500285256;0,460737729;0,947230633;-0,17211867;0,525096921;0,398194124;0,340755722;-0,051838269;0,125595814;0,914220241;-0,100149578;0,078990442;-0,278953562;-0,317579775;0,016032535;-0,291840828;0,448579039;-0,252039048;-0,163163546;-1,0248143;0,286771827;-0,067226393;-0,097749899;-0,172914899;-0,464977496;-0,102569641;-0,103418777;-0,103490623;-0,22351828;-0,065526548;0,391526863;-0,1013636;0,198358851;0,564336014;-0,042981826;-0,170336411;0,349015441;0,038992188;-0,101949343;0,346852349;-0,433855546;0,653496941;0,480440408;-0,101358694;-0,073078129;0,012493385;-0,098035768;0,63936131;0,293784831;0,185702233;0,360743871;0,082723154;-0,103700895;-0,098407224;0,266887712;0,358455834;-0,355942781;0,550488917;-0,09044276;-0,101299677;-0,075678771;-0,100564049;-0,447105916;-0,678857289;0,426713422;0,376460493;-0,098829983;0,06729611;-0,261919377;-0,244815881;-0,101969923;0,270147551;-0,526752294;-0,16923182;-0,878620014;-0,336613603;-0,102525387;0,159628583;0,445974011;0,313357279;-0,097899394;-0,458966196;0,117104911;0,067539727;-0,049644946;0,628597104;-0,103901392;-0,094193895;-0,502205205;-0,679650795;-0,09880199;0,312855734;-0,022404247;-0,086929465;-0,180842624;-0,103153233;-0,099007742;-0,560710313;0,379229007;0,19605438;-0,098367159;-0,15641484;-0,255968535;-0,092766616;0,497151984;-0,18466989;-0,265512631;-0,286923801;0,084835771;-0,094027573;-0,104416892;-0,970650656;0,149206624;0,354728028;-0,205598945;0,33343816;0,854166867;-0,099612013;-0,431057762;-0,072371628;-0,103532924;0,591534657;-0,102818465;-0,354246685;0,254062858;-0,101381022;-0,104445444;0,941247861;-0,097264676;-0,75287499;-0,099239669;0,669891096;0,281571179;-0,593419522;-0,120796678;0,38432407;-0,099139907;-0,094842284;0,449434428;-0,100879721;-0,100959869;-0,102217018;-0,100159173;-0,369136862;0,410031425;-0,36228427;-0,079002487;-0,10451751;-0,579488814;-0,106034077;-0,094328225;-0,096012442;-0,146236708;-0,331299218;-0,562669901;-0,096532568;-0,40613709;0,642504163;-0,099555717;-0,254220078;-0,101424975;-0,082413601;-0,484798304;-0,06314937;-0,57590317;-0,02063536;-0,519033004;0,058287855;-0,100226623;-0,379306309;-0,102351939;-0,485448295;-0,095134912;0,047502711;-1,237357714;-0,094626538;-1,033747637;0,018612047;0,088032958;-0,410239168;-0,666839434;-0,105258583;-0,099103683;-0,088102613;-0,099162585;-0,191760185;-0,033518147;-0,087778892;-0,143838464;-0,095535691;-0,086393127;0,452216611;-0,097387827;0,080262558;0,617763697;0,227108565;0,319509031;-0,100231801;-0,370937426;-0,101960555;0,042053312;-0,432805343;-0,834212585;-0,551396269;0,114234274;-0,100354334;-0,139834903;-0,094021098;-0,558294087;-0,11122163;-0,527009688;-0,500032275;0,403921694;0,198055804;-0,094121502;0,078496032;-0,22825429;-0,099812737;-0,100816186;-0,060278523;-0,100325956;-0,687694564;0,005408013;-0,19920988;0,160107021;-0,404701646;-0,097519332;-0,289125958;-0,010636343;-0,097358931;-0,505598217;-0,104071663;0,720682212;0,635361677;-0,149905038;-0,854068789;0,15902084;0,23140308;-0,472686186;-0,613488963;-0,526728988;-0,098674181;-0,102213516;0,293846941;0,227054646;-0,549001124;-0,185490087;-1,027536187
-0,351679112;-0,068905619;0,552165477;-0,300040417;-0,452233684;-0,066548349;-1,161760499;-0,805150706;0,157022236;-0,66674231;-0,455329451;-0,488297527;-0,053993113;-0,18147315;-0,519605184;0,215771921;-0,708726978;0,037828247;0,220462217;-0,519900438;0,289790566;-0,037576809;0,115241122;0,315218958;-0,066254286;-0,559558278;-0,299397126;-0,860659275;0,059666174;-0,308206479;0,528193851;-0,514501616;0,135157324;0,159692033;-0,601730793;-0,05741728;-0,068153972;-0,274596186;0,588965073;-0,067078189;-0,069761908;-0,064302275;-0,227398704;0,037105087;0,297865291;-0,069793192;0,561160371;-0,820013291;-0,019641209;-0,24451401;0,362162567;0,05758638;-0,064990381;0,67822168;-0,457454818;-0,102991012;-0,838968615;-0,066479819;-0,048233371;0,363789454;-0,067358352;0,187668599;-0,710007814;0,141625974;0,251538375;-0,064601018;-0,071774084;-0,064337344;-0,252082806;-0,100364789;-0,547546791;-0,298618009;-0,068434112;-0,063788901;0,098854943;-0,06613365;-0,43160565;0,658862493;0,283406465;0,30095087;-0,068769315;0,029568015;0,421191767;-0,207152138;-0,063428896;-0,257793868;-0,01951448;-0,390604807;0,22191992;-0,112286919;-0,066434935;0,387520022;0,886889253;0,368514987;-0,069877124;-0,197489262;0,266380645;-0,374604652;-0,022681552;-0,950985529;-0,069401433;-0,06416146;-1,120345419;0,333736405;-0,069624905;-0,164621923;0,183354094;-0,061579422;0,33324741;-0,062524135;-0,070417402;-0,534367639;0,485407934;-0,65122324;-0,067696194;-0,066025041;0,164190521;-0,061535297;0,633279607;0,023233837;-0,42012463;0,223452317;0,100373233;-0,058180419;-0,061652817;0,714825796;0,040833458;0,368090557;-0,511956573;0,173014577;-1,445121193;-0,071083746;-0,679464917;-0,130424833;-0,069349253;0,328633668;-0,06746839;-0,952891546;-0,035229147;-0,063688522;-0,068743166;-0,591126612;-0,061157305;0,533920768;-0,071827292;-0,756808704;0,435010181;0,608452446;-0,191124048;0,351815785;-0,062176735;-0,070381639;0,799819978;-0,071501331;-0,068341044;-0,066827383;-0,062516925;-0,11643068;0,266388516;-0,499228289;-0,069209943;-0,06507295;-0,468676745;-0,070691334;-0,061182225;-0,061840308;0,007187726;-0,823371051;-0,730486531;-0,069518509;-0,045742244;-1,218420765;-0,069015782;0,025718365;-0,069270087;-0,051319701;-0,256168675;-0,05503037;-1,028861525;0,198759679;-0,605364348;-0,472553581;-0,063101845;-0,27034913;-0,067101539;-0,030488814;-0,069599585;-0,282542471;1,184110692;-0,078003169;0,608738931;-0,247304245;0,088797878;-0,397111255;-0,010247503;-0,065263931;-0,070811101;-0,065749901;-0,067953526;-0,09372435;0,09352163;-0,158897024;0,137092558;-0,068818054;-0,411572086;0,48156566;-0,070043968;-0,031980651;-0,574895168;-0,069221973;0,339234478;-0,071053093;-0,660242792;-0,066046885;0,004221802;0,293000025;0,472362239;-0,392155883;-0,260150371;-0,072633148;-0,046114386;-0,066085405;-0,562807622;0,323470041;-0,780976204;-0,480799031;0,014667391;0,236537453;-0,062769073;0,28912914;0,229949312;-0,06438401;-0,067567646;-0,039516942;-0,067863112;-1,010696258;-0,010566946;0,587502536;-0,240080356;-0,124267634;-0,063183434;-0,358326071;-0,040266266;-0,06959841;-0,481234677;-0,068318061;-0,407299746;-0,812944168;-0,085359114;0,693928752;0,286187881;-0,069587135;-0,732675535;-0,426056733;0,418136875;-0,069872819;-0,064660675;0,492680529;0,412034171;-0,354799781;-0,541007815;0,958600631
-0,361400323;-0,087742578;0,733477297;-0,164986571;0,080279076;-0,085827605;-0,506728959;0,555640124;0,102756012;-0,0869422;0,736270054;0,620733279;-0,078699891;-0,255474171;0,2249344;0,20657567;0,198979245;0,125981987;-0,525605657;0,206017367;-0,759485815;-0,05715736;0,314269286;-0,887028769;-0,088149764;-0,325521212;-0,094360972;-0,584636713;0,028155731;-0,062261457;-1,313078061;0,439150992;-0,123292155;-0,436841853;-0,283901906;-0,0829749;-0,084580044;0,214543478;-0,159253407;-0,088113671;-0,085533421;-0,092563623;-0,718979309;0,193378529;-0,280073181;-0,087476467;-0,580110223;0,221505831;-0,037863945;-0,090501562;-0,56816126;-0,183428686;-0,085254262;0,921698592;-0,0970669;0,285403974;0,5776784;-0,083954716;-0,057437432;0,251821075;-0,083967441;0,39571335;0,213721605;-0,233214009;0,078023612;-0,161189811;-0,0934742;-0,09306752;0,567268144;-0,691924389;-0,530816936;-1,053956176;-0,088143987;-0,090809184;-0,235314599;-0,086414064;-0,305904263;-0,325501616;0,155511509;0,044614188;-0,0835092;-0,371607582;-0,510974648;0,124854385;-0,083771103;-0,052988088;1,048986324;0,135944118;0,430240286;0,448883341;-0,085371801;-0,205187731;-0,29311743;-0,137574138;-0,084674043;0,266438717;0,370077344;0,578388895;-0,020293276;-0,354988572;-0,091304669;-0,084444429;-0,238349892;0,063539509;-0,089232043;-0,807819275;-0,181639723;-0,075553913;0,674196637;-0,083994287;-0,083723748;-0,714476736;-0,114511971;0,033006246;-0,093099752;-0,106622043;-0,268070307;-0,090961058;0,13293678;-0,016393722;-0,144590495;-0,53671939;-0,771631435;-0,083288929;-0,086870257;-0,637686339;-0,210778509;-0,213361271;-0,289388278;-0,217788278;0,272091893;-0,08568027;0,028138136;0,965047462;-0,086137831;0,263125736;-0,086705523;0,377831231;-1,092161267;-0,084558329;-0,089773722;0,243893688;-0,082340635;0,629826517;-0,090485052;-1,283974013;0,813061784;0,140763121;-0,6959263;-0,328690608;-0,0856542;-0,087049731;0,177021275;-0,088501187;-0,083577935;-0,089543105;-0,082766257;0,318008992;-0,540369848;0,506155372;-0,068729305;-0,085949151;0,429044726;-0,093508097;-0,08952654;-0,082533841;-0,172490572;-0,504585191;0,781343321;-0,09201158;0,086241205;0,551300005;-0,085969815;-0,017910141;-0,089852827;-0,072214026;0,312976045;-0,043141287;-0,050594217;-0,059395432;-0,332012199;-0,932316184;-0,090291156;0,991813514;-0,089053465;-0,422165614;-0,087754219;0,169466851;-0,76780868;-0,082326385;0,207694981;-0,060953771;0,074441365;0,001243788;0,039455063;-0,092922971;-0,085582992;-0,086408741;-0,085282468;-0,307027586;0,052624098;-0,5116745;-0,189400132;-0,087157508;0,116387536;-0,466875557;-0,084456789;-0,395678408;0,285422354;0,055469717;0,414992363;-0,086572719;1,003396757;-0,08765528;-0,288692002;-0,505443322;0,331520444;0,723803121;-0,623410485;-0,088498406;0,664121192;-0,0850933;-0,42634179;0,144185949;-0,062003413;0,170819749;-0,288320783;-0,540825604;-0,086313781;-0,711996902;-0,967823498;-0,091788985;-0,092456786;-0,050802732;-0,085209468;0,669770342;0,0841785;-0,17626467;-0,30653918;-0,451516513;-0,088611569;0,268392281;-0,234495585;-0,092505166;0,33936123;-0,092464906;0,072033243;0,224731362;-0,001431875;-0,96787728;0,379378477;-0,317364895;-0,031371537;-0,004961462;-0,195049;-0,093096847;-0,090307227;-0,933282366;0,268987207;0,072997834;0,024025027;-0,688099974
-0,541595457;-0,101393181;0,863354852;-0,494184185;-0,345936328;-0,093472865;0,278425436;-0,481309086;-1,020311699;-0,623842995;-0,416216618;-0,153932821;-0,088032943;0,183099701;0,741085795;0,200132517;-0,5700216;-0,191594567;-0,229085836;-0,258028478;-0,083283948;-0,043329853;0,036235764;-0,230933112;-0,094765447;-0,356257837;-0,555940881;-0,569286658;0,082638759;-0,18552915;-0,44406159;0,855572257;-0,10856222;0,025077012;0,137613607;-0,048614061;-0,100544624;-0,158501937;0,818178548;-0,09843624;-0,102411971;-0,093442321;-0,620622131;-0,06218369;0,188444929;-0,101887788;0,70518457;0,479507497;-0,054901431;-0,267053155;0,26734442;0,070883012;-0,096634186;-0,55487357;0,146943888;0,221078708;-0,347139331;-0,092652785;-0,054722922;0,001960709;-0,100047001;0,456064659;-0,545706084;0,206907441;0,184388332;0,03605818;-0,100672822;-0,096358734;-0,156058968;-0,971387357;-0,366124952;-0,460097683;-0,095739866;-0,093209814;-0,211205015;-0,095599463;0,522896872;0,356606843;-0,227277506;0,258216806;-0,100097649;-0,11251922;-0,333291546;-0,272389352;-0,095545956;-0,180555822;0,402703042;-0,798048991;0,203406965;-0,609865063;-0,092619703;0,153328838;-0,940238721;0,588067446;-0,102222544;-0,231958446;-0,533171477;-0,574634442;-0,040403464;0,672336288;-0,101594551;-0,091822146;0,786633351;-0,131941784;-0,096741586;0,430331734;0,061823461;-0,084779218;-0,048193177;-0,095751292;-0,09880749;0,728610281;0,402475052;-0,640278408;-0,10133567;0,02160337;-1,001035339;-0,096154016;0,411510428;-0,211552778;-0,097600948;0,077734691;-0,19132576;-0,096469074;-0,094845922;0,258439799;0,043988514;-0,46061271;0,171246458;-0,251117606;1,065354369;-0,097656696;0,112687368;-0,329724042;-0,089913277;0,063888377;-0,096386668;-0,531377325;0,062138197;-0,094484284;-0,092348684;0,672347251;-0,097260944;0,057952096;-0,093178591;-0,02038839;0,081508306;0,766002566;-0,317073766;0,649924572;-0,097276172;-0,094099169;-1,06479491;-0,092753639;-0,092264974;-0,097251092;-0,099930709;-0,058140977;-0,03740229;-0,35421998;-0,058207729;-0,10193515;-0,474654437;-0,099901273;-0,091591918;-0,094827227;0,045388452;-0,760036573;0,819186219;-0,097856596;-0,134325574;-0,571317625;-0,098335759;0,01878527;-0,097246165;-0,086455083;0,340445984;-0,117830491;0,335829992;-0,077963043;-0,333761521;0,198230218;-0,096369166;-0,090543087;-0,099070587;0,231585173;-0,099119305;-0,393275691;0,721688572;-0,103117541;0,217908362;-0,260810632;-0,122041609;-0,444141455;0,108690966;-0,095880251;-0,101779793;-0,094915571;-0,096366206;-0,139691031;0,101398089;-0,075415568;0,082437141;-0,100311755;-0,496274486;-0,398616819;-0,102074919;-0,576387811;-0,347091992;0,257512899;0,14830722;-0,095736093;-0,18923615;-0,092378299;-0,084248778;0,370165878;0,448187937;-0,446819576;0,130390991;-0,101220869;-0,542232694;-0,09138626;-0,460037328;-0,407665282;-0,047877613;-0,482320495;0,445548063;0,109263668;-0,094026226;-0,413333295;0,032777309;-0,100964424;-0,099135034;-0,055413962;-0,094003126;0,899221933;0,157270614;-0,069896554;0,191926067;0,007090529;-0,101583815;0,302618843;-0,120489809;-0,092755511;-0,637755585;-0,1015203;-0,700649153;-0,583971817;-0,038734277;0,661233495;0,127912329;-0,077266833;0,432153549;0,564793333;-0,554081992;-0,09801326;-0,097292344;0,220700096;-1,04133592;0,672145026;-0,41451253;0,326449614
-0,469631599;-0,081187539;0,289811302;-0,297328531;-0,414038183;-0,085461994;0,345722243;-0,76390451;0,09935719;-0,263250232;0,557685023;-0,210747718;-0,065168564;0,635058014;-0,586891368;0,442927262;-0,814135771;-0,414237168;0,061987762;0,787670561;-0,442108335;-0,03593671;0,08116062;-0,412786963;-0,072407956;0,252507471;-0,200052456;-0,598355659;-0,009102343;-0,13844593;-0,413620373;0,787030377;-0,277309215;-0,148684921;0,468845767;-0,046482126;-0,080713738;-0,107033259;-0,059025992;-0,070868168;-0,083625511;-0,075062646;-0,396969523;-0,364372682;-0,834450657;-0,074518223;0,913229048;0,304481242;-0,046241459;-0,186938503;-0,842793492;0,052081758;-0,077219829;-0,722952329;-0,126695039;0,678876949;-0,439273905;-0,079971288;-0,045457421;0,109589145;-0,071529755;-0,998271483;0,753440642;0,06970821;-0,210712391;0,14459671;-0,071181714;-0,077649294;-0,32925639;-0,389558238;-0,686158337;0,684832835;-0,076925506;-0,071432745;0,087067883;-0,074742963;0,680830167;0,943938067;-0,443382052;0,637902184;-0,079108613;0,000441397;-0,31091333;-0,174185023;-0,073470373;0,17896858;-0,539539353;-0,564202235;-0,613810829;0,086483834;-0,074948523;-0,45480707;0,166906687;0,607811178;-0,072604012;0,158355425;0,539779331;-0,0659424;-0,06955378;-0,41449057;-0,079678646;-0,073006121;-0,193231808;-0,630642137;-0,079752567;0,639638682;0,048226785;-0,071758032;-0,0733649;-0,07338202;-0,078335896;0,155805311;-0,428484633;0,637009246;-0,071458622;0,057911272;-0,1453852;-0,071101652;0,263492728;-0,12433138;-0,457012067;-0,277681622;-0,739400663;-0,076150994;-0,077104901;-0,016516276;0,068069224;-0,508021432;0,919336319;-0,381160538;0,546296803;-0,072668123;-0,140571738;-0,139967037;-0,054397394;0,182456689;-0,077045415;0,259695993;-0,311861575;-0,079429453;-0,077389884;-0,407330264;-0,079200113;0,246118667;-0,081925342;-0,2372686;0,189683601;-0,455369991;0,021846379;0,362152643;-0,071809639;-0,07738082;0,676904797;-0,074552579;-0,074508077;-0,082172645;-0,071902706;0,022656889;-0,574880433;-0,507991736;-0,015294156;-0,073229185;0,441577135;-0,072908635;-0,077979404;-0,077125863;-0,081652592;-0,014667561;-0,025867009;-0,07736573;-0,112881979;0,282392034;-0,073012757;-0,150418206;-0,072647104;-0,05560106;0,382265086;-0,051882172;0,077648666;-0,090644256;-0,931746223;-0,018894689;-0,07368227;-0,892361328;-0,071383028;0,267790373;-0,070966191;-0,166862046;0,495577148;-0,071529275;-0,873327251;0,147765112;0,055078264;-0,967984589;-0,64903011;-0,072434708;-0,073906183;-0,078855356;-0,078076971;0,049411603;0,120083645;-0,261295927;-0,059455183;-0,072656807;0,18434066;-0,775330165;-0,076539642;0,159020039;0,574760375;0,251198678;0,223727976;-0,070231364;-0,588364647;-0,078082681;-0,100311954;-0,430150015;-0,485883797;-0,113279931;0,210652192;-0,076022076;-0,140021403;-0,072324186;-0,729785611;0,286910944;0,020406519;-0,379072349;-0,063936402;0,483682072;-0,077356203;0,150728927;-0,320493974;-0,076747176;-0,074298627;-0,05459982;-0,070789305;0,28065767;0,014216752;-0,388155783;0,313293891;-0,276584962;-0,080048407;0,249598844;-0,145300721;-0,072143959;-0,002364138;-0,074826684;0,323165465;0,227638345;-0,006382299;-0,31017328;-0,153771772;-0,173855585;-0,049621128;-0,264717606;-0,671334825;-0,079959092;-0,079400356;0,346531185;0,231732121;0,601643859;-0,446685461;-0,964937375
