-0,06103469;-1,280152832;-0,002316791;-0,03975271;-0,046048149;-0,056478559;0,031204219;0,471306799;-1,766120453;-0,034733838;-0,027834438;0,116378107;-0,048706454;-0,041936149;-0,026814808;1,611251851;-0,05688835;-0,061502733;-0,531013223;-0,0395327;-0,028886796;-0,049684571;-0,418947319;1,30768895;-0,471218697;-0,210120469;-0,732951999;-0,020630355;-0,057313993;-0,044739964;-0,030990172;-0,310547774;-0,024889613;-0,626904317;1,497417399;-0,027492423;-1,4033669;-0,026920698;-0,056193171;-0,047770073;0,087428747;-0,637061145;0,347842714;-0,04217194;-0,034296568;-0,059182057;-0,024576552;-1,557470437;0,269378176;-0,398905125;-0,76451363;0,396892781;-0,008639665;-0,067171674;-0,042824783;-0,046213017;-0,101099206;-0,771823176;0,988786294;1,363135437;0,033975608;-0,032067289;-0,363896818;-0,047493172;-0,024375708;-0,046828018;-0,048491855;0,014224313;-0,057553936;1,242359286;-0,015413126;-0,788175411;-0,002633665;0,158692447;-0,040948825;-0,045238303;0,094480007;-0,002595196;-0,050953582;-0,038742503;-0,044680406;-0,027439234;0,021526164;-0,037183381;-0,041185593;-0,037109802;-0,318598575;-1,154615495;-0,027765167;-0,139700088;-0,062774588;-1,432465712;-0,004840526;-1,01783222;1,323331839;-0,046046925;-0,050160575;-0,673490516;-0,030249376;-0,054037791;-0,015395791;-0,052031806;-0,982286425;0,156756471;-0,035278945;-0,046198464;0,111150061;0,024215411;2,253967288;-1,294694311;-0,031543489;0,505425336;1,382906403;-0,036560279;-1,754494664;-0,000851342;-0,3438016;-0,028895837;-0,312407008;2,047657482;-0,03080541;-0,041395418;-0,044722641;2,149951709;0,163741613;-0,053069944;-0,045871939;-0,056744901;-0,996222263;0,191260263;-0,017031279;-0,039104215;-0,052549991;1,94634141;0,006519057;-0,013935583;-0,033015226;0,029022796;-0,021050614;-0,006917242;-0,038090777;-0,04590167;-0,045195954;-0,060794299;-0,197104503;-1,166731338;-1,671410918;0,169640755;-1,644962187;-0,169962632;-0,045775973;-0,037775373;-0,002750898;-0,01961732;-0,01029952;-0,063354484;-0,910100037;0,846306429;-0,053746507;-0,008575249;-0,034866768;-0,026525818;-0,025254894;-0,032047274;0,83259299;-0,049832346;-0,788787113;-0,036314646;-0,040192629;-1,02703239;1,697910226;-0,361880442;-0,59883016;-0,578765096;-0,057174807;-1,473157569;-0,232851762;-0,001783764;0,355652205;-1,075763937;-0,453862618;-0,175172735;-0,829914587;0,369720179;-0,008874193;0,008963589;-0,055540308;-0,042269781;-0,823374673;-0,027395767;-0,040516599;-0,017357254;-1,006032922;0,187324528;-1,221297684;-0,028434739;-0,01757475;-1,239110106;-1,190206132;0,005646668;-0,026439426;1,543415255;-0,041262389;-0,047846935;-0,025407759;-0,031031892;-0,913298061;-0,05412744;-1,31303293;0,000638895;-0,007354271;0,760695948;-0,032465336;-0,027857701;-0,02586623;0,006216943;-0,040346076;-0,034169939;0,056271688;-0,045718819;-0,054945201;-0,044037214;-0,03211068;1,020665991;-0,043378696;0,496685079;0,515857623;-0,04407167;-0,01414169;1,540589646;-0,099160152;-0,065385051;-0,018154845;-0,642701509;-0,041871989;-0,060001546;-0,05355762;-0,030669053;-0,047387897;-0,053844552;-0,027006391;0,145121415;-0,052682316;-0,041358657;0,819852536;-1,494744509;-0,033973519;-0,027765762;-0,021247811;-0,046565764;1,330744148;0,411279708;0,515367229;-0,032382649;-0,718086082;-0,040185155;0,399220519;-0,037867734;0,01644538;-0,049949361;-0,52059343;-1,979950998;-0,03092915;-1,388702836;-0,048549039;1,071472319;-0,041287739;0,066686624;-0,047880844;-0,061913828;-0,020495591;0,020258212;-0,023026604;-0,039007538;-0,048655067;0,008397635;0,004027714;1,511025464;-0,050445914;-0,113188259;-0,051036082
-0,235778707;1,092294217;-0,015577987;-0,096182541;-0,095753342;-0,087121413;-0,244507168;-0,558710708;-0,023419771;-0,074909072;-0,036705372;-0,340701317;-0,06353084;-0,063386372;-0,065538519;1,595185229;-0,06496252;-0,066207453;0,056602083;-0,052493542;-0,005138122;-0,070778638;0,298516666;2,253519293;-1,07001143;-1,742059599;-1,21362156;-0,050730091;-0,09260316;-0,061587011;-0,080330298;-0,007645041;-0,079243658;0,548664963;-1,291239253;-0,064227454;-0,791880979;-0,08410833;-0,023578359;-0,098828267;-0,176996067;0,209898047;0,315547815;-0,075472;-0,018849159;-0,095910653;-0,083404064;1,865312753;-1,727891003;-0,291520494;-1,182262423;-0,9050896;-0,00614979;-0,057580045;-0,09079768;-0,089277575;-0,055272965;0,554950321;2,665336031;-2,162172983;0,141412955;-0,080218672;-0,285483817;-0,087073583;-0,066818203;-0,08210838;-0,080699772;-0,034455704;0,070435404;0,524349183;-0,040125236;-0,539307649;0,012330033;-1,286835182;-0,093807683;-0,093004471;0,232362666;-0,018481329;-0,06683428;-0,100786203;-0,088591918;-0,06476577;0,012289105;-0,082521209;-0,043520422;-0,088644665;0,976792485;-0,228571949;-0,065700264;-3,441966206;-0,066585127;-0,532525877;-0,027507977;0,365670954;1,015198238;-0,057612217;-0,074858842;2,362277958;-0,065151957;-0,074190939;-0,004059674;-0,073823231;-0,170415603;-0,056785934;-0,077279918;-0,061828177;-0,044612782;-0,00171682;-0,608047592;0,884698918;-0,06643038;2,444265818;0,157183365;-0,081031867;1,170293848;-0,081832464;-0,882405025;-0,092032432;2,097085159;0,166153902;-0,037253594;-0,083697447;-0,074193231;-0,955364208;-1,452371602;-0,092681643;-0,057771758;-0,068318343;-1,162087801;0,557654905;-0,003177004;-0,090337659;-0,07378208;0,669998951;0,002704956;-0,04708159;-0,078190134;-0,067038562;-0,050520468;-0,025828909;-0,061764932;-0,083162025;-0,082725648;-0,07581545;-0,706009599;0,533636403;0,873919907;0,405025941;0,415308223;0,158197891;-0,079272546;-0,069234744;-0,008696196;-0,068128075;0,002371782;-0,072767763;-0,045310277;0,236424358;-0,082684097;0,007374488;-0,083517157;-0,082498506;-0,082946172;-0,088627395;-0,678643188;-0,067409642;-0,651664416;-0,086819048;-0,09042753;-0,000604636;-1,491307699;-0,977843583;0,85174399;-0,595944822;-0,096189402;1,054764132;-0,788663783;0,031547662;-0,304543204;0,509922063;3,275610615;0,707237438;-0,43746023;-1,237402848;-0,076510375;0,010293056;-0,075755816;-0,06047513;-0,193770673;-0,069918972;-0,073615017;-0,318274584;0,261954989;2,477627853;-1,064588758;-0,088117013;-0,055784662;-0,943179202;-0,858705313;-0,033983337;-0,086913099;-0,372274652;-0,053895385;-0,065736536;-0,079852962;-0,07890724;0,895448993;-0,097040291;-0,379102575;0,004291179;-0,048397105;0,04439838;-0,072628244;-0,083904706;-0,093786379;-0,024764307;0,464146857;-0,067046291;-0,105115148;-0,068881022;-0,078431122;-0,068001794;-0,086490476;2,524582763;-0,066910749;-1,457939173;0,117714004;-0,082084899;-0,043845938;-1,519283166;0,456956367;-0,051177002;-0,056515729;0,62567106;-0,076923459;-0,08564232;-0,071429589;-0,086212924;-0,061095746;-0,074997676;-0,071551727;-0,903192856;-0,081233257;-0,051072553;-2,32293297;-0,097573575;-0,049445945;-0,078568463;-0,084866859;-0,077868905;-0,232689865;-0,376209088;-2,8581982;-0,069539854;0,542039884;-0,083512485;-0,905149723;-0,097899674;-0,034269049;-0,086376673;-1,214244968;-1,467119724;-0,067938232;0,462004809;-0,08575038;0,568215644;-0,07031096;-0,329462312;-0,095584686;-0,081446767;-0,066743607;-0,332459596;-0,045318969;-0,073660044;-0,093171721;-0,020128331;0,001986028;1,054794153;-0,085456535;1,313484394;-0,063812097
-0,256028707;-0,529257975;-0,009681441;-0,074769958;-0,068169062;-0,097429502;1,147424198;0,315913572;-0,41329562;-0,081343079;-0,0183257;-0,556930161;-0,094927315;-0,080201239;-0,074908563;1,073880918;-0,076357621;-0,078429048;-0,731301248;-0,062516724;-0,003975379;-0,079629938;0,009135697;-0,115181103;-0,123179038;-0,212441603;-0,489675344;-0,053184011;-0,063359212;-0,081927512;-0,095593614;0,156148022;-0,054514324;1,106117627;0,028226784;-0,08793763;1,270438963;-0,0496481;-0,032752317;-0,114884474;0,135014327;0,867967867;1,774178536;-0,087228518;-0,042665167;-0,083747987;-0,066708999;0,61500095;0,046722359;-0,898303354;1,235977437;-0,745669956;-0,001811008;-0,095127249;-0,087338197;-0,082244057;-0,128402843;0,150304106;-0,728591689;-1,174689439;-0,236705066;-0,07610314;-0,825446628;-0,076792277;-0,06119142;-0,087793064;-0,049886518;-0,021030628;-0,002717258;0,593418703;-0,019619523;0,620815473;-0,015306;0,603516143;-0,070432836;-0,062872493;-0,549270359;-0,025020978;-0,079396165;-0,086782243;-0,077699701;-0,080606603;0,081907562;-0,077237319;-0,017503469;-0,057101729;0,528255028;-0,206109762;-0,065566959;-0,407768644;-0,073648323;2,231817393;-0,022407382;0,176586479;-0,866152734;-0,075706462;-0,078453159;-1,032391106;-0,085594472;-0,097109247;-0,035380209;-0,063565506;-0,313334833;-0,32042961;-0,059648934;-0,069253537;0,415030837;-0,010087196;-0,553144591;-0,725270306;-0,057602559;0,00261913;-0,079042491;-0,093952854;-0,755009515;-0,059843111;-0,870198198;-0,08060041;0,301566162;0,759840707;-0,029595693;-0,063114423;-0,06028771;-0,593502658;0,140992469;-0,0809634;-0,049892156;-0,086892019;-0,197949584;-1,011810169;-0,018477532;-0,067046644;-0,082935201;-1,099124436;-0,022299776;-0,043223311;-0,486693184;0,008794909;-0,051147772;-0,028405623;-0,053009275;-0,078141828;-0,063953297;-0,07274306;-1,275319471;0,188946434;-1,425151422;0,020110019;-1,127079768;-0,078069402;-0,088475559;-0,074892923;0,000236804;-0,079534964;0,052664104;-0,064323729;0,447702148;-1,259308312;-0,05681111;-0,007198798;-0,055046339;-0,081786254;-0,086811678;-0,080803398;-0,860195386;-0,055089339;-0,995724044;-0,083594211;-0,062102736;-1,000442217;0,108283074;-3,16713645;-1,088759843;0,601071341;-0,09466067;0,508935455;0,762678556;-0,017942999;0,121590691;1,055538132;-0,392500563;-2,181193906;-0,247775625;0,918391875;0,014104106;0,004103901;-0,061179055;-0,086430121;-0,91713329;-0,053269757;-0,068364611;-0,93791511;1,10796211;0,268899175;-0,723121448;-0,095509721;-0,069846646;0,764089786;0,125333579;0,003213819;-0,0641067;0,919244585;-0,064086817;-0,08704587;-0,075817763;-0,064962353;-0,811471216;-0,08329477;1,631879438;-0,042611625;-0,095696025;-0,121355838;-0,084884324;-0,059738017;-0,075335305;-0,014196391;-0,544259749;-0,055115528;0,064205385;-0,069419456;-0,07061068;-0,087268607;-0,067308735;-0,067980371;-0,055038328;1,563852185;-0,370629242;-0,075615172;-0,042985158;-0,567020218;-0,535839203;-0,026735737;-0,076217359;-0,530172774;-0,080228649;-0,094400161;-0,080267726;-0,075415411;-0,071081337;-0,078322764;-0,066788811;0,008102569;-0,085496337;-0,044418941;0,376779623;0,023652526;-0,051624545;-0,058527533;-0,070992212;-0,071729093;0,45063236;2,382344141;-0,379503316;-0,079042894;0,144412379;-0,07038303;1,153865168;-0,06714845;-0,035906917;-0,071075212;0,543604719;-1,177256153;-0,057868856;-0,359061996;-0,080466469;-0,179568218;-0,071481056;0,872302641;-0,065473566;-0,087722313;-0,045592904;0,567287665;-0,058492847;-0,065576837;-0,068288568;-0,045604267;-0,022493412;-0,491533931;-0,062608019;-0,465655796;-0,051176676
-0,330488677;0,188472758;-0,028767581;-0,073547126;-0,074479613;-0,082524486;-0,579377542;-0,055251018;-0,521723751;-0,090605399;-0,026518437;0,129932387;-0,07183378;-0,064625809;-0,081936093;-0,661803793;-0,094839159;-0,063657916;-0,026307464;-0,073157269;0,026019668;-0,090632207;-0,292271536;-1,339473347;0,022975651;-1,5124394;1,0101606;-0,051254538;-0,094884026;-0,080333852;-0,080883031;0,208491621;-0,079618157;0,589520949;-0,158858058;-0,088167174;0,221889622;-0,088955195;0,034607302;-0,070753646;-0,686906733;-0,730667322;0,726372492;-0,088033068;-0,02195753;-0,094773735;-0,081661335;0,047202802;-1,823705669;0,195945869;0,743227256;-0,455755691;-0,023763148;-0,080242695;-0,061918962;-0,067976448;-0,105418918;-1,314464278;0,737327909;1,603627511;-0,090475647;-0,062416895;-0,840175418;-0,072764668;-0,080094503;-0,074646317;-0,054903259;-0,010187951;-0,211668264;0,702532854;-0,026667212;-0,852216392;0,011752031;1,007141343;-0,093148901;-0,096643159;-0,849958137;-0,020873276;-0,09630744;-0,079462567;-0,073819003;-0,086398929;-0,019006061;-0,065406134;-0,015284442;-0,075747407;0,800029695;-0,050245553;-0,076248766;0,387332796;-0,070815419;-0,309825855;-0,008803549;-1,008765629;0,523050682;-0,065154485;-0,080139778;1,759047793;-0,070841478;-0,064400679;0,003922383;-0,056704049;0,016215178;0,205904913;-0,083499444;-0,066991484;-0,31658282;0,003991449;-0,961776328;-0,700279487;-0,065389086;1,123569263;1,014018275;-0,078803745;-0,777434634;0,016276268;0,62626343;-0,098732961;0,662906382;1,516352045;-0,045368082;-0,072971811;-0,066734367;0,796271351;-1,116513008;-0,076218231;-0,07444231;-0,091446401;-0,605552961;-0,761050493;-0,019093896;-0,056711625;-0,085359886;0,204109928;0,002826715;-0,060196531;-0,574195181;-0,033614553;-0,054229001;-0,023054467;-0,039165617;-0,082696097;-0,062348994;-0,092924208;2,230659935;1,090029534;-1,054161542;-0,049236453;-0,043707566;-0,077699894;-0,087155115;-0,079443643;-0,005430326;-0,065636248;-0,011153401;-0,084792328;-0,76993101;-0,870173848;-0,057568596;0,000796076;-0,092254483;-0,070400406;-0,062969637;-0,07896134;-0,796695381;-0,056683104;-1,048296246;-0,073142591;-0,084262327;0,660385288;1,974214028;1,228001622;-0,991867227;-0,406747686;-0,074921436;0,503924034;-0,019965288;0,005332368;-0,693140425;0,122740013;-0,628006128;-1,009441908;-0,207688912;-1,24749246;0,001739163;-0,018305335;-0,092451306;-0,087235682;-0,95259735;-0,081696028;-0,087157395;-0,346356476;-0,045449182;0,192924254;-1,081881299;-0,087140983;-0,051640164;-0,458100321;-1,531739978;-0,003031283;-0,092347165;-0,793831419;-0,053394125;-0,090954798;-0,06154973;-0,063571041;0,297678298;-0,065956474;1,505378877;-0,012377752;-0,037616987;-0,700233505;-0,076400066;-0,095181761;-0,082908194;0,00037359;0,559384722;-0,071339657;-0,017927402;-0,078358308;-0,060644685;-0,087600369;-0,075961741;1,306011028;-0,07580952;0,439895773;-0,386397325;-0,057766092;-0,014500907;0,752526203;-0,451214995;-0,02275124;-0,06898784;-0,43034051;-0,082266338;-0,099102418;-0,071315976;-0,061786028;-0,069418154;-0,064736665;-0,06008514;-0,746722598;-0,095299134;-0,046377784;0,671267395;1,426256633;-0,079871509;-0,067002764;-0,07815052;-0,092143025;-0,962072344;-0,067998744;-1,074288165;-0,063018611;1,340469937;-0,093787396;1,953240051;-0,098165342;-0,017561844;-0,064587648;-0,537019996;-1,027202567;-0,083932582;-1,118898255;-0,074025486;0,368013372;-0,061366815;2,075737509;-0,068758695;-0,097306503;-0,089526783;-0,054963889;-0,011373889;-0,062601029;-0,07102063;-0,032942644;-0,033511421;1,043901674;-0,095586646;0,27171125;-0,052794141
-0,101811331;-1,649534863;-0,008257881;-0,068621631;-0,050159827;-0,040993956;-0,015886507;-0,604861898;-0,014787084;-0,054151615;-0,009036126;-1,072276083;-0,062367078;-0,067174162;-0,053912546;0,746973207;-0,054857024;-0,061354249;-1,483756964;-0,057060707;0,003024066;-0,038109029;0,359823552;-0,191429732;-0,036003949;0,690092408;-1,948408532;-0,042921869;-0,065738598;-0,029857065;-0,066997678;-0,061586721;-0,053543398;-0,785310736;-0,80531989;-0,045498444;-0,302443262;-0,055969023;-0,000570056;-0,019439381;0,247391122;0,511822325;-0,609669524;-0,043847448;-0,047354754;-0,044548673;-0,044688608;-1,305623005;-0,1405803;-0,87425084;-0,528621638;-0,274248614;-0,011008119;-0,071156742;-0,050117779;-0,050752612;-0,025630789;-0,222445428;-1,207842243;0,253525618;-0,065118532;-0,050926798;0,15476513;-0,050502925;-0,052518486;-0,046093854;-0,047992917;0,01869787;0,041087215;-1,046607236;-0,016695851;-0,1660324;-0,027742688;0,257051843;-0,06290029;-0,060411961;1,363822702;-0,009104079;-0,061686562;-0,063423992;-0,052411591;-0,045602262;0,019714418;-0,028180465;-0,039747335;-0,042854788;-1,923625071;0,044298201;-0,034701422;1,084161049;-0,048303877;0,170997366;-0,013059216;0,781640254;0,202912732;-0,04148228;-0,054384329;-1,470105447;-0,036302307;-0,057592259;-0,009491923;-0,049953473;0,499168138;0,098803019;-0,058270561;-0,052968798;-0,081514561;-0,011425467;-0,950625471;1,711491644;-0,04788092;1,508007954;-0,230761699;-0,053873528;0,288186437;-0,091876087;-1,250093591;-0,059489251;-0,501622588;-0,728356967;-0,047663545;-0,065534013;-0,060842193;-0,740771293;0,410751503;-0,049442234;-0,052909706;-0,053856817;0,544958196;-0,118243092;-0,00796664;-0,034546354;-0,065280854;-1,960108264;-0,027240891;-0,024760864;-0,375500867;-0,096617447;-0,039340803;-0,03507276;-0,030065983;-0,058391883;-0,050964484;-0,051851026;-0,820611313;-0,292518578;0,623502242;-0,901040838;-1,326332194;0,199542021;-0,064849865;-0,060732166;0,005698686;-0,041126285;-0,035844862;-0,054988463;-0,613707272;-0,682938847;-0,031973673;-0,007461905;-0,064281687;-0,047603549;-0,059830762;-0,055373152;-0,868616313;-0,041157352;0,259954269;-0,042934047;-0,035512913;0,155435277;0,405199415;0,662824768;0,522112455;-0,158871181;-0,059556503;-0,97890314;0,540528787;-0,040125347;0,098313514;1,44725981;0,897893028;1,751450806;0,465398796;0,586208776;0,021903956;0,013789721;-0,051486733;-0,064819652;-0,692444302;-0,03255178;-0,035566353;0,357418419;0,772019609;-0,911332845;0,777621164;-0,039721463;-0,054081037;-0,223887778;0,260810158;-0,002049098;-0,032598145;0,376415733;-0,022628272;-0,034629706;-0,02936644;-0,047739475;0,834785166;-0,038537733;-0,641535938;0,006669796;0,001068541;0,573657376;-0,058666209;-0,053209146;-0,050723121;0,013206664;0,028233157;-0,02870107;-0,047458804;-0,042075554;-0,037786716;-0,039263911;-0,036082424;-0,779714503;-0,064924867;-1,974104525;-0,085555304;-0,066951724;-0,02477935;-0,585534053;0,732782543;-0,053979398;-0,053785594;-0,645683334;-0,048866264;-0,062675002;-0,048017582;-0,035888387;-0,065047862;-0,042341707;-0,04440651;-0,097977054;-0,064994202;-0,034582783;-2,631530789;1,007511506;-0,02688356;-0,04024174;-0,032523922;-0,064250867;-0,448420715;-0,798342284;-0,253254387;-0,056861316;0,309547901;-0,050855036;1,216999688;-0,047618071;-0,005562271;-0,037420201;-0,463998969;-0,976353325;-0,062735956;0,202630573;-0,046105687;0,617998138;-0,039612781;-0,312171896;-0,043044799;-0,055743068;-0,050286185;0,422775083;-0,025427281;-0,025632464;-0,040814044;-0,036295732;-0,043498458;0,190384552;-0,044555187;0,951474529;-0,05214764
-0,247747674;-0,629521429;-0,01275874;-0,038688444;-0,06014059;-0,075555501;0,620831494;0,494099961;-0,31894084;-0,043533329;-0,021495912;-0,059997268;-0,073894814;-0,056625218;-0,070335316;-1,015238227;-0,075591181;-0,048866392;-0,089152662;-0,049097;0,00057394;-0,075522637;0,355207451;0,339833972;-1,23530889;-0,430443048;-0,613336589;-0,044553657;-0,045306518;-0,033743878;-0,053265743;0,196342976;-0,034330761;0,930530871;-0,314844002;-0,052110719;-1,777052049;-0,05725473;-0,043193901;-0,031002089;-0,864723109;0,270065365;-0,249376019;-0,053218578;-0,045333307;-0,070524886;-0,042301152;-0,760210186;-2,514077796;1,182475468;-1,22290199;-0,090514663;-0,002574132;-0,069849923;-0,070717344;-0,047167224;-0,136115451;-0,751669284;1,028141684;0,656056275;-0,046156484;-0,073201191;-1,815855199;-0,040570543;-0,056492917;-0,0666733;-0,027672922;0,033553581;0,024058886;-0,815152184;-0,013158914;-0,625787514;-0,036498491;-0,925288374;-0,067264153;-0,054094927;0,011184451;-0,01908558;-0,062887141;-0,060657891;-0,049739175;-0,062216922;-0,055784796;-0,064817066;-0,011698541;-0,064562857;-0,711556643;-0,848498664;-0,035280843;-0,212082702;-0,048956034;-0,016634885;-0,021926456;-0,222649557;0,695739112;-0,046932931;-0,056279075;-0,944364124;-0,064472799;-0,07266369;-0,026890909;-0,060919975;-0,295938199;-0,191842823;-0,064030491;-0,03581563;0,268671052;0,016096196;0,598599805;-0,227608426;-0,068914846;-0,874875698;-0,307893299;-0,063222421;-1,325180657;-0,02344992;0,573075203;-0,073015016;0,709641858;-0,852358527;-0,036406118;-0,056992515;-0,040160487;1,685080847;-0,34860003;-0,046697002;-0,029294264;-0,065270901;1,070365461;1,75471464;-0,015915684;-0,049224433;-0,061435302;0,403936512;0,000256587;-0,031528094;-0,205708199;0,041578108;-0,046101061;-0,004085237;-0,045517025;-0,055685029;-0,065102176;-0,04098752;1,059890058;0,974461117;0,77242033;0,358841403;-0,631853128;0,023447068;-0,06553075;-0,066583983;0,018122168;-0,044181941;-0,029297953;-0,064956725;-0,324851744;1,220295343;-0,035424381;0,008950696;-0,044598395;-0,031500042;-0,059446645;-0,064651881;0,412352382;-0,047911773;0,363033692;-0,047454622;-0,056339667;1,333232732;-0,331219522;0,906894886;0,002745629;-1,666669813;-0,067652451;-0,978808852;0,281729299;-0,003804211;-1,738080302;0,054860539;-1,24569365;0,457740175;0,069185339;1,310511232;-0,022418549;-0,012991777;-0,071347435;-0,069780108;0,534474377;-0,059044328;-0,061542618;0,310670976;1,299292279;-0,189383;0,149604886;-0,072485338;-0,058533713;-0,600115144;0,39737695;-0,000979966;-0,060095954;-0,044047643;-0,037598868;-0,050391556;-0,034017692;-0,052060262;-1,866126755;-0,070532977;-0,062666326;-0,038080771;-0,086311624;1,565400109;-0,070874172;-0,073544243;-0,050052363;0,000347974;-0,25493779;-0,03862064;0,025120553;-0,041621559;-0,071410071;-0,048766612;-0,066288953;0,314371423;-0,062655912;-0,544691177;-1,730497532;-0,060226063;-0,007936198;-0,123506481;-1,170990149;-0,034089922;-0,051603895;-0,003768712;-0,046314436;-0,054053321;-0,040688498;-0,049824061;-0,06030288;-0,037012453;-0,062560146;0,978708701;-0,067075629;-0,030114577;-0,740624337;0,331739675;-0,059094224;-0,041657882;-0,030522507;-0,056515198;-0,616887316;-1,409522746;0,734730404;-0,057860343;-0,824143929;-0,050125158;-2,963798487;-0,041409274;-0,00963213;-0,066517593;-0,525376648;-0,486167949;-0,040817421;0,071910782;-0,070119555;-0,809004795;-0,054738021;1,442705993;-0,055157856;-0,041056303;-0,053641626;0,658023951;-0,00380715;-0,04104613;-0,057898641;-0,012684418;-0,013813668;0,410073268;-0,051743971;1,955185118;-0,047858438
-0,070871416;-0,146691801;0,011847395;-0,034641916;-0,051070874;-0,045265139;-0,332333622;-1,326819234;-1,096870599;-0,053698039;0,003124529;0,508206078;-0,050675702;-0,047468178;-0,049160351;-1,246083465;-0,048932733;-0,033422297;0,275966792;-0,021969256;-0,018227903;-0,032254105;0,071010571;0,490298098;1,127138927;-2,567205876;-2,176159552;-0,005656387;-0,04875313;-0,032121829;-0,044185997;0,018652523;-0,013424447;0,478946259;-1,478924546;-0,034629338;-0,683279004;-0,014612508;0,001233554;0,013045194;-0,046703456;0,817196746;0,565308915;-0,038100528;-0,017758076;-0,018166363;-0,043504903;-0,864729128;1,030298497;-0,898116743;0,275785424;-0,638148791;-0,010855928;-0,026126806;-0,019124523;-0,050849955;-0,063265403;-1,860567855;1,002270376;1,572773174;-0,322938643;-0,036835663;1,478673785;-0,03593598;-0,014392664;-0,025305854;-0,033481006;-0,02750129;-0,153344173;-0,63513119;-0,002887522;-0,581860135;-0,015536405;-1,806022005;-0,031999625;-0,033705157;0,186049986;-0,01952501;-0,024620997;-0,049087095;-0,04376995;-0,051467202;-0,051127527;-0,023037726;-0,009696469;-0,018874754;-0,918556333;-1,105950785;-0,012434385;0,455296016;-0,056529712;-0,005223031;-0,024903251;0,064108919;0,663968894;-0,045005526;-0,032146039;-0,290700688;-0,01549585;-0,043605085;-0,005121309;-0,028519054;0,268433224;0,347484938;-0,03800603;-0,039101438;0,364953692;-0,015747811;-0,198976011;0,340040289;-0,048264684;0,102133233;-0,416836323;-0,045833918;1,435761304;-0,00669128;0,06944312;-0,035782404;-0,641565927;-0,869655287;-0,02007223;-0,026033132;-0,041062138;-1,070112046;0,376799393;-0,024176468;-0,040258782;-0,025800852;0,203223448;1,325854572;-0,019512726;-0,027135691;-0,048713285;0,120178696;-0,01099722;-0,009412176;0,428242732;0,076272516;-0,030260283;-0,024205111;-0,007675807;-0,013235666;-0,035833747;-0,052546453;0,121358558;-0,3481529;-0,897208161;-0,782169353;0,554160632;0,002819311;-0,024662712;-0,016208611;0,010337134;-0,015356209;-0,04304323;-0,04716792;1,2812319;1,528513249;-0,029145934;-0,019142979;-0,033140781;-0,038158878;-0,033806321;-0,023261703;-0,334953718;-0,040891067;-1,126707665;-0,040247711;-0,039014594;-1,87249599;-1,546505449;1,310476182;-0,18961466;2,404468047;-0,049495399;-0,760192199;-0,428390344;-0,016844923;1,473909333;0,697151276;-0,576117087;0,887690738;-0,767966715;-0,169608324;-0,07210375;-0,018108568;-0,027766754;-0,036098555;-0,529339578;-0,044509057;-0,054462151;-0,119837585;-2,635190706;-1,061357508;-0,383090957;-0,038872979;-0,019167493;-1,217241296;0,23751539;-0,036214527;-0,020024377;-0,102598824;-0,032812683;-0,028225533;-0,015169452;-0,037807015;-0,518763514;-0,051836422;0,458387343;-0,016986276;-0,059469069;-0,341993523;-0,045053652;-0,038608192;-0,048358058;-0,004296581;-0,061437034;-0,012874086;-0,000157342;-0,032457886;-0,02839884;-0,020465376;-0,015832214;-0,75900029;-0,048564099;0,478375106;0,234181308;-0,01140225;-0,026175351;0,090100444;-1,601153712;0,017098694;-0,020259275;0,936101418;-0,039895646;-0,02417342;-0,02916627;-0,049144444;-0,031841896;-0,023368757;-0,032184872;0,944699479;-0,025110564;-0,009113383;1,015636141;0,149908416;-0,015776744;-0,042818129;-0,020943851;-0,036453778;1,295368056;-0,581359311;-0,658320485;-0,042655886;1,203943999;-0,038872988;-0,053156535;-0,052515668;0,019189195;-0,012823782;-1,313464513;-0,686731899;-0,031908233;-0,847100656;-0,028196383;-0,910781269;-0,044970664;0,326041696;-0,055549346;-0,038580776;-0,017423935;0,238313093;-0,025303385;-0,042840177;-0,043444731;-0,025884433;-0,02592734;1,020163989;-0,023000351;0,012759874;-0,013619819
-0,341790521;0,85225049;0,010559325;-0,089336906;-0,080548733;-0,093284236;-0,879368952;-0,512863618;-0,660878448;-0,07117061;-0,016690957;-0,530563933;-0,100487248;-0,086191909;-0,089646133;0,727547569;-0,072163644;-0,080702499;0,787782854;-0,089817628;-0,001073041;-0,085964861;0,053667772;0,911814858;-0,03300711;2,353867262;-0,950433846;-0,045851009;-0,084827708;-0,078809582;-0,0895391;-0,327248602;-0,072386522;0,691128568;-0,815300099;-0,08583193;0,848849566;-0,059108134;0,009610769;-0,090518039;0,340472898;-0,180677828;-1,01999471;-0,087893077;-0,017641753;-0,07022971;-0,082224481;0,478744148;-1,604298076;-0,70871169;-0,182609978;0,818764909;-0,001261946;-0,089389188;-0,098926666;-0,09741746;-0,132880408;0,50651862;0,973623593;-0,223947115;-0,230756687;-0,098350035;-0,078961538;-0,082793555;-0,086262592;-0,07750374;-0,058266925;-0,03183623;-0,28567705;0,81603484;-0,053344822;1,042282389;-0,034977857;0,97914929;-0,083054954;-0,066933758;-0,436104322;-0,001051595;-0,10034731;-0,089532081;-0,088470084;-0,084324455;0,018343783;-0,085421764;-0,021344679;-0,073247535;-0,517345957;-0,10388681;-0,069522144;-1,750172019;-0,0808991;0,472336824;-0,008737565;-0,540800665;-2,134597086;-0,090211856;-0,076557918;-0,336524605;-0,084401019;-0,10659103;-1,86E-05;-0,083912361;-0,958546926;-0,095747425;-0,068046989;-0,084848934;0,155896895;0,00411958;0,628927406;-1,320297279;-0,064590323;0,141240131;-0,074368128;-0,076781354;-0,92522805;-0,029213738;-0,173412833;-0,103490299;-0,443760552;1,482436802;-0,045123276;-0,088368688;-0,089295415;1,668960296;-0,071275656;-0,076896475;-0,058560169;-0,066840381;-0,955359753;0,088029901;0,014345171;-0,069814138;-0,098102392;-0,861541389;0,01208601;-0,069476401;0,136000943;-0,057215509;-0,056077814;-0,033148377;-0,038663823;-0,072387376;-0,088553938;-0,091806796;-0,936132119;-1,390912977;0,681269473;0,502477822;1,56330586;-0,095614823;-0,084359325;-0,096837594;0,000998113;-0,067173093;0,072056363;-0,090536629;-0,277236505;0,805371348;-0,093150407;-0,026229833;-0,096356664;-0,092395065;-0,072987103;-0,084580291;-0,588605685;-0,076023114;0,616591807;-0,075940909;-0,063225352;0,5554586;0,749286439;1,723215874;-0,140494569;0,607831349;-0,084947175;-1,136549466;-0,03957469;-0,047573116;-0,011150352;-0,007924396;-0,418101586;-0,73451887;0,674479844;-0,492975378;0,004845977;0,014287187;-0,076682944;-0,089645409;-1,041530847;-0,084536324;-0,096754302;-0,119542619;1,162931718;0,134368589;0,129097479;-0,092504807;-0,05651647;-0,851580329;-0,650899255;-0,012397857;-0,078512217;-0,47683527;-0,065533068;-0,090914154;-0,083001708;-0,071697267;-0,141203887;-0,067728876;0,075551851;-0,03187545;-0,05549716;-0,118557044;-0,100998147;-0,101312318;-0,066812715;-0,029493915;-1,618339078;-0,072644098;0,030809252;-0,081033995;-0,067254888;-0,082302064;-0,096595883;1,46546915;-0,074199458;-0,594783622;-1,008431689;-0,094882531;-0,016861529;0,974745656;0,121500089;-0,067598886;-0,069623506;-0,179503667;-0,067508268;-0,075258166;-0,067354834;-0,082174233;-0,086390555;-0,090912995;-0,094865898;0,416088336;-0,076887465;-0,027710053;0,549401404;0,251391981;-0,079566593;-0,055523114;-0,076218098;-0,087232219;-0,091681416;1,572874516;-0,416952844;-0,068720472;0,173653758;-0,096417178;0,247846221;-0,07895761;-0,042962724;-0,082499326;-1,297654571;-0,703740449;-0,074901873;-0,86654518;-0,093663979;-0,648986697;-0,079917234;-0,466923587;-0,097365124;-0,076639691;-0,076114114;0,343967857;0,008576154;-0,069161643;-0,095781833;-0,027844364;-0,039848844;-0,702314036;-0,073078257;0,233939076;-0,086946734
-0,117811503;-0,558228024;0,019743851;-0,082883711;-0,051409345;-0,060117909;-0,071117635;-0,209971963;-1,092228108;-0,051305089;-0,031947179;1,065700285;-0,072300394;-0,057259982;-0,081084115;0,209080386;-0,083550689;-0,054870395;0,01887396;-0,061848171;-0,01584073;-0,079579803;-0,161661684;-1,579597721;1,416728128;-0,170149027;-1,487277722;-0,015210396;-0,048046375;-0,046176665;-0,056657843;-0,037782298;-0,058745456;0,749219375;2,417824901;-0,077673847;-0,134138992;-0,052201792;-0,008032055;-0,081366528;-0,559205709;1,190538531;-0,534325839;-0,084569128;-0,016372491;-0,050713533;-0,059391092;-1,04937487;-0,775754978;0,930988671;-0,229969348;-0,286423884;0,003099986;-0,049294509;-0,071573415;-0,078365373;-0,116090874;2,303257003;0,32208056;1,52244567;-0,196665301;-0,078200218;-0,441622133;-0,060022135;-0,049548948;-0,074883357;-0,04435009;0,006865135;-0,142651733;-0,922178026;-0,015792375;0,330443147;-0,019006575;-0,004551074;-0,064745948;-0,069280747;1,683748136;-0,01318765;-0,072969878;-0,081386114;-0,080770227;-0,055056913;0,001222584;-0,07523595;-0,04219596;-0,058304059;0,8653724;-1,309199542;-0,05985805;0,828930727;-0,065712443;0,646020273;-0,023221678;-0,213535628;0,29592957;-0,053227388;-0,04258097;1,51047962;-0,079233406;-0,079641288;-0,060163174;-0,067537677;0,457952676;0,060465379;-0,063786815;-0,054537727;0,183272604;0,012976004;-1,021063952;-1,090293923;-0,065926756;-1,091802284;-0,199701514;-0,053555865;-1,034250993;-0,065767249;-0,978610694;-0,082590471;1,482848992;-0,270948569;-0,046496443;-0,080245017;-0,052065918;1,521807642;0,042990727;-0,064736022;-0,06748936;-0,071842907;0,162927469;-1,673782856;-0,014269361;-0,053432307;-0,070963406;0,915776209;0,001158548;-0,033172928;-0,247842575;0,026694618;-0,05916761;-0,033448201;-0,04268556;-0,046257138;-0,064105449;-0,063350699;0,588432021;0,603328224;-0,647368743;-1,566596548;-0,244821586;0,119291571;-0,054814421;-0,049643704;-0,010691578;-0,057920896;-0,002661257;-0,079949036;-0,289117344;-0,829462308;-0,051682857;0,012234916;-0,072433842;-0,047345161;-0,061409072;-0,083239535;-1,015813781;-0,065473428;-1,277390421;-0,062923885;-0,048523446;-1,118669491;-0,748080496;-0,240448356;-0,979741281;-0,466820609;-0,082072763;-0,117261985;-0,32852425;-0,044446098;1,845920847;0,201333957;-0,740114095;-0,940493225;0,571836554;-1,015266389;-0,023326421;-0,015363278;-0,067441859;-0,059170224;-1,290376561;-0,06894068;-0,07912274;0,882317121;2,556519956;-1,696337158;-0,760842059;-0,085765637;-0,06237032;-1,864466104;-0,593820397;0,004378621;-0,064750296;1,075136374;-0,054185084;-0,047195969;-0,06894229;-0,069908836;-1,673671412;-0,066281296;-0,914698153;0,002542234;0,012293117;1,852716573;-0,063605172;-0,064784321;-0,069806246;-0,002875289;0,492312405;-0,042329329;0,034739235;-0,074044355;-0,059924741;-0,069020115;-0,072170775;-1,422595202;-0,054459589;0,541256763;0,400427149;-0,03547003;-0,014770298;-0,601158593;0,364960881;-0,046077646;-0,046978747;1,245949234;-0,082790434;-0,069338179;-0,069137994;-0,078128524;-0,074960751;-0,046455508;-0,045991934;-0,526880269;-0,075473663;-0,031529867;0,099752081;1,552783209;-0,0716028;-0,064518746;-0,041112672;-0,052440001;-0,827532781;1,66948903;0,162427753;-0,063488864;0,765615526;-0,068764274;-0,139070921;-0,069130229;0,015082581;-0,07761452;-1,282403704;-1,618771133;-0,058093853;-0,385600217;-0,046838577;0,854112464;-0,074994148;1,631208852;-0,085526614;-0,052957305;-0,051567882;-0,353597211;-0,051361668;-0,074387708;-0,072955675;-0,004600509;-0,009531854;-2,146720554;-0,052887207;-0,190277039;-0,041632178
-0,18980357;-1,041844179;-0,026725053;-0,052336538;-0,046589622;-0,043628187;0,439290876;0,526594871;-0,613429015;-0,038972803;-0,001600946;-0,460641036;-0,051410921;-0,037900544;-0,041445623;0,443085843;-0,048781767;-0,05147538;-0,701581985;-0,044298617;-0,001187141;-0,045060663;-4,45E-05;-0,675730679;-0,268931106;0,204102755;0,853725239;-0,031493909;-0,051436124;-0,042047025;-0,046081559;-0,295657092;-0,057266969;0,088556579;0,865310371;-0,043446983;-1,269452248;-0,037385145;-0,014604284;-0,020863241;-0,443472824;0,415928466;-0,651070315;-0,057076506;-0,056041475;-0,070282284;-0,053475106;0,628263192;-0,121012841;-0,782704127;0,102283009;0,305397568;-0,023080588;-0,052431556;-0,055128764;-0,045964065;-0,079619525;-1,012567493;-0,239309576;1,333340719;-0,064347517;-0,065822217;-0,659827924;-0,058041012;-0,041441128;-0,072453691;-0,044095663;0,006223295;-0,208260175;2,177705724;-0,034409155;-0,072900887;-0,030872736;-1,411009191;-0,048192629;-0,063936214;1,015007131;-0,005141233;-0,043293023;-0,069139499;-0,057594429;-0,056294341;0,01603502;-0,033807519;-0,0234932;-0,036409881;1,005447192;0,871991414;-0,050721308;0,117235207;-0,063027785;-0,827024163;-0,015950237;-1,081524158;1,333900814;-0,030666038;-0,033878361;-1,474627326;-0,047147894;-0,048006268;-0,083769;-0,044015951;0,579075277;0,633714177;-0,066583034;-0,060783168;0,636218859;0,013004773;0,136337226;-0,463103944;-0,068376216;0,854401223;-0,737385632;-0,048138101;-1,137652525;-0,05715839;-1,291967857;-0,06763105;0,316205906;0,750235363;-0,057377668;-0,039793723;-0,068642255;2,010027048;0,186247353;-0,055477849;-0,050558851;-0,036802061;-1,741672677;0,519157646;-0,017814642;-0,051684549;-0,070853182;-1,449775793;-0,011364391;-0,027465402;0,075211731;0,049335976;-0,047207221;-0,012047735;-0,017778463;-0,037417812;-0,049035662;-0,050567501;1,026546567;-0,355057858;0,100286391;-1,478503771;-1,151746136;0,070128556;-0,045337142;-0,048326952;0,00429638;-0,047503779;0,016297726;-0,054145451;0,407248571;-0,278741109;-0,055722019;-0,014642673;-0,032600811;-0,055660262;-0,032729806;-0,048900761;0,511103758;-0,032346316;-0,549430301;-0,042906135;-0,062420916;-0,504774273;0,949395377;-1,288656033;-0,732450007;0,05928315;-0,066827391;0,896192048;0,322715767;-0,058723335;-1,588676393;-0,00395876;-0,159692677;-0,586066438;-1,125410418;-0,627212973;-0,048772069;-0,005983115;-0,036335165;-0,057216619;0,242715114;-0,056446267;-0,071267882;-0,119571423;0,61543479;1,006658715;-0,339812167;-0,050825716;-0,041495255;-0,594495631;0,249094747;-0,000723088;-0,062074742;-1,148091145;-0,043286261;-0,059300981;-0,058696421;-0,028706809;-0,680308958;-0,052017903;-1,169344142;0,001405302;0,024620732;-1,065687139;-0,070218227;-0,05714919;-0,045774805;-0,006191974;-0,093458197;-0,03449617;0,039631538;-0,066072185;-0,040197069;-0,059180958;-0,04641273;0,635627423;-0,060415364;-0,094006854;-1,410068804;-0,045648664;-0,038766466;-0,667188554;-1,475682678;-0,006248044;-0,027950532;1,671134528;-0,044234181;-0,068936942;-0,038652326;-0,056363347;-0,064370669;-0,051337283;-0,050029191;0,682733126;-0,041473054;-0,044066105;-2,392675973;0,487786818;-0,057723649;-0,046591019;-0,05749433;-0,052050274;-0,954528366;-0,968054165;-0,327065348;-0,050722167;-0,621239906;-0,042147245;0,530236647;-0,071375109;-0,014577317;-0,03680591;-0,832868608;1,760642072;-0,0359024;-0,378294952;-0,061670348;-0,639268368;-0,0472122;1,488833399;-0,067571871;-0,055629279;-0,048259162;0,599249018;-0,055014188;-0,031199212;-0,060120379;-0,012278176;-0,047094287;-0,720181186;-0,07674025;-0,786668757;-0,051738332
-0,256088023;0,259829628;0,005330204;-0,096799078;-0,066558405;-0,079011909;-0,000771653;0,080693621;-0,316515352;-0,077743522;-0,054025675;-0,677386309;-0,085420199;-0,094894591;-0,072482637;-0,986147766;-0,078334273;-0,106432547;-0,679222928;-0,079745639;0,01189214;-0,084445681;-0,111099337;1,15910573;-1,393160362;-0,720462916;1,124685111;-0,041564712;-0,086788399;-0,061914416;-0,075522372;0,321740867;-0,068633864;-2,962685052;-2,117227677;-0,09296066;0,584716726;-0,076755077;-0,030785348;-0,118069813;-1,450526321;-0,200213912;-0,032326623;-0,071446778;-0,029042382;-0,07130888;-0,098739206;0,695322551;-0,729439687;0,392950413;-1,488108633;-0,232547096;-0,028879317;-0,095693196;-0,06533923;-0,069071781;-0,159611891;-1,280573825;-0,8298015;0,75019038;0,114062742;-0,087010435;-0,397429147;-0,076753777;-0,08068066;-0,08108459;-0,061744162;-0,009373142;-0,576482643;-1,678324295;-0,029253681;-0,379631963;-0,038736188;2,24047425;-0,090695084;-0,072455057;0,835658272;-0,009380781;-0,076529278;-0,10531389;-0,096578185;-0,09040196;-0,020992847;-0,062143301;-0,042902946;-0,064809602;-0,324092888;0,931310021;-0,082361481;0,95622443;-0,08624867;-0,159246683;-0,036289456;-1,136220143;0,457954296;-0,093040701;-0,054301961;1,270311364;-0,061117898;-0,088973885;-0,02243713;-0,080299646;0,144555905;0,422414099;-0,081450241;-0,060476884;0,33087903;-0,051937822;-1,105984901;-0,178498877;-0,07005223;1,5521472;0,379508365;-0,100123662;1,696778388;-0,067115366;-0,472530531;-0,088466908;-1,608896728;-1,002195237;-0,047788056;-0,079183033;-0,091559556;0,552302101;0,170386713;-0,100588813;-0,07759069;-0,09484305;1,131219346;0,441360704;0,012428369;-0,085233612;-0,084407761;1,64035948;0,019203703;-0,011114704;-0,68238936;-0,015155586;-0,053680362;-0,041791243;-0,076620888;-0,066076705;-0,087188523;-0,099421327;0,150223505;-0,182909516;-0,361297381;-0,947631652;0,908697793;0,220703501;-0,083313403;-0,084703147;-0,023240377;-0,05299992;-0,027253013;-0,103342432;0,378075311;-0,966895579;-0,072200783;0,001797758;-0,069501383;-0,086425094;-0,071962508;-0,102174934;-0,96351388;-0,072362448;-0,028656218;-0,085764522;-0,069810804;-2,011306313;1,527921142;0,30488514;-0,713631762;-1,441540814;-0,071140568;0,872798794;-0,408164857;-0,03291863;1,327375123;-1,351338862;0,452645308;-1,108542661;0,480181402;1,331526364;-0,035688332;0,013040365;-0,094908471;-0,065004846;1,062041719;-0,07998075;-0,089482362;0,124662708;3,240377652;-0,07420319;-0,086899373;-0,08298963;-0,055426633;-0,71104659;-0,555119378;-0,041032477;-0,090884194;0,055160245;-0,076308271;-0,0687686;-0,091676806;-0,052068545;-0,549556564;-0,076665483;-0,135715056;-0,027637111;0,008957346;-0,951971732;-0,084601006;-0,098546414;-0,073080447;0,006040406;-0,177180746;-0,073166892;-0,010507072;-0,073135624;-0,086693046;-0,070890948;-0,099348396;2,314758205;-0,06666978;0,537793188;-1,59194442;-0,075564236;0,000381353;1,810278962;-0,637950455;-0,080332452;-0,072825855;-0,464768437;-0,095364625;-0,085873787;-0,063941801;-0,080235401;-0,073339836;-0,065750888;-0,057386168;-0,170881878;-0,097037793;-0,067550905;0,542221444;1,01413587;-0,048758686;-0,067743481;-0,0531663;-0,094418647;0,407282957;-0,33929752;-0,940165158;-0,071824065;-0,442194136;-0,092330548;-0,378169414;-0,083798776;-0,046815411;-0,063518815;0,221936796;0,840104685;-0,073603472;-1,469594454;-0,096550798;-1,4287869;-0,081528278;1,341637212;-0,105714172;-0,070940565;-0,072206636;0,531288183;-0,059787024;-0,083901842;-0,072296053;-0,026234498;-0,033632059;-1,161026325;-0,095129718;0,128737829;-0,068504441
-0,230743978;0,114312669;0,003802438;-0,048423446;-0,037401865;-0,038771529;-1,31583679;0,416680438;-0,888986677;-0,028797871;-0,025150431;-0,62569706;-0,052606135;-0,033849235;-0,037918042;0,18632141;-0,0554528;-0,059715709;0,743924288;-0,033792262;0,024149898;-0,046962175;-0,131419136;0,278114856;-0,758436133;-1,118506712;-0,593465166;-0,030749766;-0,057503291;-0,019097931;-0,03914295;0,194448813;-0,050401169;-0,192683848;0,18094747;-0,029118048;1,152944034;-0,022824071;-0,001363201;0,001668404;0,77249138;-0,132631944;-1,29869313;-0,048589771;-0,046757376;-0,042973288;-0,038337886;0,679649833;-0,030369622;1,522666182;-1,555031626;0,378602521;-0,022280808;-0,022303883;-0,02442863;-0,054098969;-0,00453993;-0,566975398;-0,802645108;0,456665303;-0,292958639;-0,04072635;-0,591221025;-0,04799802;-0,043187691;-0,043014001;-0,020994607;0,005925955;0,258742786;-1,104405745;0,00351238;0,739311431;0,017796175;-0,113143427;-0,048724758;-0,060745682;1,106503551;-0,024324999;-0,023695819;-0,053843757;-0,040006624;-0,037671618;-0,057911171;-0,022351577;0,008105014;-0,021497998;-0,367896699;0,447618337;-0,026972043;0,213749437;-0,03315104;0,109899711;-0,023169803;-1,004907662;0,820883697;-0,018100464;-0,020735117;-1,364261922;-0,0233017;-0,011413734;-0,019209092;-0,045636494;-0,825910627;-0,715738833;-0,039405704;-0,019197931;0,437392582;-0,007533898;1,943622694;-1,129573686;-0,022624324;-0,264492096;1,358003521;-0,058990922;0,663710402;0,030669713;-0,722625083;-0,03092849;-0,301814895;1,750467322;-0,02922688;-0,03947472;-0,047639835;-1,12002117;0,765201187;-0,037982851;-0,023037678;-0,041978504;-0,730515125;0,035524855;0,005366013;-0,039718298;-0,053172076;-1,631117662;-0,009626749;-0,033880576;-0,743645244;-0,006688182;-0,021957237;-0,02935987;-0,023103192;-0,036506694;-0,049281028;-0,025717345;-0,836575342;-0,684033494;1,26402643;1,469018749;0,775088581;0,079843581;-0,018891572;-0,02016319;0,024845523;-0,022695373;0,011879608;-0,033463016;0,138202623;0,902212568;-0,035772678;0,02921574;-0,030769598;-0,016143326;-0,039750129;-0,044035379;-1,42308013;-0,030242578;-0,644329128;-0,043258664;-0,026012265;1,99154126;0,072840549;1,02452508;-0,64457054;0,494070666;-0,026720512;-0,01198724;-0,259055922;-0,031769433;-0,066043101;-1,369082825;0,687624127;-1,157197627;0,443536485;-0,55389936;-0,051861163;-0,007578805;-0,035375592;-0,032771934;-0,695622773;-0,009280222;-0,055131068;0,656336953;0,394190528;-1,579840041;-1,58797274;-0,028379262;-0,032165413;1,918865482;-0,341852561;-0,028073415;-0,043768123;-1,100929636;-0,028909389;-0,046081315;-0,052216467;-0,019508282;0,786370583;-0,047646268;-0,020991222;-0,010474099;-0,019182208;-0,235126747;-0,055434068;-0,057018969;-0,019698955;0,017174986;-1,782074066;-0,023051767;0,025976025;-0,048448244;-0,043654141;-0,023411888;-0,053680572;-0,483665971;-0,047484652;0,315790256;2,360173557;-0,062649331;-0,012695727;0,055298655;-1,576104993;0,040498681;-0,045288853;-0,109705854;-0,060746699;-0,054513526;-0,035298535;-0,045078807;-0,023314116;-0,02776231;-0,019367862;-0,818004744;-0,029751397;-0,044528966;-0,915933036;-0,526106562;-0,021462748;-0,032499218;-0,045637275;-0,041635873;0,057436195;-1,9047797;0,324549137;-0,019822301;-1,029412298;-0,047611871;0,817060962;-0,026322257;0,026333908;-0,021912483;-0,644227597;0,138471647;-0,055945509;-2,063022582;-0,037543204;0,563140389;-0,031032046;-0,495281988;-0,030698455;-0,024330298;-0,016625825;-0,16012943;-0,044559791;-0,032475188;-0,037291699;-0,021663298;0,001091451;-0,14719521;-0,026567489;0,739908889;-0,020203777
-0,1424862;-1,752255295;0,00793002;-0,034394892;-0,053702399;-0,041803563;-0,838640969;-0,987831923;0,013391103;-0,067515363;-0,040810735;1,304486988;-0,042574141;-0,063426137;-0,031507275;0,631289945;-0,034919422;-0,059549992;-0,509891492;-0,024860172;0,018205498;-0,041116457;-0,092870967;-1,726247999;-2,836045405;0,339380432;0,388635928;-0,043493524;-0,056253474;-0,053756104;-0,038164314;-0,272000339;-0,048385063;0,211637599;-2,018545753;-0,055842711;-0,050722431;-0,029891414;0,011849584;-0,043109637;-0,811825737;-0,006991192;0,274049045;-0,045619087;-0,057366804;-0,06627887;-0,042756215;-0,085740094;0,364035583;0,329456321;-0,225037133;-0,555922667;-0,010645094;-0,03514344;-0,037758615;-0,057149387;-0,042400418;-1,446668344;0,355015037;1,611945971;-0,109156357;-0,03790645;-0,979678255;-0,053269506;-0,035247522;-0,057621399;-0,030287731;-0,013449664;0,106811506;-1,095483358;-0,014495009;0,069577055;0,014782294;-1,457424253;-0,05571102;-0,050600902;0,562331232;-0,004703844;-0,048172793;-0,050763179;-0,049967831;-0,030730955;0,070461003;-0,045603184;-0,016531312;-0,0541908;-0,281755999;-0,05707135;-0,047403301;1,194176098;-0,059569891;1,43309373;0,004800783;0,155808805;1,409367078;-0,036666976;-0,02525701;1,270335266;-0,034398277;-0,055410198;-0,064571018;-0,042073233;0,225920929;0,045910456;-0,051347714;-0,040093561;-0,152187981;0,041438067;1,313019846;-0,564240111;-0,053644246;0,246716046;-0,746492122;-0,03334938;-1,200793887;-0,041110398;0,205313975;-0,063675559;-0,575542591;-0,621641967;-0,056299105;-0,045694677;-0,064209375;-0,092164693;-0,86513359;-0,045551619;-0,027127713;-0,032438082;2,275962142;-1,385309823;-0,003722518;-0,039172719;-0,060449052;-1,222178434;0,01924185;-0,067052067;0,069644338;0,031453668;-0,032759739;-0,043338552;-0,0385453;-0,033981033;-0,053870117;-0,033560058;0,567127123;-0,95512864;-0,952534689;-1,176818172;0,155446541;-0,041176849;-0,049651793;-0,026056111;0,005868263;-0,027118307;-0,017206348;-0,045533421;-0,09677035;0,722781336;-0,063411283;0,013463055;-0,045841326;-0,037034782;-0,065139347;-0,058430739;-0,849137491;-0,044663928;-0,005930167;-0,041091971;-0,057155815;-0,800504437;0,163322856;-1,536613853;0,784261922;-1,853200397;-0,049258481;1,240698138;-0,704462406;-0,023554726;-1,398152247;-1,158884535;1,193109313;0,970369037;-0,03497192;0,99239451;0,005579039;-0,007173336;-0,064925375;-0,037996318;-0,825327688;-0,038046861;-0,066508627;-0,984971809;0,189162775;0,022065278;0,559819136;-0,030561096;-0,024353404;0,189479461;-1,240669122;0,000475211;-0,031563781;0,646953421;-0,022638973;-0,03832328;-0,042691304;-0,047103051;1,357018274;-0,057394203;-1,659662851;-0,032097683;0,009089971;-0,231102741;-0,056793705;-0,040168596;-0,033024739;-0,011505544;0,548645209;-0,027000021;-0,009313664;-0,064354417;-0,041843613;-0,064915458;-0,058211954;-1,019469889;-0,053266412;0,082023785;0,282149079;-0,002330708;-0,042047619;0,31098465;0,046925287;-0,008667343;-0,025360492;0,150093447;-0,061180862;-0,053780731;-0,044415832;-0,063398163;-0,04761126;-0,043486163;-0,033753234;-0,299390299;-0,059894533;-0,036098264;-0,59695599;0,889879076;-0,047452679;-0,025222442;-0,026303075;-0,043902196;1,348881936;-0,346066578;-1,268921861;-0,048218094;-0,651352592;-0,059514716;1,568585596;-0,034041145;-0,006560236;-0,053732139;1,072249106;-0,697805542;-0,064660411;0,518704975;-0,051485207;0,692149678;-0,036137825;0,610700433;-0,030743655;-0,047526125;-0,04769625;0,444247108;-0,09430279;-0,033097704;-0,037423424;-0,024567777;-0,016162662;-0,041880226;-0,044379139;-0,400541655;-0,052446116
-0,167227232;-0,654062539;0,009574776;-0,082919546;-0,082430931;-0,084642167;0,469396229;-1,072468467;-1,372456668;-0,093523253;-0,041148411;0,243869337;-0,077218422;-0,079692856;-0,088603325;-0,027071916;-0,071344836;-0,078219463;-0,718411598;-0,065783159;-0,000896933;-0,091993187;0,198656029;-2,017205901;-0,086111619;0,823026839;0,450260533;-0,043993351;-0,070903467;-0,077817323;-0,07586471;0,14797977;-0,068165035;-0,773803633;-0,837749222;-0,056131485;2,148226533;-0,079740959;-0,00603605;-0,115547678;0,359394041;-0,253921132;-0,431721937;-0,067839468;-0,018777953;-0,068105717;-0,060259937;-0,593194766;-1,316653601;-0,314202648;-0,641492782;-0,071843094;1,21E-05;-0,081553761;-0,065018047;-0,070612195;-0,093086605;1,026460952;1,896663737;0,962091236;0,000132753;-0,076162094;-1,196698998;-0,059333143;-0,061062581;-0,080527364;-0,074120316;0,034354116;-0,221770522;-1,302942579;-0,025188749;-1,136600152;0,003093915;-0,488666577;-0,084063463;-0,08888413;1,299403867;-0,012444626;-0,086698075;-0,084334262;-0,063446617;-0,074417419;-0,024410885;-0,064276096;-0,029301793;-0,061057635;0,892164367;-0,679580051;-0,061372405;0,45689385;-0,084028547;-0,428138173;-0,029273494;0,272626639;0,89556557;-0,053556615;-0,066435221;1,102018418;-0,055648711;-0,07530801;0,002710278;-0,070950468;-0,247268816;0,04396587;-0,056694968;-0,053025304;-0,070105163;0,031147709;1,018503046;-1,410978566;-0,05850559;-0,754751876;0,885269667;-0,081646393;-0,968865129;-0,030817708;-1,239025181;-0,08009175;1,364575586;-0,140879219;-0,049815969;-0,073367929;-0,080721853;0,761683623;-0,483527421;-0,057531855;-0,053373219;-0,055704155;1,675481604;-0,447485057;0,013192931;-0,05586526;-0,065885083;-0,008356761;0,013818311;-0,028703597;0,278042621;-0,053082791;-0,053061454;-0,034100672;-0,036241086;-0,07110436;-0,088641001;-0,089923665;-0,722871937;-0,074854372;1,79356167;0,708206609;-1,110450505;-0,038950259;-0,079591961;-0,074486033;0,01731318;-0,062961622;-0,040546248;-0,092596101;0,012433169;-0,990979289;-0,054107459;-0,023287103;-0,062412757;-0,072460833;-0,061036015;-0,056331936;1,768970976;-0,063561255;0,145811102;-0,076494244;-0,060715982;-1,309838039;0,771414379;0,609208583;0,704513581;1,12839373;-0,07140248;-1,10981308;-0,639871417;-0,003319056;1,055948172;-0,512209464;-1,288049686;0,071429976;0,649063638;-1,187438961;-0,0011437;0,007229795;-0,079405919;-0,08625871;-1,629936966;-0,064894412;-0,085115334;-1,998447025;-2,069257464;1,096418802;-0,787291053;-0,093860398;-0,062592268;1,454703002;0,676681358;0,026742169;-0,082380903;0,822387526;-0,055177377;-0,056562571;-0,079131706;-0,053127289;-0,544903366;-0,082447692;-1,258787386;-0,030042259;-0,013205532;-2,029248471;-0,076859312;-0,061593074;-0,058433487;0,001618467;0,419352006;-0,04702125;-0,008553199;-0,068582289;-0,052294933;-0,089780588;-0,075588403;-1,203328389;-0,062993793;-0,010113861;1,913730829;-0,063032939;-0,028245333;-1,229705068;0,80407696;-0,071099621;-0,048375167;0,027052783;-0,088851663;-0,083895578;-0,066258554;-0,06406642;-0,077596426;-0,051608457;-0,049113506;0,462650445;-0,070327173;-0,018202618;0,596468652;-0,331586588;-0,055147647;-0,047341562;-0,05810675;-0,084599122;-1,543841829;-0,259523201;0,401856179;-0,069913831;-0,272362853;-0,065169563;0,955937581;-0,08871324;-0,021372866;-0,063871107;-0,024764131;-0,834913783;-0,060693584;-0,557320128;-0,055503333;-1,060348882;-0,073932787;1,580906096;-0,06320063;-0,069687322;-0,073231432;0,339060495;-0,05100608;-0,05778723;-0,081336743;-0,02170771;-0,030890267;0,754277252;-0,070114482;-0,360834199;-0,076954036
-0,269738768;0,324785321;0,013377928;-0,088716836;-0,088469863;-0,109710418;0,00044522;-0,842447828;-0,147387116;-0,073997039;-0,038284739;-0,241752472;-0,100145417;-0,082537883;-0,099557105;0,276480054;-0,103497772;-0,072733185;0,179903738;-0,083625871;-0,010225681;-0,092597354;-0,22930906;0,706044446;-0,203069801;-1,587605322;0,608398286;-0,064819768;-0,103548324;-0,096183403;-0,103404075;-0,186489455;-0,102154216;-1,155215712;1,119183857;-0,078564672;-0,226745285;-0,067300949;0,044407505;-0,14961014;0,576375788;0,062449351;-0,562704298;-0,086803156;-0,041696335;-0,092625317;-0,077734565;-0,597190333;-0,2632506;0,448425285;1,027683196;1,354024926;-0,022887086;-0,071194544;-0,103508527;-0,106601733;-0,199047368;0,58614263;-0,588976563;-1,817614999;0,053844318;-0,091938087;1,396735414;-0,087193674;-0,099958496;-0,083791128;-0,088360793;-0,024664427;-0,493816362;-1,088496274;-0,022086385;-0,000220262;0,003052645;0,619604048;-0,07328334;-0,091381217;1,27088661;-0,025759945;-0,089250192;-0,075234402;-0,101663509;-0,098631312;-0,005830487;-0,075664367;-0,060944567;-0,088510434;0,36878763;0,37503493;-0,079915517;0,197419988;-0,094707229;0,430534365;-0,016834944;0,317331303;-0,32718806;-0,101909496;-0,092754389;-1,587387171;-0,074667367;-0,076888383;-0,053791662;-0,096488649;-0,981823325;0,005737632;-0,091966842;-0,081041237;0,847568225;-0,016677681;0,990959199;1,578386566;-0,089063196;-1,955365997;-0,543270305;-0,096429291;-0,266672649;-0,097778096;-0,569682949;-0,093824711;-1,471015783;0,605131413;-0,039787454;-0,072806162;-0,095174607;-2,036403919;-0,023825763;-0,078215672;-0,092698407;-0,079713896;-1,145028257;0,106345212;-0,012658511;-0,065669904;-0,103704049;-0,056085244;0,013412635;-0,048800088;0,013599661;0,07998347;-0,084929184;-0,015945253;-0,037957192;-0,081006614;-0,076227638;-0,089471771;-0,859342911;0,056521359;-0,141753555;-1,1971001;0,056741194;-0,017632663;-0,068397767;-0,066019246;-0,021167977;-0,080376937;0,008645017;-0,107414747;0,060224154;0,962340472;-0,083860206;0,01336877;-0,082576597;-0,08887194;-0,080961142;-0,075630073;0,767146557;-0,070794624;-0,476017743;-0,092275159;-0,094701294;-0,271868868;0,472735971;-1,145094373;0,976955309;-1,846397007;-0,071861912;-1,504523836;-0,348392291;0,0019009;1,670026944;-0,92687488;-0,446710021;0,607676209;1,306990421;-0,305516513;-0,074510218;-0,023528376;-0,072258368;-0,099618045;1,474515151;-0,073255647;-0,080807448;-0,829257029;-0,511581364;-0,27128454;0,107791652;-0,104537383;-0,084659843;-1,303996116;-0,255394432;-0,003135635;-0,074577967;0,382426043;-0,083301521;-0,101404537;-0,085258072;-0,069547445;0,275030157;-0,108934496;-0,706410866;-0,017082421;-0,022052199;0,374918129;-0,103769056;-0,091259099;-0,086711525;0,009354952;0,14367059;-0,090125926;-0,045418119;-0,075434682;-0,075176836;-0,074314988;-0,075064514;0,92211817;-0,087183893;-0,556661934;0,674570526;-0,078226201;-0,034617136;0,403353011;-0,195068539;-0,041549114;-0,093529479;-0,211108567;-0,089108597;-0,082678489;-0,072936679;-0,096077793;-0,088556236;-0,099202972;-0,07423721;-0,231554711;-0,096184042;-0,062237921;-0,321030894;0,794116648;-0,084471893;-0,093833166;-0,066316724;-0,080402309;-0,929696645;-0,438459659;-1,117969119;-0,086796428;1,38204961;-0,086607266;-0,791854918;-0,071957074;-0,010722914;-0,082523405;1,919771884;1,07142254;-0,082889639;0,065465937;-0,073093441;-0,118556737;-0,076490304;1,821047379;-0,093822731;-0,081000229;-0,064915585;0,352073407;-0,068482464;-0,061352614;-0,097897323;-0,022980454;0,007155208;0,82850832;-0,108424354;-0,6896708;-0,073628523
-0,26376775;0,63436188;-0,029541365;-0,084682994;-0,077794748;-0,078975833;-0,639125818;-0,344794984;-0,72940724;-0,069872503;-0,041420493;0,612509439;-0,082641234;-0,087705901;-0,071228487;0,618873431;-0,081901292;-0,085764895;0,133592678;-0,055159933;-0,021639523;-0,076401459;-0,271968867;0,218421366;-0,046007431;-1,303284069;-1,961478753;-0,053125733;-0,082572719;-0,077596898;-0,064317428;-0,565490266;-0,083009932;0,304570685;0,259361158;-0,056526728;-0,813441211;-0,074216223;-0,115782024;-0,05989982;-0,133010149;-0,053947039;0,479242164;-0,064441857;-0,007162417;-0,089261965;-0,079297993;0,459443549;-0,220002577;0,3831886;-0,489786642;-0,790820937;-0,001506599;-0,063829831;-0,06482214;-0,063331598;-0,076239315;-0,433170127;-0,103377617;-0,791787707;0,129059074;-0,063063014;1,377692598;-0,070778711;-0,079690314;-0,0654395;-0,061691111;0,037802978;-0,239986004;0,579928473;-0,017836284;0,604391694;0,030951252;0,990799373;-0,073866433;-0,071663054;-0,678367619;-0,014884103;-0,064769587;-0,092379041;-0,08033057;-0,062807841;-0,088471432;-0,069335429;-0,04304162;-0,069885036;-0,142837516;-0,320877875;-0,051974264;-1,051335185;-0,073741999;0,549388722;-0,011161711;-0,079077796;0,225833098;-0,077421573;-0,054007442;-0,70097893;-0,07829663;-0,064954301;-0,053296837;-0,051320069;0,298077885;-0,564626729;-0,084970006;-0,080126638;0,379429858;-0,04278117;-1,815750063;-0,789724063;-0,061678089;-1,50809162;0,090062827;-0,08693043;-1,293007124;-0,013133731;-0,347202624;-0,075635556;0,513789508;0,044521725;-0,047465025;-0,08847122;-0,09061099;0,180450313;-0,32884257;-0,057574005;-0,053186474;-0,070243279;-0,683176969;0,003444739;0,015501562;-0,082166367;-0,076864861;1,365713574;0,002532582;-0,000658648;0,639305349;0,104112246;-0,050842799;-0,042281608;-0,033577923;-0,083143008;-0,088610291;-0,066076615;0,1660619;0,953302306;1,006139942;-0,852599254;0,189619707;-0,132442368;-0,053939147;-0,084412061;0,001786523;-0,0649011;0,032289549;-0,071464603;0,286137673;1,371843956;-0,083521743;-0,003391814;-0,060437382;-0,066484097;-0,060735391;-0,087173291;0,700098595;-0,071447134;0,066027375;-0,057251783;-0,069283366;-0,869683478;-0,880234445;0,509970852;-0,375882388;0,088841482;-0,093507259;-2,104387807;0,258081297;0,031794289;-0,610215139;0,999784839;-0,214475311;0,323298016;-0,647486673;-0,755068986;-0,025965689;0,017017893;-0,059416801;-0,086608391;0,478388722;-0,062271915;-0,084697459;-0,250131325;-1,311524653;0,814565553;-0,350519294;-0,059961523;-0,066769301;0,566843947;0,872445944;0,006737305;-0,054805372;-0,307212465;-0,062671643;-0,073770171;-0,067134629;-0,070486597;-1,340702858;-0,084989893;0,710814758;-0,012134151;-0,034509565;-1,29960738;-0,066060179;-0,09074481;-0,058953691;0,022069819;-0,072701042;-0,053860209;-0,057319978;-0,060171072;-0,060915807;-0,071576557;-0,079755439;0,249331826;-0,075954093;0,344057226;-0,030605285;-0,061011258;-0,041399009;1,020408783;0,38248638;0,013434765;-0,06356746;-0,490826271;-0,063856525;-0,06293157;-0,071824836;-0,080933748;-0,072470785;-0,079089981;-0,077181315;0,770358327;-0,07880974;-0,066468892;0,760705099;0,195017527;-0,077521466;-0,051174164;-0,072194557;-0,082647134;1,350093003;1,012194428;-0,804734194;-0,079777486;0,706591432;-0,072665921;-0,908842847;-0,082485307;-0,000601281;-0,063532746;0,819740068;-2,386394778;-0,07618715;1,283509466;-0,086934871;0,066343496;-0,072779102;0,012301826;-0,089562092;-0,056910514;-0,067546544;-0,501399156;-0,060356785;-0,075413984;-0,076547784;-0,022930591;0,003177436;-1,402032128;-0,061855946;-0,27965364;-0,057864037
-0,259404709;-0,330571628;-0,003533293;-0,071960863;-0,088253687;-0,073408383;-0,076673461;-0,4139819;0,649306389;-0,084517234;-0,047190517;-1,227203801;-0,078333664;-0,063585108;-0,077233535;0,0511972;-0,076265944;-0,079692403;0,069357202;-0,072205656;0,023847368;-0,070795402;-0,305860967;-0,155498869;-0,960181758;-0,704960338;-0,54688918;-0,032013513;-0,078140394;-0,060010343;-0,093875855;0,017423595;-0,068600887;-0,025556138;1,137797337;-0,083079154;-0,000233831;-0,082474538;-0,03132008;-0,055259842;-0,434294135;-0,251451251;1,178990687;-0,072274985;-0,057190288;-0,080407485;-0,077271482;-0,333229818;0,721119972;0,660378083;0,675278109;-1,643394649;-0,011619175;-0,072840988;-0,061487943;-0,079662166;-0,062876639;-1,335570417;0,573328378;-0,295477213;0,436868352;-0,093283294;0,928785361;-0,084157192;-0,07332792;-0,080804681;-0,059798579;0,031271186;-0,034363907;0,821707946;-0,040018844;-1,33440732;-0,014940619;0,761762567;-0,074931645;-0,091285344;0,504565218;-0,027440268;-0,069737224;-0,069217116;-0,090843166;-0,074259833;0,030442033;-0,072804763;-0,006512338;-0,080876836;0,861243898;0,816246029;-0,049770431;0,271402663;-0,085700348;-1,011415627;0,003036856;-0,001842179;-1,737327204;-0,070453973;-0,073595458;0,376390624;-0,073872652;-0,053145639;-0,016967504;-0,062146515;-0,692409698;-0,130704695;-0,071334738;-0,067802882;0,179693944;-0,001537805;1,335975092;-1,524668035;-0,089645895;0,922926212;0,041539466;-0,085298707;-0,367421548;-0,036717573;-0,472296506;-0,065692519;0,058716133;-1,046511141;-0,027962382;-0,07825705;-0,085472588;-1,770166086;-0,540511014;-0,06800306;-0,067218588;-0,085409954;1,814387773;-0,310224442;-0,010627467;-0,066567745;-0,073857486;1,169779316;-0,018653681;-0,027582652;0,026939784;0,002266204;-0,052671045;-0,022742974;-0,043714186;-0,071447949;-0,067426946;-0,071228137;0,811771558;0,22372938;0,365212049;0,022332114;-0,172343967;-0,056696731;-0,066613246;-0,062231922;-0,000293062;-0,052691274;-0,021004832;-0,06065272;-1,505808339;1,08444432;-0,063712415;0,000518822;-0,084045052;-0,069258282;-0,06594098;-0,069693189;-1,046771704;-0,075570097;0,961355871;-0,071385397;-0,05485412;-0,384105011;0,6826416;1,436304174;0,371676957;0,398194911;-0,077523493;-1,811734927;-0,626376639;0,023224053;1,384006335;-0,434545602;1,587752131;0,25693556;0,000311838;0,069370941;0,056240132;-0,01386959;-0,059976387;-0,054699867;0,594480986;-0,078401417;-0,059490425;-0,596415681;-0,499482526;-1,341277052;-0,051051736;-0,092049871;-0,074128672;0,523043136;-0,407552535;0,001655852;-0,07110712;0,379074763;-0,079629573;-0,080367458;-0,077279561;-0,051623154;1,033554363;-0,089924978;-1,310149901;-0,002364314;-0,01008432;-0,117827619;-0,063102661;-0,077406733;-0,077118175;-0,014444298;-1,299429187;-0,081291033;0,024776338;-0,058113011;-0,082181818;-0,084938967;-0,079533178;0,755118618;-0,057836276;0,600282535;1,307677099;-0,065237233;-0,004609031;-0,323442344;0,033971408;-0,063078205;-0,067345372;-0,636460844;-0,059608578;-0,089399462;-0,082026856;-0,088080132;-0,081513539;-0,082989113;-0,057752586;-0,437954288;-0,088907939;-0,043744369;0,339100284;-1,288806133;-0,074644527;-0,077640058;-0,060906433;-0,070677768;-1,54595958;0,714673404;1,140518236;-0,0637313;-0,484146491;-0,076865879;-1,124841904;-0,080254349;0,013271064;-0,069323393;-0,574670208;-1,165463826;-0,091124898;1,089607072;-0,08804902;0,311275958;-0,058102565;1,178796731;-0,069813486;-0,078638843;-0,076687405;-0,886149547;-0,042522254;-0,069400548;-0,091371597;-0,019606989;-0,016853353;-0,178075377;-0,075791888;-0,668284326;-0,083701648
-0,220612559;1,864082861;-0,019160385;-0,093238074;-0,103831624;-0,116479707;-0,160950138;0,588214346;0,158842422;-0,105987431;-0,040491478;-0,833190339;-0,079539091;-0,096982417;-0,100910423;1,555858739;-0,106912995;-0,104002479;-0,172714776;-0,062302849;-0,010908909;-0,076535262;-0,555070314;-0,940781192;0,154070259;0,164500447;1,876814496;-0,047000224;-0,108943538;-0,067213875;-0,077616528;-0,014060193;-0,074976798;-0,049289828;0,463851486;-0,107665387;1,305220107;-0,06718217;0,005695207;-0,035393098;-0,19504856;-0,757731071;0,371260195;-0,116298623;-0,017986429;-0,084799727;-0,104273089;-0,978678603;-1,47958573;-0,604129331;-0,939856692;-0,930925705;-0,006148715;-0,086683366;-0,089941691;-0,105999131;-0,124588815;-0,857738206;1,048091304;-0,462336365;-0,322432483;-0,088296133;-0,947774204;-0,079557001;-0,096100441;-0,087260855;-0,068538406;0,024192338;-0,655510316;-0,632900301;-0,019090774;0,751721205;-0,010174022;-2,311407243;-0,095049993;-0,102436484;-0,885095065;-0,0128225;-0,097762708;-0,090754601;-0,091293693;-0,086698626;-0,016018804;-0,078169283;-0,027040666;-0,081087746;-1,06918329;-0,28412163;-0,08564681;-0,460684429;-0,090564242;-1,102247732;-0,026580892;0,66920219;1,243446639;-0,084639282;-0,079954834;-0,374829705;-0,07601511;-0,075932246;-0,084447307;-0,091057009;0,733187317;0,985722705;-0,085122294;-0,090325642;0,381648309;-0,022471205;-0,0396788;-0,166398295;-0,100252616;-1,080849943;0,067749035;-0,094926535;-0,893519882;-0,039562957;1,185333971;-0,079460542;0,525083306;1,630087262;-0,052121188;-0,108618253;-0,112552792;1,080002459;-0,489169785;-0,080291752;-0,062029505;-0,083423473;-1,778059514;0,892015509;0,013063984;-0,099284977;-0,099209011;-1,22030837;0,002247507;-0,004575521;0,462591125;0,079667406;-0,08172658;-0,016616989;-0,047023959;-0,090521245;-0,099659084;-0,103639972;-0,591074707;-0,127944661;0,826128686;-0,66869788;-1,08489035;-0,054161769;-0,098412169;-0,080789007;0,009521507;-0,088010676;-0,111073239;-0,113383234;-0,96131493;1,087728159;-0,069502036;0,016490717;-0,089005218;-0,095571102;-0,092071924;-0,098522686;0,063732625;-0,100891125;-1,196850383;-0,09810432;-0,081618574;-0,485453451;1,412170219;-0,699421102;0,762884801;-0,1480085;-0,082473627;0,61849177;-0,040645992;-0,00528629;-1,297242692;0,028866485;-0,021065054;1,1050711;-1,170979954;-0,974703929;-0,018471789;-0,000480202;-0,090619459;-0,078140614;-0,94702688;-0,08492251;-0,109259266;-1,014990735;-0,911183423;-0,119206629;1,476918477;-0,114187775;-0,093566329;0,098900262;0,657669082;-0,006204894;-0,069464363;1,241759391;-0,082007054;-0,094717229;-0,083792236;-0,073089223;-0,4749781;-0,082894246;2,142228909;-0,070267129;0,029608207;-0,660155788;-0,084508936;-0,113847941;-0,094241025;-0,012556825;0,469199194;-0,066405736;-0,014494274;-0,09785919;-0,101844258;-0,092685395;-0,103897239;-0,499630933;-0,08944905;-0,545868028;1,250805343;-0,09069508;-0,030289963;-0,995716303;0,427593087;-0,053454412;-0,070638019;-1,083122358;-0,104405735;-0,080408409;-0,100030737;-0,10398718;-0,106008236;-0,084561905;-0,077523081;0,511709191;-0,088712906;-0,070119214;1,360971804;-0,088480453;-0,096306708;-0,059749715;-0,085373055;-0,108486983;0,668729306;-1,360545886;-0,254364141;-0,087971479;-0,509982825;-0,091260683;-0,61719537;-0,102568941;-0,024160352;-0,098887778;0,948858722;1,036481794;-0,090073236;-0,293186551;-0,072956338;0,541260094;-0,073415368;0,308116818;-0,088734682;-0,115151362;-0,078574191;0,646361946;-0,028991336;-0,067727287;-0,099569965;-0,007340107;-0,036909184;0,580372126;-0,113834255;-0,957263512;-0,066724157
-0,276612489;0,987535305;0,001595056;-0,08619102;-0,068278082;-0,086275727;-0,31700169;-0,074559217;0,140946062;-0,093290788;-0,029936615;-1,283607525;-0,098393521;-0,095576245;-0,081273853;1,332295018;-0,072793856;-0,068067331;-0,672780113;-0,059237583;0,026526805;-0,078556154;-0,164598615;-0,074224749;1,04640466;0,368881933;1,03410882;-0,02617072;-0,097520873;-0,071787872;-0,07147479;-0,435413313;-0,075346471;-0,952944325;-1,415496176;-0,090399189;-0,668656143;-0,07971069;0,019311961;-0,087948066;-0,408788296;0,186634258;0,123098742;-0,078015912;-0,022913974;-0,093262975;-0,094820853;-0,597192436;0,087927821;-0,915747291;0,713580119;1,484017469;0,005719709;-0,087599388;-0,092547453;-0,072937505;-0,140271115;2,423651509;-0,358632431;1,430602331;-0,130656201;-0,078496867;2,260598848;-0,07743303;-0,087443894;-0,09204812;-0,082183166;-0,010822535;-0,31169881;-0,523021311;0,005613272;-0,104047533;-0,025588629;-1,117054779;-0,082826355;-0,078354158;0,903205661;-0,002851866;-0,072756594;-0,086151248;-0,089199462;-0,063334452;0,07032679;-0,078787408;-0,058175578;-0,064542574;0,68725177;-0,415984213;-0,085032847;-2,17880348;-0,096824484;-0,060683935;-0,021115356;-0,691980648;0,213652545;-0,072767376;-0,074905185;1,710003757;-0,084434445;-0,07934541;-0,027382322;-0,089653578;-1,007418566;0,371014664;-0,0893695;-0,090593271;0,24182834;0,008295652;1,892450966;-0,534253788;-0,07850137;-0,154457442;0,625991717;-0,098580295;0,103055616;-0,053498563;1,10145724;-0,079968954;-0,763562869;-1,001227893;-0,028848953;-0,094384765;-0,077231286;-0,053865891;-0,066671807;-0,08025006;-0,056212394;-0,089453865;1,107562203;-0,935645504;0,003830709;-0,070001604;-0,097226776;0,443475435;-0,025943916;-0,05809268;-0,318654523;0,017516533;-0,066322164;-0,037419778;-0,027899667;-0,086957865;-0,096712087;-0,085251612;-0,192708136;0,462787953;-0,470321429;-0,705616397;0,252864704;0,199116036;-0,09542459;-0,064440623;0,007819227;-0,076565672;-0,014290333;-0,074963793;-0,815656584;-0,816789289;-0,08048915;-6,42E-05;-0,076449259;-0,068940635;-0,081436564;-0,079638037;0,03010148;-0,085901169;-0,195091232;-0,087799617;-0,084752158;-0,740364696;-1,926413904;0,760655209;0,06297004;-0,143851799;-0,0685087;-0,733743366;-0,517614686;-0,028882012;0,732478394;-1,090114099;-0,122041376;0,577632069;0,523134611;-1,32836087;-0,013106281;0,013678082;-0,079408895;-0,073929069;-2,071380634;-0,054531329;-0,068888669;-0,252421288;-2,26070629;-0,59045589;0,427063457;-0,07619115;-0,064758948;-0,877954173;0,869615566;-0,010968728;-0,070598565;0,395105899;-0,070207593;-0,074704381;-0,075242706;-0,065750943;0,048826387;-0,082242949;0,215406196;-0,031441572;-0,054635525;-0,475649769;-0,097502143;-0,089023906;-0,073649471;0,015451295;0,266979602;-0,064276395;0,049561108;-0,084672133;-0,066056159;-0,069045234;-0,087119153;0,647760659;-0,070891117;-0,948547941;0,024431823;-0,084897786;-0,032742563;-0,07135869;-0,888057601;-0,05851092;-0,08014851;1,37023891;-0,092219165;-0,064308311;-0,08190772;-0,087495571;-0,064931987;-0,06267904;-0,092583274;-0,165745904;-0,090296408;-0,030971666;0,694497028;-0,800852217;-0,080460621;-0,079053958;-0,083496218;-0,068557674;0,951577245;-0,917093811;-0,262817354;-0,079786212;-0,584708468;-0,064526623;0,295965214;-0,08996092;-0,003788985;-0,080177395;-0,980509595;0,80344325;-0,08956774;-0,626792195;-0,072945787;-0,005462856;-0,074734934;1,364944059;-0,069893312;-0,084353566;-0,06779638;0,614675818;-0,010446996;-0,055483611;-0,065842794;-0,033624183;-0,060672067;0,33176729;-0,095846796;-0,871594708;-0,06067693
-0,28142212;0,262726726;-0,011565983;-0,094473497;-0,075696314;-0,07619491;-0,063914642;-0,131570198;0,827290448;-0,098218151;-0,052476691;-0,841356167;-0,099552523;-0,095005819;-0,10429195;-0,861477363;-0,101605955;-0,10449696;-0,604436413;-0,08224293;0,022601956;-0,098730733;-0,073517837;1,332056162;-0,706530797;-1,040541031;1,204062268;-0,047459719;-0,076775873;-0,074941223;-0,080894897;0,128517745;-0,086560325;1,352579552;-0,880784601;-0,076372286;-0,174531372;-0,065628886;-0,012981259;-0,074659386;0,347046406;0,498031441;0,382600371;-0,099544636;-0,026500116;-0,103392669;-0,097227655;0,216307625;1,11704278;0,040581589;1,08771396;-0,122925705;-0,01232223;-0,07389865;-0,091442787;-0,073130066;-0,012492086;1,165798853;1,210843158;-1,624719971;0,00877097;-0,10059476;1,423951297;-0,074530645;-0,0711164;-0,082390815;-0,091421531;0,007377873;-0,1889013;-0,52364552;0,012133237;0,831731526;-0,005932574;-1,689227383;-0,080420778;-0,091703317;0,606280388;-0,018370362;-0,096938142;-0,093569479;-0,102332494;-0,06995638;-0,007753179;-0,094334777;-0,039951257;-0,086005385;-1,149430814;0,568082766;-0,072425547;-1,076552229;-0,102793754;-0,859309737;-0,007443958;-0,267838153;1,063449154;-0,075207506;-0,097062494;0,314425706;-0,099925538;-0,082809747;-0,042882025;-0,091430669;0,299281058;0,676946024;-0,079274575;-0,08492011;-0,454920862;-0,025231093;-1,435467249;-0,402157201;-0,072111178;-1,581671686;0,87798964;-0,084397833;-0,102347553;-0,025272175;-0,496119051;-0,097018198;1,545581198;-1,162889969;-0,044459325;-0,070499373;-0,102666363;1,495799955;0,226089407;-0,079763476;-0,078295779;-0,097069064;0,09328378;-0,841868265;-0,014487867;-0,071925795;-0,084036113;0,402996713;-0,001552648;-0,009283624;0,224254032;0,015837614;-0,09197619;-0,034805396;-0,046184771;-0,076036984;-0,093499561;-0,085939459;0,856007946;-0,403297469;0,859686837;-0,387868583;-0,490760503;0,011494173;-0,073156784;-0,073983728;0,001641858;-0,083434055;-0,064855498;-0,08109942;-0,749746174;-0,12848268;-0,076243368;-0,01190057;-0,083441305;-0,069292849;-0,095724491;-0,07134342;0,196265271;-0,095066269;0,32622123;-0,099321;-0,077109849;-1,478885241;-1,592981868;-0,034385248;-1,290836569;0,130044049;-0,104956309;0,149644656;-0,413897018;-0,029290939;0,292543364;0,322132936;-0,812444759;-0,817588594;1,864551386;-0,574071819;-0,038153113;-0,008692544;-0,086377833;-0,06851533;-0,730719654;-0,05816495;-0,10220949;-0,337337474;-1,922482993;1,073872934;-1,243120678;-0,074811743;-0,069880023;1,535578201;-1,183224982;0,017318367;-0,069348268;1,050646948;-0,058931138;-0,071820395;-0,082157311;-0,094863115;-1,164691304;-0,100448858;-1,21674065;-0,057084789;-0,022868729;1,628255241;-0,074424153;-0,096305236;-0,065918529;-0,005436;0,119296932;-0,065289549;0,014145159;-0,066479344;-0,067993627;-0,103145762;-0,075662074;0,64812487;-0,073893611;0,4205619;-0,238924572;-0,080943659;-0,024494668;-2,485903314;-0,444743595;0,000308157;-0,079020995;-1,050799811;-0,080411974;-0,089366149;-0,091036607;-0,084635139;-0,07528066;-0,0936302;-0,085209234;1,671146896;-0,092972075;-0,063729684;0,182645288;0,689936332;-0,061312896;-0,069857545;-0,082229526;-0,086426857;0,560381027;-0,349702502;1,252082795;-0,091606596;-0,235631189;-0,094992604;-0,561121965;-0,073656718;-0,010623702;-0,075132771;1,770383952;-1,349306906;-0,093196763;-1,079204941;-0,084859344;-0,443954677;-0,076177905;-0,597622547;-0,07766639;-0,078127413;-0,067026742;0,218199282;-0,042405884;-0,062903761;-0,082802904;0,008509987;0,003417401;0,243629758;-0,080828298;-0,458050275;-0,091754964
-0,287820269;0,593016157;-0,002744748;-0,067294816;-0,046517918;-0,06755762;0,201881361;0,036124668;-0,118836027;-0,071193108;-0,001085012;0,987654805;-0,055936579;-0,032022159;-0,052437444;0,121787231;-0,058974299;-0,039117661;1,273720963;-0,035969976;-0,004704963;-0,036600669;-0,219941218;0,245801711;1,294307369;-1,187600306;-1,874213908;-0,015289128;-0,045415181;-0,033665512;-0,071290387;-0,335077975;-0,04694118;0,433667789;-1,321548854;-0,034807544;-0,119901033;-0,021191753;-0,090447666;-0,02369273;-0,678927995;0,523503825;-0,736154991;-0,051395757;-0,019922932;-0,055896908;-0,039513639;1,604381092;-1,624755799;-0,946594092;0,333349017;-0,108930157;0,002117594;-0,034617859;-0,046779995;-0,042510275;0,047167216;-0,293559147;0,867727581;0,213633832;0,380194684;-0,065534993;0,693851277;-0,053827451;-0,038090258;-0,039889301;-0,02306635;0,002453033;0,256008142;-0,964862387;-0,044396337;-0,488329124;0,041116401;0,350109846;-0,059010347;-0,054082201;-0,895893095;-0,017708259;-0,056453921;-0,044469268;-0,055436206;-0,061730611;0,095650031;-0,023322754;-0,028850835;-0,04624589;0,076523389;-0,555157844;-0,052001603;-1,200249115;-0,041653888;-1,893763903;-0,018543639;-0,929934113;0,524006608;-0,058684783;-0,040040818;-0,108364996;-0,040210338;-0,064487078;0,066325362;-0,03202268;0,251217654;-0,102919336;-0,052306142;-0,050202786;-0,45446331;-0,04310339;0,870001706;0,267493875;-0,031868232;-1,279644617;1,619262039;-0,038878592;-0,85489237;-0,028470002;-0,140242219;-0,061037991;-0,749414389;-0,212823658;-0,021204436;-0,039937188;-0,040024581;0,712824407;-0,870671505;-0,054515017;-0,050792874;-0,06043031;-0,568075315;-0,663504429;-0,016105076;-0,056302655;-0,044726237;-0,627133016;-0,032008097;-0,058013593;-0,178611278;-0,01145793;-0,035009628;-0,014862757;-0,046558718;-0,038032842;-0,065609536;-0,053063809;0,005478795;-0,603385235;0,063905294;1,834114833;-1,933091676;0,082339695;-0,047815999;-0,035043129;-0,009455756;-0,029131714;0,018124643;-0,052371731;-0,091776943;1,054286721;-0,05965022;0,011081257;-0,057769519;-0,04466489;-0,058856378;-0,036052622;-0,816972702;-0,035212324;0,353586501;-0,042102718;-0,058259605;0,290426843;-0,646773775;-0,544214632;-0,504302225;-0,653708693;-0,046674543;-2,196239426;-0,067487431;0,009334212;1,515636365;1,321858868;-0,978970119;1,435731388;-0,551787251;-0,851214451;-0,023373103;-0,028128945;-0,040251297;-0,041476958;-0,194877345;-0,046281669;-0,055980275;-0,565183224;0,766886308;-1,898211934;1,428724529;-0,061584299;-0,040502729;-2,579793247;-0,620050859;0,015618977;-0,054402616;-1,658798064;-0,042387462;-0,062241509;-0,05314033;-0,023350947;1,268503225;-0,064602211;-0,575846975;-0,006642922;-0,017495279;0,092740746;-0,047480511;-0,04988549;-0,056190335;0,004002721;-0,166568056;-0,026841287;-0,0678466;-0,06067592;-0,045260463;-0,045955772;-0,032712373;-0,686803515;-0,051995435;-0,224950944;-0,74976321;-0,053054008;-0,038578704;0,965944999;-0,555828443;-0,049663354;-0,051607557;-0,281276873;-0,045797831;-0,045640099;-0,052738729;-0,031641194;-0,031242834;-0,046729493;-0,057353424;-0,347727329;-0,063821131;-0,026426288;0,048072714;0,177704776;-0,040590705;-0,045133423;-0,052005764;-0,047391174;-1,219738659;-0,957834324;-0,72999904;-0,034561872;-0,627237695;-0,046339949;-0,888816705;-0,053811368;-0,028186708;-0,025062794;0,201097869;1,418186613;-0,065412255;0,418949303;-0,051880934;-0,067631816;-0,024381997;-0,679900582;-0,03934156;-0,040996792;-0,029511221;-0,107396314;-0,028405466;-0,031722115;-0,054737639;-0,036561321;-0,020991984;1,397180164;-0,042823411;-0,389903916;-0,051953967
-0,371348488;0,441117153;-0,009984064;-0,120625351;-0,115207666;-0,114477204;0,168629774;-0,082619607;0,781152708;-0,121051811;-0,071230908;-0,289372305;-0,094688356;-0,090982878;-0,105337451;-0,452137548;-0,094279222;-0,113647935;1,384870869;-0,083224847;-0,012738525;-0,100717992;0,222851895;-0,339467834;-2,202782753;2,916976597;1,138426918;-0,072876378;-0,102707633;-0,094393798;-0,111083161;0,109824492;-0,119705678;0,739711846;0,356999697;-0,123219709;-1,319855291;-0,085674239;0,007487817;-0,062619698;0,23316532;1,366220826;-1,396663928;-0,104877007;-0,043507621;-0,116933887;-0,099259914;0,324835929;-1,279067972;1,313921805;-0,647663012;1,392012246;-0,00789596;-0,114386702;-0,116803061;-0,08923085;-0,1122404;0,629575435;0,302132287;0,537262186;-0,573480051;-0,090462594;0,750000064;-0,102216331;-0,087228022;-0,117375099;-0,091386447;-0,01783185;0,201445673;-1,151142501;-0,026748933;0,45480045;0,004385859;-0,048261007;-0,111578708;-0,105314368;-2,128849807;-0,020781999;-0,117235772;-0,116973271;-0,113652089;-0,106473624;-0,049522805;-0,096067946;-0,052806918;-0,088426157;-0,617367349;-1,221862284;-0,083815471;-0,953581385;-0,101352743;-0,803511781;0,001789863;-0,351767513;1,611098533;-0,094254012;-0,098845432;0,669171479;-0,115668915;-0,096937264;0,022310121;-0,118763212;-0,879261399;-0,406308353;-0,101856648;-0,117870612;0,285226053;-0,038627379;0,402438955;-0,579411012;-0,09196629;-0,351727435;0,867398889;-0,092036826;0,022419152;-0,000629502;-1,322831247;-0,102607341;-0,39027772;1,325170888;-0,037870038;-0,118327638;-0,115150622;0,881752011;0,497474358;-0,107407309;-0,108984499;-0,095103202;-0,854237468;1,376560627;-0,0206095;-0,100999006;-0,110903512;-0,062521289;-0,016559011;-0,054868057;-0,50602102;-0,058649158;-0,095787034;-0,010996576;-0,062341698;-0,115304296;-0,12542278;-0,095763143;0,033820999;-0,621537593;-0,776403703;-0,121368199;-0,064266438;-0,160603313;-0,089136099;-0,107488822;0,006292257;-0,118430667;-0,051483914;-0,098820605;-0,297260303;-0,644470065;-0,105769118;-0,000108475;-0,088833603;-0,100623599;-0,102017691;-0,100625272;0,079850031;-0,08649438;0,0322441;-0,118027328;-0,119523743;-1,045228312;-2,156500094;0,364972445;-0,537390271;1,528789684;-0,095437191;1,32396141;-0,156949163;-0,020050603;0,524184653;0,661892204;-0,28759988;-0,55000763;1,233184047;1,253094166;0,014506481;-0,007517955;-0,114211397;-0,087477611;1,556880522;-0,092045008;-0,122629682;-1,07453656;-1,234345451;0,574212;0,343773411;-0,09965929;-0,083295582;-1,307170599;0,583616475;-0,031759509;-0,116152874;1,238636626;-0,0941135;-0,109793354;-0,093441678;-0,114078945;-0,374135913;-0,116022257;-0,901939851;-0,034450348;0,023299958;1,803159116;-0,121126933;-0,113396626;-0,090661563;0,008053807;-0,563032084;-0,11614411;0,005228146;-0,112073845;-0,101991854;-0,123054033;-0,094802929;-0,871225593;-0,094704382;0,267659745;0,741880902;-0,111472331;-0,033862843;2,368613873;-0,448737541;-0,043299121;-0,086843237;0,892165493;-0,103866213;-0,099286792;-0,090297846;-0,118611877;-0,103308766;-0,101244364;-0,098335297;-0,540721505;-0,122959269;-0,046460004;0,059747179;-0,083970735;-0,091324888;-0,089933549;-0,117004533;-0,12206889;-0,896192499;-1,315385476;-1,362127416;-0,109844076;1,889085925;-0,103250615;-0,33714551;-0,117407034;-0,0740248;-0,111925303;-0,0078462;-0,680175122;-0,116117333;-0,644048153;-0,099995198;-0,275376193;-0,099186004;-1,624377167;-0,102033839;-0,09313324;-0,099825556;-0,077709251;-0,027600756;-0,086864083;-0,114585525;-0,020256358;-0,01851365;-0,980832419;-0,103240951;1,469734778;-0,083869551
-0,227268052;-0,974415956;0,005088552;-0,076176868;-0,074691141;-0,064690044;-0,86424445;0,794569268;-0,059290642;-0,068938493;-0,014924777;1,296692865;-0,058679982;-0,072602359;-0,07162385;1,84052265;-0,050931849;-0,074350198;-0,091772991;-0,035164651;-0,008190323;-0,074075328;-0,073392618;0,888290469;-0,469098913;1,197166367;-0,194331814;-0,029305025;-0,067614651;-0,065892464;-0,078989229;-0,0889949;-0,055561613;-1,18243643;-0,076185213;-0,067937821;1,664115422;-0,054760636;0,093971903;-0,063734862;-0,787434291;-1,023173917;-0,699058237;-0,065800151;-0,021562496;-0,067979167;-0,049161179;0,06513654;0,054191006;0,566616485;1,593323773;-0,337928455;-0,005586487;-0,078672827;-0,05665492;-0,050571199;-0,003649406;-0,252388729;2,363002442;1,526946478;-0,255554226;-0,046426723;-0,70138135;-0,040609491;-0,06852227;-0,074941266;-0,039131484;0,005093433;-0,015591516;1,193211162;0,016739829;0,218975423;0,012236048;1,051906017;-0,048214953;-0,050103226;0,659507911;-0,001558913;-0,059196708;-0,060889155;-0,045722488;-0,044348693;-0,124593897;-0,041460523;-0,012050212;-0,061442747;-1,308835125;-1,1263757;-0,046876918;-1,40963736;-0,045004336;-0,808632894;-0,006491421;-0,773734143;0,668947421;-0,067210213;-0,055559822;-1,030616973;-0,07319359;-0,070791754;-0,049774042;-0,04411406;0,01915598;0,498158085;-0,07561915;-0,050442498;0,029585277;-0,008946306;-0,696645273;1,341329145;-0,071287939;-0,829417326;0,398134122;-0,058763799;-1,519602019;-0,006487631;1,952652156;-0,079925285;-2,35418472;-1,28793971;-0,045642305;-0,042370467;-0,064077499;-2,842714218;-1,134273755;-0,063681789;-0,057768513;-0,0597146;0,810633102;1,55557609;-0,015218326;-0,051317666;-0,075454713;-1,34516031;-0,000366664;-0,00833768;0,227323011;0,086921662;-0,044852013;-0,03610606;-0,042659387;-0,070263126;-0,044205914;-0,075750662;0,033322861;0,387088845;1,136800889;0,796861857;-0,769437239;-0,032072063;-0,062032001;-0,037297276;0,011397856;-0,036488386;0,042598123;-0,059752938;-1,55962984;-1,354458676;-0,059387019;0,001117913;-0,056539934;-0,059044824;-0,064329568;-0,048478503;2,047201431;-0,055677508;-0,067304005;-0,070162463;-0,058531001;-0,702037092;-0,110971212;-0,405475178;-0,84464372;-0,737858503;-0,078370696;0,60682142;0,268081451;-0,014015835;0,992227201;-0,413732142;0,255640928;-1,662812322;0,427138455;0,37685139;0,041185384;-0,01430163;-0,043330689;-0,039052813;1,140803989;-0,055420768;-0,073548654;-0,331856447;0,769960499;-0,786353733;-0,453102889;-0,066766517;-0,057668026;-0,813964373;-0,462902072;-0,024845706;-0,052140747;0,281124804;-0,060652359;-0,056463125;-0,043470909;-0,045099092;0,023607726;-0,054511076;-0,639958129;-0,005637105;-0,040057605;0,15042138;-0,06218934;-0,069244485;-0,04654752;-0,016285615;-0,279809705;-0,037256473;0,006521809;-0,041379434;-0,057137316;-0,075195867;-0,056576632;-0,655905565;-0,069541756;0,590986699;-0,231364962;-0,063825026;-0,020297687;-1,699800419;-0,233775359;0,005809571;-0,03501064;-0,873400161;-0,060478842;-0,045042099;-0,063570037;-0,048228828;-0,06837645;-0,048444591;-0,040624731;-0,550384571;-0,045324585;-0,044163832;1,798437246;-0,306990162;-0,030101915;-0,056787472;-0,054522951;-0,079911043;-1,477694876;-1,176435072;1,239333735;-0,063846755;1,779441342;-0,045683431;1,206840081;-0,064788358;0,013178308;-0,036142682;0,467610282;-1,142501125;-0,066928281;-0,72398467;-0,071336506;-0,061600694;-0,033494349;0,482736778;-0,065243283;-0,060630947;-0,05350865;0,203935954;-0,042602703;-0,053000748;-0,07605049;-0,021847614;0,01291187;-0,973708805;-0,080589209;-0,254462218;-0,03573344
-0,341120489;-0,546094214;-0,004589828;-0,068218302;-0,06823105;-0,091623522;-0,589522632;-0,455242298;0,082741053;-0,092146033;-0,050428702;-0,671711325;-0,0621532;-0,058367112;-0,093429669;-1,085532614;-0,067572731;-0,075213807;-0,156223908;-0,074501043;-0,036668273;-0,074777376;-0,075331004;0,473846967;-0,756681966;-0,203901179;-1,92045086;-0,037623155;-0,080273753;-0,08084294;-0,069971138;-0,223386625;-0,083613395;-1,11249996;0,219091846;-0,086875365;-0,003801639;-0,076523364;-0,058182575;-0,029985132;0,720302409;0,811532008;-0,09634236;-0,061113903;-0,011317412;-0,066018977;-0,076974173;-0,003276095;1,024821455;-0,06172065;1,028560424;-0,696663606;-0,021197144;-0,05921385;-0,086648621;-0,061223884;-0,148885645;-1,238084654;0,577871916;-2,015392453;-0,029051275;-0,064603681;-1,311086192;-0,065115977;-0,080659096;-0,087938972;-0,046073959;-0,007110429;-0,163834775;1,285090033;-0,015416482;-0,588079885;0,013040075;0,258249775;-0,073159762;-0,071639166;-0,554558134;-0,026889159;-0,076941024;-0,071421082;-0,066964086;-0,063660294;0,02604288;-0,079062759;-0,017019614;-0,062036861;-0,640951278;0,482377366;-0,055147836;0,438547074;-0,094905159;-0,667456718;-0,003981286;0,001918648;-1,037959439;-0,08697787;-0,052007022;-0,565531431;-0,056708221;-0,052429219;-0,029336841;-0,060002995;-0,711677582;0,035711255;-0,069933408;-0,063017983;0,084067937;-0,014716429;0,853047875;0,453076649;-0,070515994;1,037204412;1,297061056;-0,061507413;2,449907527;-0,017326679;-1,514352558;-0,070215688;0,515815038;1,435933454;-0,051987729;-0,077537028;-0,068602343;0,57104897;-0,397735594;-0,072488168;-0,068461149;-0,086766355;-0,152216643;-0,484118623;0,003546683;-0,05176622;-0,06241769;0,847229301;-0,012339667;0,006075306;0,674876853;0,037960508;-0,055842945;-0,032563647;-0,031853182;-0,057260321;-0,080829293;-0,098394074;0,209019217;-0,129868663;1,025980475;-0,411943702;1,160631369;-0,203846498;-0,079703429;-0,070486121;0,013795051;-0,071354487;-0,035601258;-0,078611179;-0,072203118;-0,754071696;-0,086093313;-0,010129844;-0,069691916;-0,078247656;-0,068065116;-0,093594786;0,814037763;-0,088605521;-0,132091683;-0,078513015;-0,064167585;0,118185299;-2,354531311;0,250478958;0,353740543;0,789668249;-0,072472294;1,030449986;0,119439852;-0,005601619;-1,16652179;-0,415388258;-0,687497986;-0,138564959;-0,327216775;1,108546268;-0,052869415;-0,008871256;-0,069156075;-0,058738024;-0,343425773;-0,056960789;-0,071890356;-0,900304715;-0,913100193;-0,250111207;-1,292264276;-0,08055197;-0,057585085;0,293020506;-0,517891476;0,005613912;-0,064229793;0,974419691;-0,04609925;-0,078830684;-0,064958101;-0,054379498;1,003866552;-0,089134914;2,255782027;-0,026211212;-0,06011694;-0,765011847;-0,082490785;-0,07590753;-0,071295648;-0,020397002;0,507818951;-0,061661905;-0,02209403;-0,057848347;-0,058839049;-0,094817771;-0,076187174;1,162000543;-0,081911664;0,313948152;0,908778296;-0,083569212;-0,026917149;-0,564598227;0,568553118;-0,00027727;-0,080359518;-1,353779167;-0,078529875;-0,091791584;-0,055211579;-0,066898644;-0,062963781;-0,066792324;-0,069099064;0,862457307;-0,061059485;-0,057646719;-0,249492963;0,871384687;-0,063515005;-0,051834001;-0,068892733;-0,084015276;-1,678015446;-1,126930375;0,882549948;-0,077072069;0,743061648;-0,077114778;-0,828793887;-0,087421628;-0,024659282;-0,072896384;-0,331716098;-1,773884909;-0,071786473;-0,914762063;-0,071134724;0,285583481;-0,07455825;0,555167314;-0,0687094;-0,078193854;-0,071126835;0,578579058;-0,011939393;-0,059982405;-0,073630098;-0,025433649;-0,005451097;-0,241872581;-0,095704082;-0,235279977;-0,061878623
-0,152715412;1,616097339;0,020717354;-0,064925218;-0,042440902;-0,050641358;-0,232365612;0,009992254;-0,41196805;-0,044997392;-0,011515486;-0,084989943;-0,043220566;-0,035228434;-0,040073778;-0,486783539;-0,054548126;-0,069997701;-1,782580078;-0,037750694;0,00308593;-0,042473725;-0,02013761;1,327765401;2,142214924;-0,670755964;0,932975065;-0,051156176;-0,049382077;-0,03283361;-0,062477987;-0,387225838;-0,037115409;-0,475710452;-0,644658934;-0,062088852;0,758304546;-0,055339873;-0,09543681;-0,052668611;-0,1517335;0,282518283;-1,776457103;-0,062899276;-0,051339351;-0,038470205;-0,048916087;-1,922239404;-1,987209461;-1,491437192;-0,031365472;-0,287801757;-0,006134976;-0,038779463;-0,054689471;-0,048633141;-0,066734801;-1,196135727;-1,226315699;-0,753544513;-0,1976233;-0,055267546;-1,367885126;-0,06761587;-0,039873079;-0,04177241;-0,026649451;-0,010245309;-0,282480802;-0,521760202;-0,010148485;-0,088651577;-0,022637294;0,46291612;-0,038632172;-0,064128517;0,629063906;-0,018670749;-0,052807098;-0,048361463;-0,053409618;-0,063422679;0,065542198;-0,045971198;-0,043520682;-0,047467312;2,29731176;0,413147289;-0,05069386;-1,634868595;-0,055031017;-0,727416034;-0,001153359;0,263270752;-0,526449917;-0,048513566;-0,031359079;0,672061252;-0,057794548;-0,053884886;-0,011055561;-0,030601851;-0,023492211;-0,342842341;-0,05076494;-0,049223305;0,139130578;0,012194007;0,189791464;-1,537595997;-0,036885868;-1,33955318;0,038921853;-0,046541892;1,018466265;-0,05189761;-0,569700693;-0,056237897;-0,85081295;1,19477549;-0,036311265;-0,038286554;-0,063431335;-0,165648508;0,69972026;-0,068921608;-0,054017232;-0,065051446;0,124686122;0,302305168;0,001660358;-0,035994737;-0,043329369;0,851896403;-0,017292016;-0,029787991;0,520677142;0,075459127;-0,040104266;-0,013500264;-0,037445304;-0,052430972;-0,060755286;-0,039836522;2,37524645;-1,615271915;-1,919352577;0,737507984;-0,74646384;0,057570402;-0,055292791;-0,057776199;0,010870548;-0,030636957;0,002097182;-0,070434922;0,153567481;1,664779987;-0,065228608;-0,008142373;-0,055696273;-0,034217035;-0,066706545;-0,069599672;-0,580061534;-0,059357203;0,543251788;-0,051509865;-0,043652918;2,273624023;0,872016115;-0,20934166;0,38470819;-1,240867559;-0,064128767;0,49884659;-0,470179847;-0,011341431;-0,058401916;-0,390314141;0,070795003;0,469581231;-0,042730192;0,589435805;0,011980787;0,005077523;-0,043528302;-0,064097774;0,707213679;-0,037932474;-0,03467347;-0,111409972;-0,063963268;-1,044408102;-0,740839925;-0,067467587;-0,029806068;0,842992234;0,048853455;0,00236388;-0,049407364;-0,63583489;-0,044955158;-0,054942243;-0,046838004;-0,048485898;1,528759649;-0,061312644;-0,948554797;-0,016210298;-0,032407536;0,2194338;-0,066110341;-0,042099239;-0,05971983;-0,019309309;-0,100499788;-0,03603328;0,048259041;-0,045941819;-0,045347867;-0,044237053;-0,067256949;-1,583961933;-0,034993621;0,433819561;-0,274421066;-0,029387558;-0,013838872;0,090862132;-0,738198115;-0,020142853;-0,064434535;-1,379617852;-0,042219646;-0,065019012;-0,038497668;-0,066519022;-0,052455755;-0,042224425;-0,036306871;-0,247591056;-0,058058972;-0,03655593;-1,701516586;-0,394901502;-0,042020495;-0,045345087;-0,058521929;-0,050883579;-0,895142485;0,646652376;-0,943814073;-0,05508426;-0,475687972;-0,067795869;0,509969372;-0,040899381;-0,015255727;-0,052351509;-1,526493441;-0,235391195;-0,067402838;1,234640725;-0,046805595;-0,329713846;-0,038504967;0,403843992;-0,044092701;-0,046600456;-0,03445618;-0,430748919;-0,085749214;-0,036274209;-0,052092314;-0,034773398;-0,00607131;-0,306844601;-0,059991326;0,788357013;-0,040973049
-0,295646516;-1,436433854;-0,018106243;-0,105154256;-0,099085513;-0,075532187;0,521678933;0,511807161;1,681509484;-0,079156107;-0,02635151;-0,565623456;-0,092643061;-0,096336812;-0,09363357;-0,793899248;-0,101884251;-0,095217748;0,679029955;-0,087082675;0,008661364;-0,093236707;0,104756395;1,133411454;0,734916358;-0,067568382;0,529943595;-0,076726594;-0,101253675;-0,089536745;-0,092323567;0,377720384;-0,068156763;-0,620006215;0,618793616;-0,097883077;-1,415131484;-0,069483958;0,017351269;-0,057447667;0,414412593;-0,625911107;0,788587418;-0,092408748;-0,027161276;-0,08509019;-0,071155166;0,615355604;-0,198460548;-2,008112895;1,740697975;0,274706005;-0,031677243;-0,092030482;-0,068524968;-0,102453714;-0,098305994;0,666707241;-1,928643599;0,246220284;-0,664825285;-0,082114581;0,788032651;-0,066607672;-0,072954206;-0,096845438;-0,058698705;-0,008315165;0,000374971;-0,34190509;-0,025494557;-0,172468087;-0,014106905;-0,432067266;-0,105141475;-0,101890483;1,132117838;-0,020041534;-0,08660305;-0,107447276;-0,102923037;-0,073359913;0,039563826;-0,088172963;-0,050956886;-0,086465761;-0,068759452;-0,329035849;-0,083531805;1,221431664;-0,091259629;-1,546019886;-0,001129002;0,724848953;-0,261919333;-0,063745989;-0,065286745;0,446469764;-0,094489976;-0,081896179;-0,050676292;-0,077256098;0,65855155;-0,673137783;-0,072824248;-0,094170564;-0,268934018;-0,002575607;-0,208975824;-3,035990079;-0,06810829;-0,619722508;0,979844172;-0,081849351;1,159754603;-0,002309871;0,152092498;-0,097204945;-0,427697303;-0,689541928;-0,056728619;-0,08068704;-0,073776815;1,007338617;-0,710775676;-0,079903115;-0,076948673;-0,098732047;0,73639492;1,331977649;0,007576366;-0,063452169;-0,087370028;0,235119742;-0,01657105;-0,045651113;0,917830097;-0,009983591;-0,082034347;-0,05132725;-0,041719618;-0,078653615;-0,096244995;-0,107952407;0,664752386;0,711632268;1,122466031;0,912614871;1,243862584;-0,033693862;-0,081732337;-0,094993361;-0,015145101;-0,075602675;-0,019590616;-0,097710925;0,086250504;0,559915447;-0,092608841;-0,007450508;-0,095609259;-0,089785213;-0,077274829;-0,099022003;-0,327414235;-0,091254409;-0,041165165;-0,080800719;-0,066575126;-0,183289053;1,547558668;1,135835588;-0,600869974;0,598435126;-0,095816249;-0,433872819;-0,041954502;-0,054953889;-1,783019017;-1,704238764;-2,345145635;-0,655996185;1,040512307;0,713668703;-0,051847478;0,00454324;-0,086022954;-0,077228162;-0,279534165;-0,074511004;-0,103671021;-1,274262395;-0,644816991;0,670877363;-0,162444903;-0,101856067;-0,063787976;1,194129058;-0,893264252;-0,002728577;-0,075847871;-0,457481991;-0,070886198;-0,087605568;-0,085799879;-0,071279745;-1,375316584;-0,080365952;-1,119782177;0,008388698;-0,027626213;-0,243305571;-0,081082856;-0,082258477;-0,081402247;-0,001747126;0,403719914;-0,090557708;-0,006627853;-0,06928128;-0,069520445;-0,10587541;-0,088340507;-0,817196979;-0,076977934;-1,033340514;1,094381273;-0,077897785;-0,027890719;0,093132637;0,801952809;-0,046798676;-0,068097483;-1,721172911;-0,088731704;-0,073147776;-0,099650307;-0,080334859;-0,084277222;-0,097174908;-0,085314553;-0,700721581;-0,091251183;-0,064910068;-0,242004773;-0,577707313;-0,092110666;-0,077448245;-0,086478042;-0,103671409;1,495131175;-1,07196437;-0,657929104;-0,072004126;-0,366178957;-0,077352937;0,462921758;-0,098092639;-0,006009831;-0,064008466;-1,46187451;-0,279157498;-0,083125122;-0,312554154;-0,086689972;0,062079254;-0,092968043;0,920577184;-0,09247129;-0,107594884;-0,07283381;-0,578655794;-0,051648837;-0,082740468;-0,074828973;-0,054786839;0,013567847;-1,7921873;-0,095458629;0,224352838;-0,055091953
-0,357697358;-3,473724309;-0,01414311;-0,105023821;-0,091086229;-0,105351563;-0,34894325;0,071288117;0,523843991;-0,116067683;-0,023322422;-0,45009903;-0,088557226;-0,092828425;-0,09521282;-2,642124332;-0,101437419;-0,116330607;-0,747560057;-0,075965131;0,001412405;-0,097997416;-0,074907266;0,627308433;1,640876526;-0,440349802;-0,949469339;-0,043242304;-0,100311842;-0,076834167;-0,112371881;-0,291330912;-0,092844767;0,472073032;-0,115660944;-0,094337632;-1,287077073;-0,065567631;-0,071953943;-0,104840775;0,311773062;0,496842685;2,435937683;-0,085551001;-0,051175495;-0,104320212;-0,094586741;1,424805677;0,743497811;-0,574702205;-0,453761632;1,527845779;-0,014181069;-0,115779093;-0,095436607;-0,091248893;-0,193675081;0,102965419;-1,527657463;0,915369687;-0,281308409;-0,092329706;0,819057533;-0,081726941;-0,070782794;-0,106283215;-0,09281926;-0,048198104;-0,338310458;2,890689933;-0,050103189;-0,61549437;-0,015942908;0,688186848;-0,106727928;-0,117566412;-0,168180836;-0,01333199;-0,089607652;-0,086469738;-0,116026937;-0,111302407;0,000510303;-0,068624663;-0,01829649;-0,089590029;1,1703871;-0,694531957;-0,071199442;-0,071478794;-0,10165641;0,120064741;-0,036759002;0,304649609;-0,218593847;-0,080034823;-0,082710076;0,646897922;-0,091630579;-0,094206958;0,028167367;-0,089085625;0,208654404;-0,113064506;-0,115740981;-0,077620374;-0,229241387;-0,042967433;-0,32838081;-0,689981783;-0,086714867;-0,820951174;-0,260872367;-0,116343345;-0,827240138;-0,078849288;1,43440069;-0,095769998;-0,009669131;-0,101799949;-0,038555613;-0,106564827;-0,095098422;-0,467833051;-0,75467818;-0,104939178;-0,090009569;-0,079918169;-0,886958996;0,674080424;0,008560755;-0,099625386;-0,109129964;-0,257697781;-0,012661712;-0,054722862;-0,122844351;-0,096258195;-0,093051402;-0,040621764;-0,046770355;-0,08792759;-0,09408588;-0,118821606;-0,67287485;0,237694104;0,076649297;1,119822284;-0,532914136;-0,097246511;-0,098653427;-0,087837126;0,01484535;-0,082844663;0,037942491;-0,098448686;-0,627084677;-0,785177988;-0,092979232;-0,02503273;-0,104665761;-0,083571941;-0,079231921;-0,087996273;-0,407899229;-0,079104528;-0,512056371;-0,089138218;-0,101594493;1,680533395;-0,841364322;0,033672282;0,847926891;-0,865123219;-0,104261447;-0,417534984;-0,545294018;0,032812445;-0,748435915;0,471119543;-0,018351727;1,653088574;1,376318685;-0,302039752;-0,068081654;-0,022510516;-0,101482588;-0,083270197;0,218702534;-0,084130017;-0,096468656;-0,112206843;0,215167284;-0,03051816;0,984778409;-0,105114209;-0,097333782;-1,344760202;-0,443415627;-0,005979055;-0,069553212;-1,108356563;-0,063516778;-0,108526733;-0,102245735;-0,096088455;1,22930719;-0,105316674;1,325020645;-0,045279413;-0,067282572;0,175798198;-0,104635888;-0,095615796;-0,095070286;-0,033917531;0,273277268;-0,084107775;-0,088702413;-0,08469292;-0,071192387;-0,09150839;-0,102648436;-1,653905908;-0,093081301;-0,382937704;-0,670499521;-0,082578457;-0,032384011;1,76227526;-0,773075659;-0,038244938;-0,07749509;-0,481118539;-0,10710549;-0,099892519;-0,08319228;-0,101488204;-0,106728416;-0,081775422;-0,074488511;-0,260191874;-0,094599415;-0,046038139;-0,417866475;0,019202143;-0,089560831;-0,066889936;-0,098021546;-0,118318028;-0,509960845;-0,722816943;1,070626182;-0,089129137;-0,650661119;-0,116226327;-0,02637448;-0,109077501;-0,050207691;-0,095706184;0,794916235;-1,853663174;-0,086673469;-2,178706292;-0,107006562;-0,387439641;-0,070194565;-0,627848765;-0,099773421;-0,114627647;-0,072221866;-0,226380302;-0,052350391;-0,072538113;-0,091792469;-0,054603622;-0,015334056;1,61606567;-0,112391799;-0,689053284;-0,07823769
-0,261422335;0,635002623;0,010264622;-0,051319027;-0,041712249;-0,06226423;-0,361924567;-1,439855705;-0,041721445;-0,06543455;-0,019864158;-0,700838638;-0,062068337;-0,067477849;-0,064966341;-1,698062619;-0,053983758;-0,040188522;1,130794248;-0,036976674;0,016051884;-0,06269969;-0,068658264;-0,973342137;-0,146178534;-0,693422959;0,063870049;-0,033977791;-0,04399935;-0,036062937;-0,072905806;-0,02444981;-0,069221947;-0,021886482;-0,081317686;-0,065507523;1,092187868;-0,064677059;-0,013126524;-0,088542676;-0,515240695;-0,013538905;-0,329425717;-0,064723995;-0,008119972;-0,050335284;-0,072347682;2,287115388;-0,137708857;-0,79007086;-0,801379814;0,833605696;-0,022514482;-0,056073307;-0,037644895;-0,043702519;-0,038824971;0,42040238;1,706898287;-0,102067083;0,470915255;-0,043720295;-0,696950033;-0,043346056;-0,050569782;-0,045022464;-0,03824857;-0,022411862;-0,12887041;-1,425341549;-0,038282303;-0,587374935;-0,017973451;0,19486524;-0,03955272;-0,071576915;-0,519295137;-0,024794951;-0,053785776;-0,038704081;-0,074373693;-0,073256538;0,023919254;-0,047917513;0,001587899;-0,065703624;-0,746149115;0,684938456;-0,029946936;0,884900769;-0,0637342;1,231136562;-0,010263359;-0,693750604;0,237907187;-0,039339443;-0,034281148;0,021009591;-0,039682876;-0,038916355;0,023146056;-0,038676389;0,35397843;-0,15834525;-0,057251107;-0,067330184;-0,486443968;-0,031526083;-0,535186839;-1,351129499;-0,049269321;-0,810120466;-0,550314248;-0,060859301;0,200364732;-0,030764581;1,21770645;-0,043974783;1,000152717;-0,175664547;-0,033915833;-0,057813739;-0,069375855;-1,328119938;-0,178362469;-0,065731981;-0,040421759;-0,044050886;-0,578254987;-3,039523226;-5,43E-05;-0,034315389;-0,069738781;-0,452579448;-0,025714671;-0,027005968;-0,132402243;-0,025867552;-0,050354525;-0,006775501;-0,027630077;-0,061213813;-0,061142352;-0,052431749;-1,319548877;-0,178060603;0,750366024;-0,782952958;-1,302556691;-0,045121987;-0,061690541;-0,048262066;-0,000446396;-0,040637273;0,036497507;-0,0435922;-2,868236897;-0,398881154;-0,055716698;0,000227295;-0,036483259;-0,031689245;-0,062882189;-0,058156427;-1,01948051;-0,036622879;-0,54899547;-0,06616812;-0,043807044;-0,154458058;-0,061174096;1,32843724;-0,294844874;-0,764276924;-0,043683384;0,884298963;-1,18556069;0,005157672;-0,960375576;-0,256203415;-2,128415143;0,980691288;-0,287855207;-0,247700052;-0,06164287;-0,006729781;-0,061143974;-0,053028071;0,112818863;-0,051535349;-0,05760893;-0,353435305;0,428237314;1,356439009;2,02372552;-0,055074184;-0,02949812;2,927598446;0,211311491;0,004482195;-0,060892696;0,00409974;-0,043355901;-0,059781153;-0,050698188;-0,032377627;-0,901578406;-0,040668137;0,747238577;-0,028390954;-0,058071356;0,493087618;-0,068992852;-0,044163165;-0,056695977;0,005302833;-1,695696753;-0,041971411;-0,070579732;-0,052951981;-0,049255471;-0,059878237;-0,046672296;0,81807115;-0,060382089;-0,566385159;-0,083286133;-0,049379177;-0,02317946;1,052506013;-0,59013687;-0,028794082;-0,045275309;-0,225815326;-0,05445118;-0,054226641;-0,057493551;-0,038943885;-0,045600044;-0,046476167;-0,054881104;0,230631815;-0,059950191;-0,027543086;-0,289492739;-1,002679252;-0,033670841;-0,057908669;-0,041716922;-0,055577343;0,064813426;-1,04199825;-1,816217824;-0,038771365;1,942822624;-0,067218171;0,558292211;-0,052108994;-0,026178695;-0,036319644;1,244161069;0,532978839;-0,06532306;0,45358352;-0,043837094;-0,893169748;-0,061151831;-0,890832778;-0,07055959;-0,054985376;-0,042530638;0,032236767;-0,01421602;-0,055690737;-0,038100448;-0,03077072;-0,007137069;0,510545381;-0,061367548;0,971561908;-0,036165247
-0,160496839;-2,054467153;-0,04183334;-0,077447533;-0,061410039;-0,064012873;-1,657183163;-1,307404172;0,169988035;-0,075915459;-0,012483176;-0,365772018;-0,049642231;-0,058251404;-0,046134463;0,53728915;-0,069887765;-0,064199088;1,072768036;-0,065293743;0,008778929;-0,059512859;0,02887265;-1,935496385;0,044634637;-0,969037412;1,455549328;-0,04310673;-0,045082373;-0,047814998;-0,069499775;-0,202479701;-0,043376958;0,939035558;0,055351479;-0,059131077;-1,123015624;-0,032250264;-0,039004681;-0,010252971;0,036009477;0,338023839;-1,539170452;-0,068540203;-0,013572087;-0,050671498;-0,047649183;-1,562374829;0,592662893;-0,313279898;0,319923945;-0,278237086;-0,001707959;-0,047832504;-0,069115737;-0,053221878;-0,148684877;-0,469492995;0,670942205;0,737184964;-0,310540796;-0,069173882;-0,440447849;-0,047924968;-0,044259463;-0,07736314;-0,042664415;-0,020352984;0,042769171;0,374354591;-0,045456175;0,430219032;0,010990138;0,2098019;-0,069364811;-0,060786151;-1,560941492;3,87E-05;-0,076659441;-0,048049604;-0,06804811;-0,048634397;0,071261719;-0,047049524;-0,02139908;-0,060893616;0,181528415;-0,099265835;-0,046959854;-0,564958477;-0,075514671;0,909046484;0,00302263;-0,589537087;-0,901436798;-0,06799608;-0,043153377;1,187237371;-0,067099413;-0,064009569;-0,051693688;-0,052353989;0,148790151;-0,190314763;-0,051610687;-0,041115637;-0,356915257;0,016870636;0,096920433;-0,330094765;-0,039486296;1,397683621;-0,709434729;-0,07895698;-0,299159819;-0,114253979;-1,172788888;-0,054505666;-0,925226141;-0,809500069;-0,035237351;-0,055355033;-0,044796799;-0,771699971;1,117804242;-0,066464814;-0,039194446;-0,04299778;-0,612976977;-0,827018571;0,010284646;-0,039025393;-0,067081202;-1,328612159;0,005282362;-0,053356357;0,231925748;-0,055040463;-0,054335042;-0,012800625;-0,035991486;-0,053694964;-0,065130123;-0,07373269;-0,236322648;-0,922795628;0,340534107;0,636823068;0,099646957;-0,02087567;-0,06145592;-0,065777932;-0,003906287;-0,03257896;0,0090733;-0,064890098;0,62014073;1,589683819;-0,056790289;-0,015851473;-0,06370725;-0,044277574;-0,039981856;-0,042103938;-0,227946623;-0,065764376;-0,091251557;-0,069461797;-0,043053738;0,007191329;0,773298509;0,635478749;-0,314980556;-0,406473407;-0,044604051;-0,69467599;0,704281532;-0,01942832;0,271382489;-0,496939567;0,258339697;0,258782208;-1,404590346;-0,740272285;-0,059253826;-0,020414838;-0,058713328;-0,052848796;1,114370975;-0,03205078;-0,064285743;-0,826169399;0,760216796;-0,040592835;0,44406202;-0,049499361;-0,037577882;-0,704165302;0,084874578;0,017406078;-0,070674647;-1,026988827;-0,042053308;-0,047493934;-0,060464012;-0,05218441;2,161755541;-0,043108575;0,883760738;-0,049215982;-0,079734881;0,01353847;-0,069847192;-0,06979473;-0,061483303;-0,023180953;-0,152153672;-0,053332866;-0,10429176;-0,067289759;-0,031583444;-0,065498552;-0,045574188;0,938068083;-0,053914353;-0,493904923;-0,599090348;-0,044504094;-0,029217327;-1,310456004;-0,027336462;-0,04142877;-0,043436751;-0,971435337;-0,054760524;-0,044390425;-0,041815366;-0,037255516;-0,05706284;-0,053002045;-0,066911103;-0,350308021;-0,05631755;-0,025383928;0,39428475;0,075884894;-0,030738424;-0,042868338;-0,055388132;-0,064703843;-0,407844635;-0,899922014;1,803016454;-0,047378286;-0,139385207;-0,074775932;-0,790281816;-0,05833875;-0,04031435;-0,060094726;1,675073338;-1,201519935;-0,065072862;0,045754591;-0,061419522;-0,693560647;-0,043364214;-0,200426075;-0,049637015;-0,074186923;-0,057990163;0,291570849;-0,022583515;-0,04181139;-0,063036513;-0,03607806;-0,013216187;-2,35182929;-0,059051976;0,288299589;-0,038812808
-0,247557796;0,969864294;-0,022034569;-0,060368581;-0,030054778;-0,040138829;-0,360697861;1,214752831;-0,885533574;-0,054153975;-0,022646118;0,124761987;-0,035716666;-0,05844634;-0,040342487;-0,896584445;-0,042632967;-0,03193382;-0,786773348;-0,035026534;-0,031838999;-0,041575797;-0,015257856;-0,554559464;-0,63832953;-0,322453563;-0,330596598;-0,03178511;-0,060629205;-0,05165691;-0,051843778;-0,146091253;-0,056279865;0,213739496;-0,175941379;-0,065990699;-0,33632023;-0,051374545;-0,072127122;-0,002939759;0,09111433;-1,517509619;1,324061306;-0,034530297;-0,026217461;-0,065528611;-0,061221989;0,717836606;-0,071323465;-1,367607454;0,284065274;1,176285238;-0,021664218;-0,054030906;-0,040251459;-0,050333594;-0,066725047;0,752673399;-0,244277311;-1,366150798;0,059136728;-0,064002342;-0,66119811;-0,057965095;-0,025162243;-0,06328446;-0,030309494;-0,005589787;0,176942551;0,802598483;-0,036589358;0,019915028;0,008165201;0,600607434;-0,050052081;-0,064000928;0,100429572;-0,012707776;-0,063037866;-0,04733942;-0,0324581;-0,052224812;0,078488538;-0,028529291;-0,023873297;-0,037512739;-0,573012144;0,232168596;-0,036168164;2,320339012;-0,046581349;0,992051709;-0,027380277;-1,551468307;-0,036999164;-0,051263293;-0,030197283;-2,374385687;-0,039786153;-0,040146014;-0,106185581;-0,042771245;-0,128453101;-0,466459749;-0,060358052;-0,031575224;-0,700136652;-0,022626386;-0,621328468;-0,949859869;-0,05277944;0,447898444;-1,824984205;-0,038948009;-0,13160171;-0,090529159;0,559879889;-0,04479306;-2,368225536;-0,51707698;-0,046988532;-0,058690558;-0,063914332;-1,530758893;-0,622967591;-0,058322593;-0,030180354;-0,052069093;-2,264966743;1,077372943;-0,003943425;-0,027740766;-0,056638004;0,453002006;0,004212231;-0,067007621;-0,333003854;-0,031499304;-0,043854942;-0,01049885;-0,025185414;-0,030381565;-0,066000004;-0,047318878;-2,107789367;-0,512682305;-1,499631765;0,300628322;-1,152340967;-0,038175038;-0,03209729;-0,039628224;-0,012566229;-0,045722622;0,019092089;-0,054203014;0,704926407;1,216620898;-0,02964456;-0,014270883;-0,029105376;-0,042206646;-0,048193272;-0,043794302;-1,62336075;-0,033434644;0,10921483;-0,053719453;-0,034961543;-0,186691959;-0,421667463;1,697622935;-0,654857357;-0,002558324;-0,02974586;1,339898338;-0,343869146;-0,025599931;0,933694635;-0,794514726;1,765392356;1,841062039;0,107418799;0,008092739;-0,086088118;-0,012673406;-0,034760442;-0,050580905;-0,527871118;-0,022171441;-0,034545346;-0,158170043;-0,353402202;1,924571726;-0,227643816;-0,043975138;-0,046119131;-0,997435128;-0,078757539;0,014728309;-0,053923073;1,155048506;-0,048986564;-0,052465875;-0,038581626;-0,033474609;-1,90888389;-0,065070561;1,461468023;-0,035039625;-0,111519284;1,20183795;-0,035577951;-0,032376494;-0,040569259;-0,009323532;-0,210210633;-0,058137972;-0,063528093;-0,037625841;-0,051689641;-0,061543217;-0,040992079;0,708796021;-0,031258178;-0,432104399;2,215146375;-0,058607304;-0,017886516;-0,901550758;-1,071623436;-0,057828716;-0,023233093;0,798708697;-0,033689589;-0,054156466;-0,044428335;-0,053955559;-0,044019605;-0,030138564;-0,060869313;-0,409915654;-0,031546393;-0,031335293;0,990539927;-0,724064496;-0,033833035;-0,024959328;-0,046886837;-0,046431281;-0,738338839;-1,383783565;1,250192128;-0,041102718;-0,02190099;-0,03874169;0,864468409;-0,035223872;-0,048027934;-0,033899575;-2,850604778;-0,60870207;-0,046613676;1,172357265;-0,065969664;0,055863122;-0,039246787;0,61732925;-0,033422269;-0,038617436;-0,037711748;-0,580629881;-0,022020119;-0,044499633;-0,035884055;-0,035634873;-0,048424358;0,218792704;-0,039707175;-0,325197326;-0,024514941
-0,242516129;0,879670088;-0,000939961;-0,075808528;-0,074944185;-0,073918549;-0,962447308;-0,616263127;-0,118631826;-0,060731805;-0,009848197;0,865713879;-0,057409829;-0,048341108;-0,060384601;-1,815807516;-0,082916218;-0,077067145;-2,34126833;-0,052212159;0,008882581;-0,056896305;0,17237513;1,730503005;-1,028334137;-0,633379905;2,113660153;-0,021503005;-0,05494923;-0,06604237;-0,07828051;0,09196909;-0,069220419;0,92256278;-0,852926887;-0,064111008;0,05741239;-0,033531052;0,046403878;-0,070849067;-0,875212598;0,154786583;-1,127837664;-0,077546463;-0,037294881;-0,073167795;-0,057041534;-0,697830808;-0,424027343;0,183292885;0,634116406;0,05064789;-0,012317977;-0,062783606;-0,050559677;-0,054865791;-0,134769295;1,884618377;-1,555469265;0,75870676;0,175873502;-0,076949746;-0,229667338;-0,079651389;-0,054983641;-0,080132699;-0,038162337;-0,040980581;-0,158456597;0,170283513;-0,040204412;-1,340253451;0,010522193;-1,653798073;-0,074014449;-0,05560798;2,550195338;-0,030869996;-0,055720295;-0,061362505;-0,083467274;-0,055097409;0,077562574;-0,059006323;-0,025076606;-0,040424719;0,188282987;0,13266228;-0,045534674;-0,261671614;-0,084650504;0,400203561;-0,031620707;1,187541648;1,21065311;-0,069703101;-0,058813888;0,876723508;-0,054301756;-0,066809814;-0,043316483;-0,056780752;-1,078973668;-0,452084191;-0,055214385;-0,055154824;-0,155375248;-0,036244728;-2,154519975;-0,891345358;-0,063282682;-1,558972249;1,406741002;-0,065643023;-0,565189386;-0,058952218;-0,5159049;-0,057609414;-0,245828269;1,301854611;-0,047948947;-0,071840871;-0,059006846;-0,194909661;0,819089489;-0,083323457;-0,060934306;-0,052758437;-0,201648797;1,880590516;0,01377796;-0,074172577;-0,07187018;-0,435518416;0,002106453;-0,039437123;-0,586146326;0,039172723;-0,039587337;-0,025170579;-0,035475089;-0,068381822;-0,068687527;-0,075536802;0,901376266;1,070788567;0,765910604;2,187220703;-1,437030065;0,009838926;-0,049989752;-0,060654092;-0,006687515;-0,033729516;0,024923107;-0,073623314;-0,750725185;-1,62015364;-0,063576531;-0,005560509;-0,05133636;-0,049498198;-0,058221874;-0,081270606;0,152262345;-0,063991022;0,115681282;-0,062452827;-0,063959263;-1,842231518;-1,44938118;-1,046439902;1,434551917;-1,61095694;-0,074948181;-0,081464877;0,384696802;-0,026512943;-0,023704669;1,437563882;2,070007134;-0,433488917;-1,411458611;-0,608091025;-0,053023827;-0,002509358;-0,055077425;-0,070555441;-0,386103823;-0,0637927;-0,083523587;-0,838043252;-1,064373269;0,292785618;0,212385758;-0,062558799;-0,036029119;1,523304453;-1,05493852;-0,023462924;-0,045578491;-1,867533718;-0,036176111;-0,059918674;-0,04483418;-0,039371886;1,332355438;-0,08070877;-0,586775401;-0,003026205;-0,025265022;0,092526831;-0,053086497;-0,061608044;-0,074946161;-0,005782496;-0,311289589;-0,055976488;0,004791649;-0,065485069;-0,064689393;-0,084785861;-0,045567911;-0,584041069;-0,064952929;0,423451794;0,987137799;-0,055176272;-0,011560078;-0,123995137;0,463224553;-0,019721564;-0,042183007;0,172850807;-0,080908974;-0,069362999;-0,064738128;-0,062682504;-0,076818876;-0,072102529;-0,068623797;-0,312389648;-0,062235116;-0,044433751;-0,245799671;0,329459811;-0,048859033;-0,058825438;-0,055868631;-0,053821861;0,700721514;0,845659824;-0,912062442;-0,059973017;0,130706236;-0,066911766;-0,416581311;-0,0744866;-0,055302412;-0,052006763;-0,180629995;-0,741886938;-0,077791348;-1,170503507;-0,053286724;0,240859581;-0,074092379;-1,567400665;-0,054840241;-0,076719198;-0,050049144;-0,869464942;-0,023377159;-0,056286182;-0,052735492;-0,037596775;-0,025209728;-1,756647295;-0,085284383;-1,310025898;-0,04748323
-0,428113959;-0,151570466;-0,018689569;-0,108476483;-0,119709395;-0,108837208;-0,100845418;0,267576806;0,942996007;-0,109479717;-0,071311832;0,663616891;-0,103880606;-0,087583982;-0,121961787;-0,007614877;-0,093834112;-0,101374419;1,089447292;-0,112190485;0,015601816;-0,124187113;0,271516085;0,905451741;-0,217196601;-0,378804857;-1,249386629;-0,059368291;-0,12542476;-0,099778414;-0,114995996;0,299039425;-0,083908327;-1,540636414;0,652363819;-0,092840611;-1,361526094;-0,097608421;0,059081381;-0,126297592;0,024460942;0,070565467;1,126983995;-0,115366579;-0,056179776;-0,122423576;-0,103161745;-1,224631839;-0,239807563;-0,621460613;0,488155309;-0,630035506;-0,02855207;-0,109360207;-0,098809026;-0,088066386;-0,150089031;0,317253409;-1,910683312;0,082658503;0,3828747;-0,10378403;2,05590027;-0,099141514;-0,112692782;-0,113168322;-0,083082699;-0,043746317;-0,253347119;-0,27520452;-0,050153013;0,005369984;-0,013012456;0,116310976;-0,104204381;-0,114011578;-0,748267812;-0,028051891;-0,116930076;-0,101342673;-0,106861393;-0,121806108;-0,072190018;-0,11145255;-0,02485291;-0,094466402;-0,595859195;-0,776774695;-0,076370513;0,254856207;-0,093968615;-1,41766739;-0,030391836;0,723364394;0,412618465;-0,115757257;-0,107306657;-0,21633021;-0,110163317;-0,071157768;-0,009276222;-0,09595153;0,630066862;-0,582706346;-0,098367334;-0,08049913;0,162741877;-0,032576194;-0,593657692;2,100116405;-0,118758263;-0,865973868;0,094238036;-0,09316858;-0,619825857;-0,038447914;0,25704423;-0,105866114;1,834300803;-1,742829345;-0,053568386;-0,089087196;-0,111205994;0,789187714;0,718689884;-0,1211469;-0,088817117;-0,09780569;0,635425357;-0,88544925;0,01147834;-0,106560134;-0,111529446;0,464101375;0,001852681;-0,041236124;0,260589577;-0,089518076;-0,094140595;-0,019413527;-0,054939434;-0,096240398;-0,097685198;-0,114157994;-0,866281683;0,254589606;-0,700672277;0,806195989;-0,354743856;0,161881824;-0,105568015;-0,106248209;0,00585418;-0,079413829;-0,031560179;-0,107493716;0,002215827;-0,729747519;-0,089779572;-0,015041628;-0,089391086;-0,079528226;-0,112659494;-0,117284235;2,277908159;-0,081828301;0,006813791;-0,108096195;-0,094317549;1,097974817;-0,800830384;-0,107428676;-1,266378861;0,616904443;-0,118523609;-0,105642045;0,05455998;-0,023539678;-0,14348426;1,165728487;-2,129524482;0,554130435;-0,593682372;1,53092317;-0,000741809;-0,028656258;-0,106718304;-0,11577378;0,228779873;-0,106962811;-0,124493037;-0,022497542;-1,67933689;-2,206270526;0,180671383;-0,123728985;-0,08654467;1,178434534;0,262103387;-0,02593344;-0,098794103;2,471477794;-0,094144643;-0,115313212;-0,094215619;-0,102136547;2,693866731;-0,112500145;-0,344593265;0,004836541;-0,028323811;1,237671918;-0,114640587;-0,109946876;-0,096444022;0,017318382;-0,208911054;-0,110205655;-0,075584103;-0,117942132;-0,106749937;-0,093328521;-0,100043227;-0,936012414;-0,090523359;0,506961397;1,109094218;-0,071064289;-0,049927166;0,389212034;-0,134070025;-0,036670231;-0,101354593;0,833730695;-0,092841129;-0,102508997;-0,087496533;-0,082088935;-0,118326031;-0,110199425;-0,079812824;-0,80379372;-0,121354174;-0,069510273;-0,840524933;-0,680043351;-0,102870902;-0,091098581;-0,091604747;-0,110663306;-1,566414087;0,078925388;-0,017670079;-0,095946868;-1,020880886;-0,099959474;-1,301081934;-0,10654787;-0,045758713;-0,11489675;-0,084899454;0,940917459;-0,120597648;-0,759999497;-0,109945887;-0,683637712;-0,109534726;-1,104657577;-0,118042427;-0,119007857;-0,103071986;-1,211213005;-0,065553588;-0,08525595;-0,092518193;-0,025104823;-0,010981131;-0,956130137;-0,117217742;-0,319072813;-0,087133239
-0,401594047;2,732071086;-0,038128806;-0,099732761;-0,084650773;-0,102862788;-0,232343279;-0,488828964;-0,412813016;-0,093810865;-0,043956031;0,480935937;-0,107478376;-0,07928205;-0,095188727;-0,426255435;-0,113602278;-0,085236404;2,331703723;-0,071420382;-0,009795753;-0,08529506;-0,373278348;-0,797292404;0,546260093;0,101835626;-1,144886839;-0,040872855;-0,077088922;-0,078661873;-0,100623194;-0,197016487;-0,107812332;0,022233851;-0,779361122;-0,077188563;-0,919235926;-0,085752986;-0,031491633;-0,073900934;-1,26850176;-0,333474522;-2,506910159;-0,085563688;-0,02559939;-0,10250688;-0,102704122;-0,532370436;0,772571511;-0,490089752;0,696610275;-0,663189171;-0,026529042;-0,071649553;-0,109284752;-0,11076497;-0,115145014;-1,153972437;-3,045678703;-0,006082525;-0,50928514;-0,104752217;-0,38059113;-0,09189695;-0,085205219;-0,092258257;-0,098516616;0,002269417;-0,381520449;-1,42385318;-0,050544076;-0,274790451;-0,017357764;-0,35400663;-0,107295477;-0,081409287;-0,379521297;-0,007892725;-0,111736944;-0,085754473;-0,084801171;-0,092893646;-0,020678207;-0,097542749;-0,02998657;-0,104252714;0,27647336;-1,215876071;-0,092609102;2,978238112;-0,10883999;1,984840814;-0,002184998;1,58100214;-0,93558548;-0,082269861;-0,09755239;-1,183176764;-0,077258598;-0,097646997;-0,023962;-0,107764815;0,787296298;-0,061773292;-0,078394881;-0,093226663;-0,553657916;0,001133885;0,184482456;0,853255611;-0,076287689;-1,442559932;-0,026579838;-0,101883881;-0,427379725;-0,055845816;-0,460738376;-0,089542472;0,737644479;-0,042252007;-0,04937355;-0,102611084;-0,111715804;-1,554318589;1,455517734;-0,080075918;-0,101107102;-0,095894725;-1,148934229;0,912460075;-0,009429931;-0,077954519;-0,109791235;0,580514265;0,001661655;-0,054724048;0,093773346;-0,034213186;-0,081326322;-0,034024653;-0,036347537;-0,075121812;-0,089985107;-0,085236849;-0,574116429;-0,928689133;0,703649844;1,554972231;1,023734616;-0,045662181;-0,088398361;-0,082331582;-0,009193227;-0,072924012;-0,04976385;-0,083465483;-0,463866169;-0,293771251;-0,087680208;-0,000633233;-0,07801077;-0,072104092;-0,110056817;-0,095490929;-0,522056063;-0,094992606;0,034868669;-0,104397799;-0,08239732;0,65729351;-0,657272197;-0,187498613;-0,711620552;-0,333815043;-0,111996313;0,510303779;-0,612394836;0,026296127;1,943598648;0,35538677;0,420667034;-2,937441137;-0,366740181;-0,399682643;-0,080406986;-0,003027248;-0,087168398;-0,083311398;-0,468825998;-0,06984967;-0,08387705;0,074316967;-0,214864778;1,63673118;-1,472980259;-0,083845034;-0,10303729;-0,237653672;-0,330932133;-0,019506101;-0,079929332;-0,822616899;-0,086333998;-0,086344;-0,087002805;-0,099989324;1,910835818;-0,098410745;1,406113707;-0,004484587;-0,034555394;-0,35707807;-0,092134817;-0,085866722;-0,107730709;0,000408747;0,261210101;-0,074731203;-0,065809023;-0,089169403;-0,075214823;-0,101653915;-0,084217411;0,56186738;-0,103340706;-1,390956042;0,479129776;-0,062462424;-0,040337473;0,801743322;1,436784326;-0,038773876;-0,081771151;1,674238789;-0,10828747;-0,113018987;-0,096268511;-0,093222697;-0,082609147;-0,098108561;-0,09964089;-0,277314408;-0,103844859;-0,058951519;1,137099323;-0,084323116;-0,084480898;-0,084522001;-0,087470059;-0,082718453;-0,099272724;0,433645602;0,340571773;-0,105561087;-0,592680482;-0,091509475;0,337665756;-0,090459971;-0,026395504;-0,102645092;1,425407728;-0,301670029;-0,085761755;2,361259559;-0,089035372;0,285592875;-0,09021538;-0,096793828;-0,091194801;-0,085164772;-0,074711127;-0,41691212;-0,012511889;-0,09668456;-0,094174612;-0,029526344;-0,012348163;-1,224153675;-0,080565544;1,054523305;-0,100086778
-0,209382013;-0,994096682;-0,041336129;-0,060251342;-0,08255929;-0,077649077;-0,305439866;0,387689757;0,082730699;-0,064051894;-0,037420707;-0,569738449;-0,072119384;-0,05308323;-0,068141908;-2,511727254;-0,066905798;-0,061583597;-0,574425157;-0,076561181;0,001028915;-0,059342708;0,277262815;0,049799276;1,439145379;0,264009464;0,325619457;-0,030502917;-0,089050329;-0,049450578;-0,091168625;-0,090337596;-0,065936603;-1,109549345;0,616914987;-0,087607167;0,755045068;-0,069193798;-0,088617998;-0,051352925;-0,022174279;0,518980734;0,657252734;-0,079313102;-0,019037429;-0,06468107;-0,066057003;-0,621868355;1,081682515;-0,055132502;-1,202568272;-0,472007524;-0,001219701;-0,053999233;-0,059788481;-0,060609658;-0,13413227;0,429605119;0,502264496;-2,193678639;-0,425955675;-0,057909155;-0,510269393;-0,061250613;-0,055498851;-0,068058441;-0,049952716;-0,020865998;-0,002329305;-0,16006466;-0,046893885;-0,275774162;-0,004264921;-0,641950278;-0,06770874;-0,091341494;-0,810516743;-0,003054034;-0,065346082;-0,068218823;-0,063025767;-0,081918056;-0,072318167;-0,060175853;-0,009233024;-0,078211151;-1,742736274;0,77873543;-0,061567542;-0,435740013;-0,083246753;1,218877876;-0,018965523;0,906432867;0,197580618;-0,058473028;-0,04158338;-1,07484824;-0,075898606;-0,047170392;-0,000692169;-0,063085223;-1,070837934;-0,520978642;-0,065539845;-0,07522548;-0,704446103;-0,003430821;0,482848135;-0,332512064;-0,083752298;-0,421514399;1,154062594;-0,080966383;-0,306870686;-0,088106469;-0,683722442;-0,08846306;0,56994354;-0,747731299;-0,034226234;-0,075748531;-0,060199173;-0,229095437;-1,14458694;-0,06360666;-0,05662434;-0,08873632;-1,055996862;0,002982478;-0,008470608;-0,060086676;-0,074506638;-0,228173061;0,009605483;-0,080705472;-0,099799295;-0,111985713;-0,042063244;-0,018081098;-0,065341835;-0,056745432;-0,060170825;-0,073968412;0,854979576;-1,389873903;1,086146736;-0,030057045;0,043263638;-0,17006363;-0,06118785;-0,056904245;-0,019721592;-0,069718527;-0,014191871;-0,057924585;-0,761800974;0,609974415;-0,066839796;-0,012031483;-0,071188659;-0,065460718;-0,051737726;-0,05839439;-1,095234656;-0,067002371;0,583984485;-0,052434492;-0,070568161;-1,154168001;-0,96314634;-0,109968581;1,713240714;-1,363452983;-0,061166052;0,380807657;-1,201820244;0,00614884;0,08121991;-0,886448307;-1,206965927;0,500651724;-0,1338792;0,563137612;-0,051214083;0,004227242;-0,074437491;-0,081308356;-1,280936129;-0,04790389;-0,077770609;-0,564619519;0,968069751;-1,362981757;0,121466224;-0,086242179;-0,062190951;2,008308477;0,727614456;0,003488908;-0,058937513;1,34593867;-0,063067803;-0,076406495;-0,067902578;-0,049794814;1,84876518;-0,058906945;1,343289353;-0,003290037;-0,069782202;0,732759231;-0,087179028;-0,073179012;-0,054324389;-0,016338237;0,384612556;-0,069918571;-0,135689892;-0,079364401;-0,076845641;-0,083126199;-0,066649445;-0,937482616;-0,085562235;-0,846164356;-0,618744804;-0,071747392;-0,039147142;1,289317466;-0,707307141;-0,061581197;-0,043829692;-0,604750344;-0,081367853;-0,083764282;-0,080931666;-0,055585522;-0,075866196;-0,071676826;-0,057381567;-0,771309552;-0,069123513;-0,056792895;1,526538907;0,043972063;-0,043872616;-0,06563039;-0,069448599;-0,084493568;0,618605014;-0,219259944;-1,167271605;-0,068521013;-0,677718397;-0,084921873;0,871178412;-0,088609328;-0,01900734;-0,054496145;0,761389023;-1,199499429;-0,086385068;0,74537841;-0,08592797;0,056850972;-0,078042644;-0,9245313;-0,068339121;-0,080230785;-0,058187267;0,008048083;-0,052797335;-0,04770557;-0,08688477;-0,026390761;-0,002911499;-0,301625483;-0,061284235;1,916449352;-0,054101298
-0,35628107;-0,145084227;-0,004544909;-0,093822298;-0,101008178;-0,110450487;0,040542169;-0,32005802;-0,119114965;-0,114862795;-0,041413687;-0,003566234;-0,111403669;-0,113945727;-0,11212283;1,370344959;-0,108378483;-0,101483277;-0,728450196;-0,0855353;-0,004905164;-0,096052829;-0,098129954;-0,13198813;0,018476975;1,171963929;0,34785018;-0,043428959;-0,112711722;-0,103996838;-0,091152484;-0,113217393;-0,105631086;-1,411193814;-0,256748427;-0,120099627;0,207186121;-0,095466667;-0,01732197;-0,074928817;-0,80532036;0,519762857;1,075439841;-0,11528498;-0,007298736;-0,11116708;-0,08377638;1,394302259;-0,897201512;0,017367587;-0,194368551;-0,956344886;-0,025091384;-0,102343686;-0,091320357;-0,105722396;-0,149424697;0,983666693;-0,524243336;-0,587247311;0,152860456;-0,119896569;1,119803494;-0,106915769;-0,082715305;-0,104650458;-0,094639969;0,006241532;-0,123957054;-0,679170436;-0,025126078;0,462888555;-0,010151862;1,20909344;-0,0985291;-0,116004407;-1,125487059;-0,011210797;-0,121961712;-0,108961748;-0,11424809;-0,096986144;-0,07191004;-0,10571815;-0,036800556;-0,095569914;0,826696562;-0,592406224;-0,074113985;0,960242172;-0,092809224;-1,157335083;0,003988085;-0,834477882;1,114234255;-0,1076972;-0,103875543;1,116898606;-0,086110327;-0,102010416;-0,032845921;-0,106502149;0,825441466;-0,588170346;-0,091124138;-0,113988119;0,27726757;-0,037031397;1,400673523;1,12525886;-0,086774394;0,725466437;0,024290911;-0,116249118;1,01810316;-0,029726684;-0,034295331;-0,124476947;0,380157087;0,859862165;-0,033810249;-0,114557009;-0,109772043;0,302981334;0,158641389;-0,092269699;-0,110961279;-0,108987927;-0,32200919;0,341926361;-0,00231402;-0,102852025;-0,106222474;-0,277558324;-0,03702776;-0,050446106;-0,431186369;-0,029734954;-0,078971509;-0,006231249;-0,049727524;-0,090923663;-0,109566802;-0,107474763;-2,221520678;-0,641261068;0,622596053;-0,131434318;1,385575171;-0,217950325;-0,101448968;-0,082792264;0,005182885;-0,089640184;0,063293178;-0,11864882;0,782032737;-0,788038153;-0,116529757;0,005859239;-0,091298691;-0,103808304;-0,104037269;-0,104506371;0,854534306;-0,11383303;-0,452600031;-0,099215153;-0,106075378;1,164266192;-1,511921237;-0,174614011;-0,67783652;-0,031594331;-0,103987508;0,824427118;-0,605214315;-0,016208491;-2,18707189;-0,273518059;-0,117192137;1,122449361;0,989957511;0,211929998;-0,057073326;0,011350894;-0,095847483;-0,118765196;-1,215498645;-0,084182194;-0,097047048;-0,349313909;-1,069126501;0,284497225;0,779935777;-0,108079448;-0,103554026;-0,0994897;-0,809269551;-0,028887748;-0,115647917;-0,385422643;-0,10087483;-0,106435233;-0,104272533;-0,077387515;-0,349529186;-0,08792072;-1,452284784;-0,023520265;-0,051620588;-0,571682261;-0,120925748;-0,08946095;-0,117321732;-0,018066629;-0,436040197;-0,105484251;-0,041204744;-0,087841889;-0,101387781;-0,095735936;-0,098482421;0,732374763;-0,095702776;-0,33850441;0,597459662;-0,080021775;-0,020597487;-0,339795583;-1,163481191;-0,000762389;-0,090765877;-0,694340057;-0,10968943;-0,121138938;-0,093884828;-0,11491528;-0,094975995;-0,10325193;-0,111759924;0,336457422;-0,1011858;-0,049626202;1,130781371;0,493274472;-0,096805338;-0,101349522;-0,110415581;-0,096071063;-1,723190117;0,753456594;1,323347343;-0,117672476;0,765974924;-0,121122358;-0,55448942;-0,106808695;8,00E-05;-0,109145674;-0,693727115;0,194985701;-0,105257543;1,080960017;-0,107628295;0,424724102;-0,079317446;-0,647506115;-0,089471552;-0,120578739;-0,103188268;-0,123726961;-0,028856782;-0,094488129;-0,107824313;-0,037617232;-0,000495182;0,190635166;-0,11754868;-0,287934484;-0,083018132
-0,363016566;-0,093795762;0,009465262;-0,119959988;-0,097568994;-0,11068314;0,481662409;0,502329015;-0,149996874;-0,121326788;-0,054910699;1,110045146;-0,113628271;-0,109728305;-0,101953302;1,212626208;-0,130778896;-0,133079727;0,462968717;-0,092747372;-0,007606456;-0,101379896;-0,382540899;1,43806996;-0,43999855;0,077141989;-0,02128513;-0,071749575;-0,098686835;-0,118126685;-0,111236396;0,130974826;-0,124839922;1,082811411;0,03271985;-0,120952607;0,55738256;-0,09037207;0,041980253;-0,089585003;-0,042479357;-1,37999018;1,10719002;-0,125287582;-0,015776868;-0,102101103;-0,103524798;0,815337083;0,929678694;0,151855611;-1,150550489;0,217605018;-0,021372432;-0,138850315;-0,107361573;-0,127839876;-0,051323367;1,810783024;-0,658158209;-0,940159847;0,28136227;-0,114484411;1,489392758;-0,106841197;-0,092980319;-0,11088623;-0,098829091;-0,013800393;-0,121275391;0,543082371;0,008125407;0,551532898;-0,028651751;-0,427512255;-0,096224638;-0,115908944;0,109626344;-0,004207926;-0,121630271;-0,111267107;-0,126846079;-0,100322817;-0,116454296;-0,099620951;-0,022581306;-0,11151562;1,582789016;0,569980996;-0,119349216;1,187067178;-0,107221707;-0,362857369;-0,01149278;0,846170005;-1,394451211;-0,126948484;-0,100303029;0,029976094;-0,117258269;-0,067770532;0,008763365;-0,092106591;0,091796483;0,409372345;-0,123662696;-0,101067843;-0,140661511;-0,045299856;1,121615969;1,110842257;-0,105132863;0,041635155;-0,467235575;-0,110301783;1,44135757;-0,050618695;0,192678876;-0,118884328;-1,247695481;0,292756825;-0,039762657;-0,096235236;-0,09904092;1,131170086;1,290098066;-0,132339818;-0,104152133;-0,115058578;1,34852022;-0,719507165;0,01953764;-0,104458287;-0,105654491;0,241735638;0,00167025;0,005610006;-0,403624236;-0,061225994;-0,110581356;-0,029011331;-0,079460624;-0,090777598;-0,114045759;-0,130045332;1,116177448;0,033434373;-1,628255645;-0,034953464;-1,217960541;-0,116751926;-0,128454115;-0,122778544;0,015457934;-0,097576359;-0,048802879;-0,101227615;-0,573787853;-0,39987485;-0,098059353;-0,01581397;-0,098294478;-0,102528922;-0,102794053;-0,116964665;1,055836471;-0,092978747;-0,046806233;-0,092622945;-0,097596744;0,314612074;-0,819836972;-1,804774541;1,132435037;1,904983924;-0,123427981;-0,795085058;-0,036912416;-0,019469705;-0,318445167;-1,260668388;2,623997818;0,10225833;-1,60261045;-0,958695847;-0,006876411;0,002399881;-0,130312921;-0,098535674;-0,563894293;-0,086414426;-0,11934443;-1,46673943;0,599970614;0,08891342;1,016754899;-0,110422847;-0,102222439;0,062369797;0,64867336;0,008816681;-0,124161724;-0,242328648;-0,094260939;-0,096107467;-0,107258613;-0,084148982;-1,093622377;-0,1316506;-0,391583637;-0,032523961;0,001280259;-0,975011476;-0,110592783;-0,12790491;-0,093780331;-0,013226867;0,701388666;-0,093809778;-0,017867676;-0,119857757;-0,10052104;-0,102825526;-0,124771753;-1,008739823;-0,106479712;-1,479057532;-0,516010049;-0,10961277;-0,024946765;-1,254523243;-0,288837729;-0,053159907;-0,113561708;-1,222844296;-0,112094778;-0,126084683;-0,111618485;-0,127618792;-0,126900087;-0,123166741;-0,105593927;-1,570754253;-0,125196265;-0,044694766;-1,934409396;0,29149074;-0,088338718;-0,086127523;-0,104491134;-0,126387996;-0,474740905;1,493216304;0,610512916;-0,111849171;-1,178610219;-0,105694534;0,035243032;-0,105642433;-0,053582501;-0,095650957;0,77486789;1,028368577;-0,123719531;-2,247383576;-0,119495836;-0,333510155;-0,088566351;-0,813529487;-0,122108892;-0,114497713;-0,114897975;0,431323631;0,000639613;-0,089334849;-0,09897686;-0,004482435;-0,016980578;-0,557995077;-0,104018572;1,651451399;-0,089122283
-0,294375734;1,226397496;-0,020455393;-0,058173635;-0,05695698;-0,08067668;-0,274737473;0,08324978;-0,069273565;-0,056276896;-0,028149323;0,324922141;-0,071909384;-0,075706785;-0,055252894;0,253863996;-0,059987176;-0,063450231;-0,750925895;-0,07692033;-0,02654842;-0,088036141;-0,040107169;-0,354306319;0,176013871;1,166129049;-1,722251759;-0,048975459;-0,074433581;-0,068036113;-0,070779737;-0,416206927;-0,060002588;-1,312866141;2,240515228;-0,06434778;-0,65452599;-0,068112088;0,047086591;-0,087993634;0,023504743;-0,29138201;-0,291106023;-0,069549541;-0,041321494;-0,079213195;-0,074157593;3,291857022;0,728654873;-0,507417833;0,235098334;-0,064696388;0,00250347;-0,047251555;-0,078549318;-0,089235225;-0,165734288;-1,160770069;-0,747929006;0,322486733;0,015287466;-0,060741584;-1,164851507;-0,075216233;-0,050399498;-0,075795642;-0,045793614;-0,008323508;-0,661932002;-1,841261991;-0,034136897;-0,996045896;-0,012139708;-1,880044294;-0,071997805;-0,070393209;0,596845998;0,000977676;-0,076273397;-0,060795506;-0,067214022;-0,085955409;-0,005936423;-0,072591342;-0,05110458;-0,056019636;-2,192454851;-0,936918048;-0,080750408;-0,644974099;-0,090249058;-0,872651434;0,008124856;-0,034482004;1,136446754;-0,058888464;-0,054315909;-0,999499392;-0,068963663;-0,071204244;-0,067850544;-0,075789896;-0,844212326;-0,308747239;-0,082158076;-0,079157037;0,407359929;-0,011650579;-0,255883147;0,315987792;-0,064910028;-0,432412767;-1,279326513;-0,084939891;0,933784876;-0,088182068;0,438748696;-0,059209087;-1,264652945;1,388648373;-0,031980233;-0,054719693;-0,060598736;0,527385734;0,131560977;-0,057745299;-0,04628103;-0,062650025;1,287756867;-0,234155353;-0,012463857;-0,06675234;-0,074766302;1,025171977;0,02230153;-0,044917718;0,725342855;0,001019728;-0,064028191;-0,002917047;-0,036643325;-0,063568604;-0,078220156;-0,081185319;-0,932069859;0,547863112;-0,543705259;-1,222536719;-0,821252185;-0,142389585;-0,086069151;-0,085516474;-0,016664784;-0,056535629;0,034422138;-0,07951784;-0,586063088;1,524017118;-0,067292513;-0,001609705;-0,05931027;-0,065006595;-0,084226158;-0,076508593;0,59380022;-0,084556266;-0,056146843;-0,073518015;-0,049355205;1,208085782;0,855308553;1,424841065;0,46128322;-0,152735724;-0,077082121;0,651552313;-0,766611415;-0,013052018;0,022872429;-1,011166832;0,285084191;-1,350823189;-0,844241343;-0,930765727;-0,054002068;0,006215821;-0,070465366;-0,05872287;0,432358363;-0,051751506;-0,087104118;-0,565492687;-0,17304026;-0,606227678;0,107401199;-0,070472779;-0,065408984;0,832778785;-0,196376904;0,00166351;-0,058393188;0,262722178;-0,049604956;-0,087986739;-0,06208939;-0,056499115;-0,688019505;-0,061366158;-0,264708559;-0,017611663;0,012333835;-0,810809375;-0,07715244;-0,087151454;-0,077851148;-0,001570144;0,481207907;-0,050032747;-0,001925488;-0,064546357;-0,073348588;-0,05644685;-0,087143562;1,023259559;-0,063792922;0,168704315;0,614676595;-0,034631146;-0,037696151;0,842245913;-0,141728419;-0,067665498;-0,05340439;-0,630054636;-0,089416018;-0,082190896;-0,082702895;-0,086421891;-0,065458279;-0,058602629;-0,057886504;0,361758611;-0,077047137;-0,016342208;0,305348588;0,628011162;-0,065516527;-0,051164905;-0,076290699;-0,089834363;0,10297239;-0,993317642;-1,733255942;-0,081459683;-1,770397518;-0,084635622;-0,955314126;-0,065084289;-0,02875323;-0,081968774;-0,793583867;0,966588428;-0,081690767;2,024968436;-0,066730772;0,72316441;-0,076622837;1,301524363;-0,091611502;-0,078582683;-0,064383566;-0,463985551;-0,080661284;-0,04906138;-0,060227685;-0,026415181;-0,017871773;-1,033711871;-0,082502836;0,694782283;-0,050046019
-0,267600153;0,34705668;-0,019289313;-0,053224058;-0,057943815;-0,086571689;-0,269740222;0,200508315;0,35478721;-0,076763498;-0,03563789;-0,210957871;-0,070713551;-0,054106645;-0,059429071;-2,192595594;-0,061982909;-0,078212549;-0,216051032;-0,042993543;-0,005314771;-0,068663477;-0,216450368;-1,207810097;-0,745094943;0,596942685;0,357551348;-0,038368098;-0,082006068;-0,065589904;-0,052535883;-0,113081356;-0,064967134;-1,669855316;0,157927901;-0,066646071;-1,013221714;-0,03923777;-0,001593241;-0,018228275;0,597634224;2,340041661;0,943341288;-0,062304033;-0,027893433;-0,053540668;-0,060506025;-2,370033235;-1,113690807;-1,412370262;-0,35736028;0,366523263;-0,030252536;-0,040600779;-0,062276929;-0,072932059;-0,065805887;-1,261498732;-1,462204904;0,039874084;0,111841073;-0,074047831;-1,797106432;-0,053581888;-0,056733791;-0,073821908;-0,037495936;-0,026236543;-0,177873136;-1,322496415;-0,005259843;-0,250757779;-0,023516857;-0,956094972;-0,049346452;-0,07744258;0,222972563;-0,020447537;-0,056469428;-0,052872824;-0,073899995;-0,053012634;-0,031584416;-0,040349852;-0,025118915;-0,038370687;-0,043779386;0,04951946;-0,040197359;0,52986586;-0,061849384;-0,573367699;-0,018071565;0,626872857;-1,51902509;-0,065275057;-0,048350909;0,338384404;-0,072573197;-0,039841078;-0,048846225;-0,051853998;0,855076804;-0,480005104;-0,077229721;-0,043683979;-0,469942763;-0,011755397;-1,228193822;0,502059394;-0,046135952;1,044112197;-1,304833855;-0,068024221;-0,416115444;0,018718609;-1,170064032;-0,065119681;1,908955609;0,182334749;-0,038554638;-0,062013839;-0,07471053;0,408651324;1,37980722;-0,064406527;-0,059604009;-0,06304351;0,668972321;0,352525546;-0,004814291;-0,046004455;-0,069539696;-0,205877871;-0,036408813;-0,034202061;-0,448617276;-0,035951867;-0,048419382;-0,038071808;-0,039102413;-0,058562164;-0,047991947;-0,05037193;1,233035196;-0,275561501;0,258932268;-0,272888682;-0,723387131;0,046918223;-0,06498442;-0,03959898;0,00142391;-0,038245221;-0,085634839;-0,050821283;0,044363397;-0,387527276;-0,061330465;-0,000968036;-0,069205334;-0,048950475;-0,054837148;-0,060032756;1,824537094;-0,075903146;0,718363932;-0,047410871;-0,046932749;1,522596822;-1,332230791;-0,302018649;0,280978006;-0,168722179;-0,048123076;1,144262412;0,591580225;-0,024978145;0,691715387;-2,239317628;-1,353934123;-1,290842066;-1,259533146;-1,556418281;-0,030803583;0,018664826;-0,056621902;-0,067723502;1,879206275;-0,044914519;-0,057194317;0,124536533;-0,348333101;-1,246206244;0,876956498;-0,049739518;-0,067733627;-0,477564909;-0,033132834;-0,007764438;-0,060802386;-2,194607933;-0,036882235;-0,04927129;-0,056852192;-0,034286941;-1,315379747;-0,070367082;-1,108195692;0,018510266;-5,21E-05;-0,194404624;-0,056119646;-0,084032595;-0,068343167;-0,016159992;-0,173643842;-0,062759705;0,047023693;-0,062011171;-0,046151959;-0,047288538;-0,061095855;0,47511943;-0,072660397;-0,622305674;1,833059986;-0,055772053;-0,034861489;0,932566367;1,540620327;-0,018056306;-0,033221461;1,59183512;-0,07647199;-0,053300007;-0,041953956;-0,075478471;-0,050870512;-0,070929846;-0,037478572;0,533175046;-0,083481391;-0,01525423;0,682937174;-0,844042687;-0,043308829;-0,052704692;-0,035494202;-0,081213645;-1,98877477;-0,025176577;0,859880168;-0,063786221;-0,542926607;-0,071054354;-1,39599845;-0,08332088;-0,055863539;-0,048171894;1,185567155;0,62374309;-0,052646784;-0,792813819;-0,068798157;-0,331545526;-0,066504168;0,267070501;-0,08435007;-0,053611083;-0,049003967;-0,71917137;0,005223945;-0,050476933;-0,073771972;0,000506599;0,017185704;1,342518461;-0,077670034;0,574873768;-0,034392048
-0,445488684;-2,59072371;-0,002261935;-0,111706483;-0,101812316;-0,109143124;0,002490197;-0,286452189;0,2257786;-0,102586572;-0,0413721;0,853365687;-0,129033853;-0,127171045;-0,109387627;0,704639821;-0,126323441;-0,127190279;-0,302896187;-0,108287203;-0,022131364;-0,095256659;-0,449487307;0,477793928;-0,434684376;2,063837245;-0,066407231;-0,056987975;-0,1176617;-0,08873458;-0,125674737;-0,394170259;-0,115926748;-0,909470491;-1,725793765;-0,105321999;0,619050994;-0,095917786;-0,030950226;-0,106239446;-0,524042182;-1,676829445;0,294007153;-0,113380915;-0,034996737;-0,097022516;-0,104913811;-0,87196159;1,549133841;0,231097577;0,273932567;-0,435636124;-0,026347634;-0,139097039;-0,090767246;-0,098839492;-0,161759497;0,033441702;-0,22006601;0,971649954;0,007611954;-0,117239704;0,780782886;-0,108382809;-0,104481172;-0,130360862;-0,092569333;-0,012135639;-0,547906248;1,801050286;-0,014038547;-0,005786805;-0,018939102;3,063172188;-0,099998263;-0,114040675;-1,012262926;-0,004622253;-0,123277806;-0,13231992;-0,096281043;-0,117970942;-0,041033919;-0,11144501;-0,028013177;-0,108667701;0,834367585;0,536137297;-0,112204094;-0,927699024;-0,110645512;1,609313772;-0,014243929;0,507263199;-0,797784435;-0,119459976;-0,101684173;-1,677510374;-0,120365559;-0,102615707;-0,022275602;-0,108166601;-0,99531365;0,359109852;-0,096102084;-0,117944891;-0,192051272;-0,004585762;1,735845233;-0,946376351;-0,104095498;-1,054301574;-2,039157171;-0,117483432;-1,663724011;-0,055035815;0,612306539;-0,12559765;0,493948941;1,476759254;-0,054467322;-0,097939584;-0,102452459;2,089428999;-1,319960493;-0,104876477;-0,102002018;-0,125654756;0,97138818;-0,905950817;0,011327426;-0,092988353;-0,106641505;-1,986291854;0,010219879;-0,037809529;0,0076067;0,027684256;-0,104879231;-0,02693114;-0,080195687;-0,096975523;-0,104669267;-0,107137286;0,45712328;1,137321995;-0,80444121;-1,246898294;1,415759137;0,11557547;-0,098876435;-0,122808902;0,017640357;-0,08964767;-0,047945997;-0,095602346;-0,185885646;2,207042261;-0,101780436;0,006461514;-0,103809783;-0,11890639;-0,120042559;-0,113623988;-0,798840966;-0,1122158;-0,953648556;-0,093765726;-0,117074532;0,486466857;-1,135896959;-1,541756816;0,403253451;1,255079024;-0,10010216;2,018462934;0,118572084;0,017570273;0,234038712;0,595162568;-0,041854027;1,591642135;0,415227588;-0,064974816;-0,049432807;-0,009156818;-0,100965113;-0,097257696;-0,002121104;-0,107950047;-0,117111218;1,307907134;-1,000894469;-0,650739902;-2,332526573;-0,125509615;-0,100294623;-1,239486437;0,926873528;0,013971235;-0,096643634;-0,123980074;-0,082113466;-0,125603251;-0,086749601;-0,114757754;0,366498876;-0,120922267;0,007850342;-0,043313632;-0,023691418;-0,357180275;-0,130169405;-0,130121987;-0,110187108;-0,001901342;0,327470219;-0,100955558;-0,05261312;-0,103210816;-0,108616142;-0,117771235;-0,095351289;0,524490851;-0,1024188;-0,506005722;0,513418647;-0,114113973;-0,023661636;0,773355616;0,70202449;-0,039227901;-0,096084877;0,005612076;-0,129054165;-0,108185892;-0,090141764;-0,11347327;-0,114560556;-0,114647745;-0,114003655;0,501724716;-0,116249785;-0,073365584;0,805858787;0,442546165;-0,101353041;-0,095474245;-0,095547111;-0,120049411;0,470792719;-0,149231304;0,355462021;-0,116962301;-0,160576375;-0,106877709;-1,394403639;-0,107684997;-0,009959601;-0,121885816;-2,569932173;2,438712276;-0,105211809;2,250118667;-0,092833325;-1,020751784;-0,091183139;-0,050687921;-0,127379179;-0,124652442;-0,106947201;0,351093447;-0,041982674;-0,092014957;-0,101440355;-0,004834152;-0,025924917;-1,27410472;-0,11920684;-0,266971636;-0,10301633
-0,20398281;1,480044193;-0,013656615;-0,096566961;-0,078738733;-0,083732697;-0,187469591;-1,148973439;-0,520377266;-0,097679399;-0,03871938;0,215739127;-0,10526717;-0,07747318;-0,095076739;0,36498506;-0,086618625;-0,104580224;-1,655759256;-0,082488682;-0,025811106;-0,09792888;0,540353115;-1,353020015;1,669842784;1,399185378;-1,010898588;-0,0706793;-0,075402443;-0,094801396;-0,088443548;-0,035443529;-0,102107753;0,798627635;-1,489247181;-0,085582493;1,256975831;-0,09706077;-0,081216939;-0,041104992;0,203286914;0,715110711;-0,219501348;-0,095396054;-0,022820396;-0,110017109;-0,084703568;-0,831266326;1,290695988;0,27186395;0,311750134;-0,113724413;-0,025862721;-0,078242234;-0,104997873;-0,093662461;-0,084600228;1,168277218;-0,655926834;-1,047451426;0,134274497;-0,102677716;-1,125132566;-0,092020539;-0,079852492;-0,076708632;-0,070231557;-0,014068075;0,025630351;0,897679532;-0,004705738;-0,362329236;0,018703037;0,015541895;-0,079285824;-0,105949415;1,139990344;-0,024075249;-0,095027275;-0,076491676;-0,079841336;-0,107156359;-0,07711534;-0,092795925;-0,0059334;-0,081721657;-0,478001606;1,178635498;-0,068294632;0,114846451;-0,096709399;-1,692192175;-0,012680731;0,776418165;-1,179931411;-0,091012439;-0,087173184;-1,201192212;-0,100048493;-0,077462218;-0,070512235;-0,101050145;-0,108252645;-0,134548229;-0,081631222;-0,103988693;0,005956069;-0,019004339;-0,150716842;1,016899115;-0,073496883;-1,710202066;-1,830049901;-0,105173312;-1,012162511;-0,06191266;0,471464781;-0,107290112;0,587169607;1,666140868;-0,052765751;-0,081074035;-0,100172713;1,227439118;0,827999505;-0,111744114;-0,070297637;-0,074347005;-0,643113533;-1,073749872;-0,00988084;-0,088129627;-0,108341568;-1,169231567;-0,003504699;-0,007951699;0,401520416;-0,022243114;-0,066542791;-0,036100204;-0,039292611;-0,100151107;-0,075855975;-0,095574503;-0,248155856;0,164932936;-1,248335028;-1,227513742;-0,477046476;-0,145522663;-0,073692931;-0,093041573;-0,011644303;-0,088755129;-0,037266848;-0,100747369;0,591961261;-2,442238609;-0,078613992;-0,010263425;-0,070573378;-0,08812204;-0,0838925;-0,087730748;0,96050786;-0,104005891;-0,505098355;-0,080926531;-0,091313941;-0,54244883;0,919639294;-1,916767888;-1,201826966;1,215128373;-0,080730389;1,175845942;-0,634293694;-0,019126875;1,013019632;-0,144166027;-0,58788636;-0,508199686;0,316496654;1,848634456;-0,02842752;-0,024770051;-0,08511306;-0,073311813;0,104953832;-0,080955341;-0,098586907;-0,372134321;-0,363089968;1,277278945;0,342777304;-0,08989541;-0,08945906;-0,549432635;-0,610957657;-0,012419114;-0,082176883;-0,658554943;-0,065046728;-0,098197201;-0,086590584;-0,06754843;-0,082542963;-0,096497395;-1,434832786;-0,043158773;-0,006937325;3,353592438;-0,110457558;-0,08130838;-0,102649458;-0,01505739;0,474535538;-0,076270969;-0,051123124;-0,073022189;-0,087152402;-0,109412163;-0,090802286;0,035748033;-0,102593294;0,373773326;0,441044123;-0,103936537;-0,030752274;1,868034728;0,567446682;-0,028681997;-0,076111762;-1,939189266;-0,089941408;-0,108535871;-0,095262819;-0,075593512;-0,093586851;-0,080772753;-0,073109828;-0,174643059;-0,076041847;-0,062279701;0,85515646;-0,917301681;-0,067796871;-0,075800436;-0,095538452;-0,075663439;0,254252329;-1,17662564;-1,233145362;-0,080463418;0,041523928;-0,086750147;-1,351581647;-0,090700177;-0,049521229;-0,0859904;-0,473799964;1,525646232;-0,101379249;-0,229410944;-0,097238254;-0,574875842;-0,085993937;0,710131479;-0,07692295;-0,088427968;-0,068912588;0,030516057;-0,062219375;-0,079777186;-0,103247107;0,006142098;0,015774887;1,019825718;-0,106660622;-1,161468005;-0,088854024
-0,342537926;0,636460049;0,014185242;-0,077062404;-0,064241591;-0,090925031;0,365791269;-0,055238458;-0,083355534;-0,076169773;-0,011914736;-0,965566195;-0,066205732;-0,064399509;-0,096864168;1,785239474;-0,074829036;-0,075807311;-0,341616193;-0,087811927;-0,020831623;-0,094946251;0,208605251;0,877174405;0,017835996;0,840718386;-0,286852052;-0,043258552;-0,09583313;-0,079446355;-0,091039271;-0,047315805;-0,056997144;1,376077694;0,620706862;-0,08090518;0,012524756;-0,052712913;0,023369671;-0,078716015;-0,229086012;-0,939803239;-0,634074085;-0,084447839;-0,034944515;-0,071689693;-0,088092015;1,432281796;-0,771215194;-1,723765303;-0,560477396;-0,375101491;-0,028526912;-0,106200348;-0,092960576;-0,088394714;-0,070646344;0,303869848;-0,120748217;-1,726542326;-0,164673195;-0,087167029;-0,864102878;-0,096031808;-0,055924587;-0,093945939;-0,063921865;-0,009732784;-0,329386508;-0,541156344;-0,011357462;-0,915846625;0,003550578;-0,642898764;-0,087532598;-0,099030361;-1,216448241;-0,01889479;-0,083961743;-0,070570388;-0,068758373;-0,09669735;-0,108828105;-0,071675885;-0,035531974;-0,054440744;0,034770195;0,169070076;-0,079994796;-0,269380173;-0,085055027;1,331461382;-0,007350785;0,446137056;1,504149935;-0,088455802;-0,076343657;0,370631389;-0,065054036;-0,080068388;-0,044843778;-0,07023773;-0,480388724;-0,318289193;-0,096019007;-0,067468649;-0,02355065;-0,0168237;0,544492133;-0,176979926;-0,089699908;-1,295074538;-0,125418111;-0,078467891;0,456091743;-0,016681445;-0,638399496;-0,064904526;-0,066810537;-1,827518545;-0,062469833;-0,071488483;-0,092975605;0,003521115;0,275017434;-0,081621851;-0,057985346;-0,080990551;1,824944565;-1,217020473;-0,014748203;-0,065723683;-0,087678673;-1,018503148;0,012214506;-0,051590883;0,301710464;-0,00840785;-0,061748284;-0,004500479;-0,050579213;-0,078438671;-0,078345039;-0,069440069;0,488530124;-0,534468659;0,792152823;-0,786751749;-0,703845023;0,091151526;-0,082215776;-0,091542968;-0,000591734;-0,064533033;0,030971126;-0,099921271;-1,426223841;-1,036269831;-0,061374869;0,019656271;-0,071374827;-0,058699324;-0,078443203;-0,069997658;-0,149226102;-0,0841627;0,134261124;-0,06261201;-0,059641276;-0,185990713;2,480122009;-0,489264139;1,353250483;0,427518232;-0,088420092;-0,319016219;-0,240692001;-0,00456652;-0,49967914;0,006066243;-0,166988743;0,100809515;-0,254342907;-1,043679329;0,023586046;-0,001819163;-0,092870491;-0,075539849;-0,130011122;-0,061194562;-0,087575753;0,330160802;0,094801682;-0,022467267;-1,05072067;-0,08607695;-0,059155274;-2,246748371;0,118728633;0,030908201;-0,090436582;0,947842089;-0,063441469;-0,070102725;-0,068252631;-0,06860301;-0,449972467;-0,069601447;-1,084820132;0,007899942;-0,035089019;-2,84189948;-0,088508232;-0,087416529;-0,069262568;-0,019566976;-0,052901911;-0,084319709;-0,01843449;-0,088905887;-0,088113481;-0,085693853;-0,070616224;-0,055329527;-0,090374186;0,630826621;1,55063687;-0,062536122;-0,002370274;2,126317273;0,616003128;-0,025680212;-0,085857284;2,202644605;-0,067295115;-0,077405474;-0,060793194;-0,091467158;-0,088620659;-0,07242674;-0,067949688;1,503115012;-0,072922605;-0,055163386;-1,97844907;0,690088726;-0,065818054;-0,053709283;-0,058438434;-0,094661818;2,677373075;1,890588303;0,718643222;-0,08444557;2,463947302;-0,078283612;1,337124239;-0,096026984;0,005813861;-0,05670816;-1,678943722;1,57222454;-0,078519333;-1,420164435;-0,076266171;-0,030220086;-0,07117313;-1,891603631;-0,092964865;-0,071217306;-0,08168919;-0,031055747;-0,102221327;-0,071781048;-0,075762575;-0,033535257;-0,006541437;-0,492011949;-0,091834557;-0,550469364;-0,073473263
-0,221544296;-0,560456569;-0,022424587;-0,103169669;-0,106016972;-0,105585385;0,662193293;-1,256449722;0,519944277;-0,097315363;-0,064029434;2,167561048;-0,114305482;-0,102145544;-0,112981267;-0,220541477;-0,119643029;-0,094822036;-0,180987993;-0,099057095;0,005026637;-0,117127392;-0,105993587;1,251002568;1,309715516;-0,160173139;-2,613409192;-0,048919459;-0,116953769;-0,098530203;-0,112692959;0,082262842;-0,086616157;-0,525220503;-0,719086799;-0,103966882;-1,150539244;-0,09304081;0,016986694;-0,131654124;-0,467588656;-1,675162903;0,518329066;-0,093973214;-0,045817259;-0,086373642;-0,093461537;0,53418621;0,725694945;-0,236865742;0,558319699;0,016673207;-0,027956099;-0,122623239;-0,106618019;-0,085563402;-0,098795973;0,251121745;-1,315959818;0,553539619;-0,050356685;-0,099847142;1,203914537;-0,091052681;-0,094578763;-0,115094202;-0,074112302;-0,02411711;-0,153875507;1,634252826;-0,01392928;-0,015119104;0,011825105;-0,278242515;-0,098589157;-0,122492851;1,000941332;-0,01296511;-0,089011607;-0,09977909;-0,098450745;-0,089156486;-0,041449832;-0,090778162;-0,025961115;-0,073320275;0,283635562;0,272322845;-0,06895581;-1,470172663;-0,105441156;-0,715550255;-0,020546754;-0,058363209;1,489087796;-0,108503803;-0,082165487;-1,161245721;-0,075446125;-0,082404684;-0,055866472;-0,095291476;-0,244119754;-0,395829369;-0,120830517;-0,106446628;0,184547557;0,007487398;-0,246534552;1,810794814;-0,104033024;0,935032799;0,84546026;-0,114816794;-0,009616115;-0,013796777;-1,82207794;-0,100855308;-0,612804648;0,812062534;-0,041007052;-0,107300012;-0,088230078;0,147272352;-0,46995407;-0,118430679;-0,094435925;-0,10123781;-1,72655637;-0,13875627;0,003363061;-0,087719986;-0,114262787;2,241577905;-0,000202714;-0,073128984;-0,415647548;-0,00582646;-0,092856431;-0,02906716;-0,070044695;-0,085785921;-0,094410184;-0,119559046;-1,630322628;-0,605715607;0,528950227;-0,314011054;1,179437925;0,177190442;-0,097385782;-0,089361747;0,015527377;-0,090692132;0,101779877;-0,11206034;0,419912516;-0,8256404;-0,099483202;0,020984747;-0,106708406;-0,097884756;-0,096121225;-0,082943232;-0,590282354;-0,078507472;0,727864618;-0,10597949;-0,079040036;-1,262217141;1,308982878;1,858335254;0,334521998;-0,045778469;-0,109188931;-0,433047224;-0,078527789;-0,015022778;0,517368116;0,455221021;-0,244314191;-0,023409355;-0,773945344;-0,629177598;-0,016044102;-0,025251053;-0,097861484;-0,102311782;-0,369212814;-0,088461623;-0,084022981;-0,243849448;0,90617853;0,558258746;0,477293229;-0,087828638;-0,098102131;0,750567177;1,087878328;-0,008620159;-0,080606194;0,946609009;-0,07038406;-0,076862918;-0,076132506;-0,082610534;-0,82218806;-0,122323803;-1,42913754;-0,001449721;-0,061207015;0,381770067;-0,095425887;-0,107807224;-0,078153199;-0,002877921;-0,834830461;-0,076749697;0,030568926;-0,088488384;-0,095292304;-0,093313759;-0,103994277;-0,143414915;-0,082485256;0,079317312;-0,945088581;-0,089964165;-0,06365652;-1,140602871;0,324728158;-0,05583092;-0,091902668;-0,671488696;-0,111804297;-0,112203239;-0,103792319;-0,107324869;-0,101292317;-0,110277005;-0,082738924;-0,296302077;-0,0853085;-0,043643156;0,529672653;-0,633920736;-0,094261139;-0,081186127;-0,081206913;-0,113874361;-0,612068009;1,207482152;0,640232708;-0,10415793;0,309803328;-0,115172677;-0,707747489;-0,090659008;-0,041645884;-0,101229399;-1,187184401;-0,511870913;-0,091604969;0,19906691;-0,08276036;-0,92233535;-0,10605462;0,836507744;-0,098602291;-0,100479426;-0,084550871;0,116037038;-0,117796117;-0,094221209;-0,113981596;-0,0479621;-0,015367452;-1,403777614;-0,090993028;0,738566275;-0,077422476
-0,380387228;-0,173062886;-0,026853589;-0,124089144;-0,113975419;-0,141413844;-0,083763574;-0,598056525;-0,58919646;-0,126499798;-0,025814883;0,627788931;-0,113111082;-0,109309181;-0,136097777;-0,365374352;-0,13148774;-0,127766188;0,150158357;-0,116622929;-0,020855073;-0,107526741;0,535946966;-0,11136159;0,589900895;-0,973568092;1,405167896;-0,051659355;-0,131470906;-0,117664936;-0,139641534;-0,23994967;-0,11603874;-0,663032278;0,505256766;-0,113260576;0,146754937;-0,107601257;-0,082411273;-0,109991787;-0,745806503;0,750047379;-0,449132369;-0,116331539;-0,012597444;-0,127045906;-0,130982635;-0,135410158;-0,4187583;0,116894506;-0,164297961;0,085820006;-0,014727314;-0,119605753;-0,127249969;-0,137189253;-0,163384654;-0,979490282;0,547111274;-1,087277247;-0,203194491;-0,122472439;-0,328209338;-0,137949149;-0,103074457;-0,117242862;-0,111694066;0,021205992;-0,222848944;-0,147747972;-0,014095204;0,154636719;0,014752833;1,314736358;-0,130893139;-0,120848835;0,756926237;-0,019007896;-0,112016637;-0,139661899;-0,109364778;-0,130793591;-0,157692229;-0,117343785;-0,010846306;-0,121170284;-0,102770975;0,397798851;-0,109221364;-0,136072629;-0,126634623;1,541966109;-0,023384612;0,261073698;1,754460921;-0,137338467;-0,114831979;-1,014711196;-0,138917696;-0,092362759;-0,021538301;-0,111236458;-0,363029403;0,60022828;-0,113206639;-0,1070413;-0,030755923;-0,00235868;-1,01397037;-0,184875073;-0,127452238;1,852389307;-0,94705611;-0,117935255;0,669634139;-0,047283778;0,176808285;-0,13999969;-0,325599218;1,202436212;-0,067712547;-0,11621813;-0,111360532;-1,162656028;0,035703134;-0,125490142;-0,106944537;-0,122167182;-1,321313724;0,910480764;0,012606244;-0,100209117;-0,128740436;-2,164710747;-0,02414372;-0,000556738;0,38592952;0,137160256;-0,106162538;-0,015200317;-0,043007257;-0,129060306;-0,109784013;-0,115159866;0,616364904;-0,495028084;-1,168132072;-0,149376454;1,134987885;-0,153565311;-0,120220224;-0,126015277;0,018398524;-0,135314023;-0,04150679;-0,119098854;-0,369494644;-2,346902737;-0,105318424;0,006070554;-0,131530906;-0,112232041;-0,105269648;-0,127423962;0,859726629;-0,120467882;0,429963696;-0,11560393;-0,104115783;-0,745505184;0,754668425;-1,340222474;0,163760849;-0,582032173;-0,129885526;-1,783729013;-0,07833683;0,052417129;-0,833058708;-1,972056854;-0,608014961;1,662453564;0,58556084;0,095510785;-0,085363069;-0,009250086;-0,134546288;-0,138621167;-0,057867407;-0,110265981;-0,118472719;0,90147157;0,074505762;0,527565426;1,66467778;-0,125086646;-0,102575564;0,050677408;-0,264691469;0,012738488;-0,104559223;1,840478312;-0,105327988;-0,128575156;-0,129844478;-0,108884647;-0,71535036;-0,117335487;1,41753174;-0,01469688;-0,013189687;-0,46090492;-0,11127927;-0,133408325;-0,10750561;-0,006976951;0,025446086;-0,103257804;-0,005864943;-0,132429249;-0,087757156;-0,131462328;-0,122665389;0,32257537;-0,119369436;0,303959524;-1,954389177;-0,11563799;-0,006700947;0,171849618;1,185260358;-0,019616686;-0,137378388;-0,341587673;-0,109093502;-0,122424153;-0,115745791;-0,122178519;-0,121247634;-0,122173375;-0,098145037;0,799047144;-0,118979483;-0,063114783;-0,883161607;-0,446780331;-0,106296636;-0,097157018;-0,102289992;-0,132994147;0,662674786;1,090412312;1,108916302;-0,12182621;-0,1136551;-0,124013711;-0,106353317;-0,122225425;-0,022868542;-0,109527101;1,095661583;-0,723707088;-0,128432621;0,431566379;-0,115366454;0,671574075;-0,134127878;0,512455589;-0,125248454;-0,127896569;-0,112148126;-0,799364284;-0,025813233;-0,111451997;-0,109393951;-0,009866865;0,059641759;0,930370275;-0,136407542;1,137478314;-0,106828051
-0,411718029;0,432981513;-0,006787824;-0,10534696;-0,12253037;-0,132160046;-0,32479789;0,43931106;0,328269778;-0,12582498;-0,048809349;0,457707392;-0,110847143;-0,122015719;-0,118160677;1,892477555;-0,127204502;-0,111234988;-2,014670668;-0,096043553;0,023283527;-0,10552563;-0,064217342;0,071694552;0,355747674;-1,376984403;0,19536893;-0,081425047;-0,114151059;-0,119878972;-0,099579541;-0,214160273;-0,114450909;1,43068799;-1,167713085;-0,117603453;0,257692461;-0,094166489;-0,077099361;-0,133191788;0,086443844;0,227114727;-0,200411727;-0,104279498;-0,055810148;-0,126737968;-0,096373691;0,956713957;1,968006646;0,505932849;0,67848452;-0,128528101;-0,020754375;-0,119219872;-0,101405381;-0,123054943;-0,089741703;0,19817326;-1,081636306;-0,486408598;0,177614866;-0,124085365;0,037413948;-0,10554191;-0,106409724;-0,124051972;-0,110206488;-0,033930832;-0,478052487;-0,341600156;-0,059749165;-0,337966106;0,001736118;-0,106520704;-0,126109419;-0,119765568;-1,690537758;-0,017072193;-0,094940559;-0,118467858;-0,10170829;-0,127548248;-0,013004114;-0,091597783;-0,039656587;-0,088336711;-0,254628424;-0,007728534;-0,086608702;-0,039723389;-0,105293678;1,326173611;-0,020170484;-0,48900977;-0,596222168;-0,102921204;-0,1124033;0,298935638;-0,10187727;-0,07622214;0,003859527;-0,11347413;-0,163382273;-0,014763754;-0,122032019;-0,090217038;-0,249172187;-0,017613283;0,788649913;0,386956824;-0,089444102;-0,328568534;-1,828754234;-0,097536933;0,285831244;-0,033869792;-0,56552155;-0,09706021;0,908726607;0,486200593;-0,041715201;-0,110396752;-0,12762798;0,490773936;-0,25116501;-0,099930642;-0,10809593;-0,120598439;1,843824445;1,132231491;0,004057264;-0,109694799;-0,131033372;-0,713938659;0,008247876;-0,082138885;-0,34439206;-0,052797127;-0,105373475;-0,03833655;-0,080699747;-0,099484079;-0,100717278;-0,121029217;0,277368126;0,362349678;-0,488210749;-3,55102422;-0,018197098;0,109155234;-0,089921748;-0,100482829;-0,015699268;-0,087117975;-0,023404464;-0,128659414;-0,311809456;1,443334062;-0,087317509;-0,022471373;-0,115830083;-0,105624368;-0,095482659;-0,111805419;-0,326629705;-0,121092286;-0,940071496;-0,117697564;-0,105351924;0,022871329;0,6091898;1,626896207;-1,078243051;-1,439390355;-0,126687669;0,465907336;-0,682830953;-0,01319878;0,361461015;0,840792621;0,210707521;1,611494267;-0,798597544;-0,612406126;-0,049633328;0,00254552;-0,098171437;-0,104425188;0,281617226;-0,095047321;-0,124325425;-0,381463513;0,032702267;1,232043467;1,227138797;-0,102301175;-0,082245649;-0,927384273;-0,318487559;-0,019600014;-0,119409065;0,304681498;-0,112359756;-0,115808991;-0,114238329;-0,10863668;0,419651296;-0,129630641;0,667413517;0,017502245;-0,089845678;0,462938415;-0,116421397;-0,107861991;-0,091120534;-0,000301948;0,291722456;-0,108408738;-0,077806755;-0,121864905;-0,094565669;-0,119672871;-0,096629701;-1,633375583;-0,113843543;0,605370116;0,0373644;-0,113249343;-0,061737185;0,716329974;-1,555837653;-0,067530643;-0,098766535;-0,427138291;-0,111192707;-0,110557028;-0,115752653;-0,114911638;-0,114750325;-0,112453207;-0,101359222;-0,071400308;-0,108218612;-0,063329759;-0,159659817;-0,89584825;-0,108832442;-0,09206956;-0,091943208;-0,103100402;1,159543142;-0,371249824;0,550879742;-0,10666783;0,016706145;-0,108784451;-1,654196144;-0,099957447;-0,027768124;-0,112845244;1,613398906;0,51128409;-0,126009376;0,820468153;-0,114412479;1,102618933;-0,1068934;-1,364547387;-0,1165825;-0,099896678;-0,113876161;-0,650447986;-0,029124574;-0,09159604;-0,103711308;-0,07116504;-0,005759857;-0,523366741;-0,110992301;-0,505685729;-0,082464269
-0,376888553;1,940039523;-0,034699776;-0,14640218;-0,148584047;-0,138963504;-0,587456588;-0,247197998;-0,865578083;-0,158860468;-0,054281455;0,855965198;-0,152639667;-0,141771097;-0,139202967;-1,059483101;-0,136009989;-0,148903111;-0,478676213;-0,125568322;0,004060063;-0,152765535;-0,424748215;1,661934792;-0,064281187;1,41461426;0,609141322;-0,080421073;-0,126347479;-0,118337568;-0,148725496;0,457281659;-0,115967703;-1,541281988;0,347546597;-0,139006362;-0,847171863;-0,129354941;-0,003522535;-0,201256493;-0,113258479;-0,237168513;0,5074533;-0,133715384;-0,049576713;-0,123105402;-0,152280642;1,409476914;0,154754738;-1,208147727;0,207489475;-0,139786848;-0,019010408;-0,125575008;-0,141981394;-0,134073348;-0,240598657;-0,094630342;-2,164503164;0,683917032;-0,341045202;-0,131152691;-0,345445326;-0,138137954;-0,127831185;-0,158076623;-0,11479637;0,016286186;-0,430308505;-0,330846201;-0,033494323;-0,092439064;-0,028325503;1,61660477;-0,143679782;-0,147234647;2,24883422;-0,022995973;-0,155404901;-0,139076527;-0,149610701;-0,141736262;-0,15825035;-0,126410473;-0,07131533;-0,130400346;0,017886385;-0,574224779;-0,118947854;0,119958143;-0,147439411;0,357041474;-0,018368194;-0,720033407;0,786313744;-0,130003869;-0,119377604;0,517289612;-0,136420363;-0,125894458;-0,059582445;-0,121127344;-1,182535074;0,794175257;-0,140370376;-0,127969817;0,462363786;-0,001798313;-0,575642717;1,019583761;-0,151652595;-2,110511864;-0,389430586;-0,138962056;0,809348075;-0,089794239;1,318141344;-0,147439288;1,727039437;1,403329943;-0,056016314;-0,138592506;-0,151242472;0,817446921;1,042608905;-0,141929742;-0,133420792;-0,153006986;-0,419690849;0,571714926;0,006566234;-0,147648167;-0,13197708;-0,198664505;-0,01373047;-0,037312078;0,097071137;-0,070211836;-0,120312987;-0,046750083;-0,066748444;-0,1198369;-0,130408876;-0,154028441;1,750669761;-0,982799766;0,947628536;0,925893612;1,948859385;-0,095734048;-0,12334992;-0,115393834;-0,010369477;-0,133526365;-0,049464098;-0,147670396;0,420454438;1,429912369;-0,15115639;0,000254623;-0,126255801;-0,110933746;-0,130818601;-0,134161836;-0,780003021;-0,118827207;-0,665799176;-0,15584049;-0,124608023;-1,08931201;-0,018544118;-0,083033236;0,008450078;-0,503469576;-0,137498892;-1,240613633;-0,053679691;-0,039751973;1,095875809;1,718275601;-0,965601354;-1,000773789;-1,206773277;-0,713235756;-0,002001535;-0,014638988;-0,127369976;-0,121075191;-1,370968341;-0,108794011;-0,127986241;-0,4423306;1,584514756;0,969860432;1,123277326;-0,13362098;-0,10874004;1,833180563;-0,689505369;-0,027130501;-0,14346608;2,131906302;-0,106945767;-0,120941426;-0,145994867;-0,121683429;-1,585799486;-0,155404097;0,518533135;-0,056798509;-0,072511132;0,103778963;-0,137411041;-0,130867451;-0,126659873;-0,026092572;0,424045012;-0,121603142;0,021453586;-0,128684045;-0,14555644;-0,140630019;-0,140551771;0,608688491;-0,130976028;0,313501748;0,66309144;-0,120720056;-0,026819561;-1,620252703;0,827203207;-0,05781567;-0,108171568;0,783787666;-0,157059582;-0,129305383;-0,133867684;-0,134541175;-0,153933036;-0,120242523;-0,141349924;0,314438584;-0,156089274;-0,064745252;0,716663651;0,337135572;-0,120427659;-0,129569903;-0,108751295;-0,125357251;-0,64492283;-0,754188677;-0,427694536;-0,120691369;-1,799282431;-0,143373721;0,819681482;-0,151232825;0,026685827;-0,145741272;-0,339632074;1,15442224;-0,140935078;-0,671308706;-0,139030038;-0,961556195;-0,138918356;-1,889264772;-0,152818695;-0,12690659;-0,135631952;-0,786028373;-0,091514664;-0,121343999;-0,145263281;-0,036709306;-0,050009811;1,369888235;-0,161372052;-0,921848936;-0,119922391
-0,277310207;-0,583280323;-0,001934655;-0,10903973;-0,10941112;-0,127066881;0,335945188;-0,310109522;-0,268972791;-0,130534372;-0,044861104;-0,576389723;-0,127077245;-0,099887862;-0,127678551;-0,241735151;-0,111506191;-0,117206167;-0,938450215;-0,093804296;-0,046707708;-0,106170119;-0,273743681;1,005141203;-1,834610111;-1,220124867;0,831392857;-0,054362538;-0,120143143;-0,125292762;-0,129449086;0,130126755;-0,125767684;1,256113129;0,826492883;-0,116208523;-1,000367963;-0,094486117;-0,021470736;-0,095100164;0,424069861;-1,017773755;0,473053936;-0,140664038;-0,0467486;-0,122529126;-0,12256145;0,290788465;2,283343416;-0,562181293;-0,508423443;-0,219576124;-0,014382573;-0,098567837;-0,132334877;-0,126848334;-0,148155267;-0,239848928;0,235393556;1,113707149;-0,279643833;-0,113944981;1,6629139;-0,129678675;-0,112050202;-0,141529371;-0,08787726;-0,025233908;-0,419670365;-2,314070466;-0,036753658;-0,640513812;-0,050243926;0,124633489;-0,12889144;-0,123980946;0,685576153;-0,017788002;-0,138435883;-0,133213874;-0,125137701;-0,126864116;-0,033652422;-0,10465125;-0,045335948;-0,123001548;0,86766707;-0,508471592;-0,11283469;0,515564971;-0,118147009;0,599986778;-0,008242941;-0,244434789;-1,049314578;-0,095041761;-0,120019793;-0,602156337;-0,098600292;-0,13642848;-0,017010043;-0,100811915;-0,020073478;0,177181166;-0,109673313;-0,108165011;-0,66621896;-0,039035389;-0,311792008;-0,427058541;-0,123700169;1,775127608;-0,310339161;-0,11124345;1,307293077;-0,069181019;0,186664964;-0,111306066;0,781958185;-1,162374928;-0,055684943;-0,132357532;-0,130340075;0,346257085;-0,778114318;-0,108516114;-0,099642167;-0,102346496;1,083460768;-1,048955432;-0,009347115;-0,106389462;-0,107369523;-0,158446346;0,006878474;0,000407013;-0,126216774;0,033204223;-0,114275198;-0,012876376;-0,077292864;-0,106485893;-0,139247652;-0,132014521;-0,494173744;0,255408157;0,162430863;-0,931654172;-1,465509625;0,038149529;-0,109273637;-0,131060142;0,010631555;-0,091291003;-0,034578002;-0,123681438;-0,005039229;0,923770757;-0,123555505;0,004788101;-0,115216272;-0,114509174;-0,118292732;-0,129203735;1,719774779;-0,10084326;-1,116547583;-0,114605547;-0,124742332;4,012841371;-1,521314036;-1,822373198;1,784158459;1,886200069;-0,105346886;1,58185484;0,874678298;-0,051025943;-0,083562323;-0,667042654;-0,529142967;0,656523136;-1,133954391;-0,349709713;-0,039212326;-0,025167434;-0,131564889;-0,123660127;-2,630294722;-0,125318645;-0,113497492;-0,350548971;2,596937681;0,076310268;-0,783625266;-0,108254756;-0,095441791;-0,671535514;-0,380787289;-0,011751781;-0,118691627;0,690976021;-0,104761751;-0,133149226;-0,105643824;-0,087703499;-0,590653084;-0,122807235;-1,222299658;0,002305009;-0,032967284;0,268545023;-0,113560875;-0,133490728;-0,10582575;-0,001801183;-0,220912871;-0,115429085;0,014983136;-0,121031059;-0,127683543;-0,122431016;-0,12103147;2,252489675;-0,126883399;-0,016238794;-2,207441375;-0,143692247;-0,040447849;0,30399722;1,380287285;-0,035475504;-0,110836878;0,750194773;-0,135712092;-0,131452942;-0,122297927;-0,116593115;-0,120738702;-0,125777063;-0,117941187;0,139855419;-0,109019271;-0,068696893;2,27525499;-0,645089505;-0,094932686;-0,095126455;-0,108790063;-0,109010404;-2,184007213;0,173753775;-1,679116446;-0,133307491;2,392113863;-0,127422386;-0,666806603;-0,113279218;-0,03727679;-0,116278159;-1,376989299;0,531741044;-0,121176161;1,765242457;-0,116705041;1,147201218;-0,120018303;1,785704459;-0,131743271;-0,131677602;-0,106092362;-0,1742278;-0,108064277;-0,116212765;-0,135277796;-0,03700148;0,001850693;1,116676109;-0,123657507;-0,612252489;-0,108514405
-0,194849346;-0,0676755;-0,022574682;-0,074110673;-0,081098012;-0,09381168;-0,887446035;0,023367956;0,107709151;-0,07819265;-0,044400077;-0,87223469;-0,06980817;-0,072682545;-0,071282289;-0,577599981;-0,065558302;-0,091656951;0,682336114;-0,050846493;-0,020612141;-0,094375656;-0,019611786;-0,270518022;1,07769978;-0,263921515;-1,140939792;-0,027520696;-0,091908635;-0,056425108;-0,078516141;0,026914438;-0,076370459;1,162744813;0,935062987;-0,075109955;1,754983006;-0,055790037;-0,109261349;-0,051673463;-0,625973569;1,111750655;2,05401968;-0,090987645;-0,016668669;-0,079963555;-0,088541046;-1,090928396;1,987902223;0,9796351;0,514077959;0,143170386;-0,015411871;-0,052535152;-0,066187967;-0,069505248;-0,109386149;-1,101013333;1,12665013;1,26018209;-0,084151344;-0,089298777;-1,409231333;-0,066061439;-0,06127225;-0,094090509;-0,051318351;0,035970396;-0,247979494;-1,028218418;-0,029520131;0,470015248;0,008008731;-1,244394402;-0,061644017;-0,092662402;-1,623304547;-0,028909779;-0,076830761;-0,083365646;-0,080843121;-0,067027443;-0,002290953;-0,08794506;-0,053488231;-0,085585514;-2,220634761;-0,45169042;-0,054002322;1,268753904;-0,064311853;-0,019062798;-0,008886231;-0,399612445;0,431501374;-0,072854105;-0,05741241;-0,102002714;-0,086290642;-0,094118273;-0,006612805;-0,086406947;-0,479932138;0,600045261;-0,092951984;-0,073055569;0,047914503;0,013737461;-0,550140865;-0,744551588;-0,08550581;-0,929802843;0,663745637;-0,061531134;0,956515197;0,010883418;0,430257513;-0,061919184;-0,092361851;-0,971339376;-0,038075058;-0,092433755;-0,059689499;-0,206242439;-0,603450834;-0,071635237;-0,058199633;-0,085757759;1,042383228;-0,160794938;0,008391397;-0,056823371;-0,087908503;-0,096515637;-0,009959017;-0,005412498;-0,189320387;0,035104666;-0,06848361;-0,000265388;-0,045433645;-0,056243754;-0,082133001;-0,090103716;0,433007423;-1,30254003;-0,140610524;0,321365061;-0,778116176;-0,184954888;-0,057314838;-0,058716398;0,005016563;-0,057273528;-0,053037405;-0,081978802;-0,639753716;-0,817572587;-0,089258499;-0,017534258;-0,088954497;-0,086377419;-0,080478113;-0,089406276;-1,132087008;-0,060815538;-0,159605228;-0,071887754;-0,068224362;0,669349822;-1,558302596;-1,40893154;0,372089368;0,710934038;-0,082438472;0,261279366;0,621310939;-0,01034668;-0,936684711;0,511110134;-1,174406925;-0,714842643;0,531046595;-0,956531737;-0,026064748;-0,00649502;-0,082901853;-0,067095197;0,645071808;-0,079269447;-0,061674531;0,754438441;1,786039705;1,639743018;0,386227543;-0,082036027;-0,054814081;0,206280715;0,462793584;-0,000953273;-0,085850874;0,466205082;-0,058204938;-0,057153491;-0,071235271;-0,059616195;-0,468723979;-0,086208724;-1,051021588;-0,003973103;-0,015557387;-2,286936009;-0,067931178;-0,075648068;-0,062093475;-0,002423765;0,166349234;-0,056674221;-0,046865858;-0,08005861;-0,088449603;-0,088845739;-0,087727745;-0,849232771;-0,062580913;0,106304132;0,202479558;-0,028362359;-0,024990456;-0,337381866;-0,788500997;-0,001239827;-0,077597522;0,337424524;-0,06654979;-0,089065062;-0,078475114;-0,073052715;-0,074790175;-0,072611156;-0,055644399;-0,435655961;-0,079393555;-0,037330644;-1,205629698;-0,08005922;-0,048219869;-0,060880459;-0,07512538;-0,083652014;-0,834449123;0,477872295;0,143063907;-0,086559285;1,363359155;-0,086387309;-0,173566738;-0,069330102;-0,0225975;-0,090327566;-0,199852748;-0,49124012;-0,080975203;0,538410391;-0,058497628;-1,150680215;-0,057970568;-0,882860116;-0,088030959;-0,072949801;-0,079161116;-0,83925467;-0,04995137;-0,054447495;-0,069837923;0,009462737;0,018611988;1,048629739;-0,060675807;-0,721981378;-0,058996167
-0,22485038;1,186863647;-0,013098563;-0,076649365;-0,064309113;-0,075314586;0,513451982;-0,75879773;-0,229205076;-0,051894791;-0,004348153;-0,744364881;-0,059969214;-0,052421516;-0,048617144;1,45408842;-0,077264694;-0,051174537;-2,260834836;-0,043040021;-0,002563117;-0,051030081;-0,115675534;1,134228197;-1,062342697;-0,596908389;-0,229902551;-0,024781296;-0,052421217;-0,068559743;-0,071764235;-0,308419869;-0,076339593;0,050039294;2,164046096;-0,056120049;-0,281566563;-0,04925908;-0,032206289;-0,063959399;0,849553403;0,148824985;-1,932069551;-0,055892946;-0,048680662;-0,052240223;-0,063850372;-2,136223518;0,374306451;-1,21460936;0,901408592;-0,291731995;-0,019757143;-0,05652351;-0,045602616;-0,067213289;-0,122932334;-0,461847693;0,461597035;0,664159163;0,039641236;-0,057611679;1,07480726;-0,049444651;-0,054611596;-0,082797415;-0,043333866;-0,026886623;-0,375781642;-1,275211622;-0,04388509;-0,500884762;-0,014561419;-1,314008045;-0,05092316;-0,049650595;-0,835089831;-0,014682972;-0,076213479;-0,048792529;-0,082194623;-0,064874287;0,027812152;-0,04390937;-0,023040815;-0,067283409;0,666954426;-0,305766692;-0,039626663;-0,686644138;-0,081264491;1,612019035;0,002025592;-0,421407568;0,769183254;-0,056794821;-0,073265668;0,23224954;-0,07733251;-0,073484858;-0,039228428;-0,052333848;0,722508149;-0,053115801;-0,058896788;-0,074830878;0,338396485;-7,85E-06;-0,990261423;-1,214690809;-0,048411013;-0,950162767;-1,205726774;-0,072880789;-0,805452556;-0,027392157;0,006487177;-0,066633893;0,910892973;-1,09248294;-0,043534574;-0,0737352;-0,066944445;-1,363938418;1,391516593;-0,046840261;-0,044555991;-0,079630405;-0,027163293;-1,892312179;-0,015999988;-0,075200906;-0,072825181;0,573177225;-0,01146028;-0,036238385;0,112291693;0,015937795;-0,068125309;-0,035224559;-0,031304039;-0,07020789;-0,063306367;-0,049826827;-0,893121191;-0,373721428;-0,298846913;1,618930845;-0,229928141;-0,061675239;-0,074869737;-0,071095537;0,006078154;-0,047036101;0,01587733;-0,073377622;0,482116596;-0,749208238;-0,078020115;-0,024297713;-0,048171307;-0,038092715;-0,068010318;-0,047668002;0,338947769;-0,076998358;-0,442562195;-0,047430443;-0,066733204;0,975900229;-1,365329186;-0,224211325;-1,639548189;-0,427283374;-0,077836748;0,816576236;-0,860262242;-0,007646446;-1,634692774;-1,152188479;0,987814066;1,448989567;0,846129684;-0,719877747;-0,093408815;-0,014140621;-0,052126419;-0,046395745;-0,063366864;-0,054614086;-0,071830983;-0,246468878;-0,299809601;-3,135862269;-1,615630792;-0,083080674;-0,03857579;1,029611127;0,235245219;-0,018839274;-0,056424262;-1,31401976;-0,060783751;-0,058190266;-0,053482422;-0,050058763;0,265324771;-0,080354625;0,881952062;0,011550902;-0,072488034;0,059667661;-0,065452616;-0,070506974;-0,070933494;-0,00113405;0,609500824;-0,048640384;-0,072361335;-0,046860406;-0,057729117;-0,05187897;-0,071275948;-1,137053292;-0,052737765;-0,629483912;-0,095110552;-0,041584522;-0,022592877;-0,84580196;0,58731955;-0,066556405;-0,050894606;0,099253722;-0,076737702;-0,058569227;-0,06595878;-0,044126328;-0,067067238;-0,063073335;-0,041517018;-0,160348923;-0,060046263;-0,026457411;-0,530108448;-0,213256227;-0,061702625;-0,046878804;-0,050261107;-0,048648349;0,103238482;-0,197993177;-0,875264096;-0,059353697;-0,299913213;-0,073330576;-0,012199243;-0,081395014;0,017587831;-0,074279928;0,765700279;2,007760571;-0,046232044;0,638510617;-0,059789834;-0,930540527;-0,074168929;-0,150430358;-0,07863615;-0,082879236;-0,046706376;0,591408023;-0,021826559;-0,063856074;-0,058210918;-0,028422677;-0,019900688;0,259558834;-0,075921645;0,980089401;-0,057658484
-0,291149509;-1,383647352;-0,028522853;-0,101646625;-0,117821482;-0,132628621;-0,258977155;-1,051158522;1,013812865;-0,107363905;-0,040192654;-1,617001594;-0,131494645;-0,105833135;-0,116646416;1,803043787;-0,132234289;-0,116407931;1,063301564;-0,095697452;0,01258426;-0,133517905;-0,614146126;0,578372962;-0,133174671;-1,56967637;1,09662544;-0,0638768;-0,109159472;-0,096312304;-0,123191446;-0,678592594;-0,104795354;1,358793455;-0,032162108;-0,131742297;0,762628101;-0,108354089;0,017498372;-0,126798994;0,44251626;1,397396204;-1,700481207;-0,130487062;-0,056794458;-0,118648106;-0,122271543;-0,321646521;0,416653325;0,211521513;-1,054745733;-0,508031902;-0,021394318;-0,115361376;-0,106418694;-0,103782989;-0,170910721;-0,21376676;0,2753738;-0,452846047;-0,240300572;-0,125573478;1,420487868;-0,109563992;-0,110752643;-0,114092801;-0,093698242;-0,073907597;-0,040128888;-1,020834682;-0,034162194;-1,451348825;-0,000159914;0,415472702;-0,13134359;-0,105464575;-0,32558251;-0,011415815;-0,127484524;-0,121308609;-0,123517959;-0,111405859;0,075798788;-0,119443754;-0,04379474;-0,114498551;0,55380417;0,3179405;-0,119234676;-1,023989253;-0,128532651;-2,225983648;-0,027596323;-0,48732622;2,407607479;-0,127084762;-0,113520294;-1,482943761;-0,111377264;-0,124291233;-0,081767207;-0,105259016;0,035697419;-0,31136279;-0,12405985;-0,093846655;-0,865716909;-0,016048889;1,094780189;0,119417665;-0,10062216;1,34742156;-2,841446475;-0,12483937;0,542583254;-0,102805386;-0,601627344;-0,107652482;0,0527447;-0,034065177;-0,054236629;-0,095392515;-0,11240229;-0,71600936;-0,436271874;-0,110532936;-0,10088694;-0,121596035;0,57977474;1,648170043;-0,020025141;-0,110072296;-0,10572595;0,858551382;-0,002726785;-0,079227916;-0,493594297;-0,032415099;-0,097099171;-0,013599913;-0,059258374;-0,112472635;-0,122743313;-0,122674949;-1,219005047;0,668977961;-1,149219054;0,837719112;1,313196382;-0,166314003;-0,097956333;-0,10657676;-0,000720886;-0,104651677;0,040884525;-0,103074828;0,917890599;-0,604358843;-0,123741786;-0,011638411;-0,094446445;-0,118569282;-0,128705636;-0,126699849;-0,454641298;-0,126246335;0,743360976;-0,128620897;-0,091696372;1,387119623;1,258147526;0,426912395;0,365404203;-1,604045223;-0,127631195;-1,461936041;-0,20570361;-0,027764379;-0,709784034;-0,347309425;-1,946502136;-2,998798296;-0,103011096;1,252529552;-0,060003539;-0,017934785;-0,112438878;-0,100979239;0,908915333;-0,110497902;-0,111736189;-0,742116368;0,876438049;0,865387942;-0,761481896;-0,104554068;-0,118029381;0,838450025;0,282613771;0,002398603;-0,089045314;-0,479165592;-0,09529086;-0,102750037;-0,105320622;-0,096597916;-1,058560161;-0,109767668;1,757365603;0,009650497;-0,05922839;0,965012368;-0,117704175;-0,109602741;-0,126236343;0,004117444;-0,3623822;-0,107592717;0,023130962;-0,09597909;-0,110000912;-0,130795225;-0,1099231;-0,420892302;-0,112858307;0,543603716;-0,265198728;-0,116505468;-0,039036448;-0,880543221;0,34667529;-0,04870535;-0,096294282;0,681511611;-0,099950373;-0,113321761;-0,115175951;-0,128109136;-0,111769284;-0,114259057;-0,088559471;-0,168620599;-0,126608641;-0,058604149;0,133861553;0,825164197;-0,114369833;-0,103519148;-0,092357443;-0,124405386;1,875925448;0,787557484;0,782067536;-0,109269732;-0,50471211;-0,11210607;-0,154786459;-0,103878018;-0,029728546;-0,116521506;-0,015363151;2,02939535;-0,100710665;1,366429073;-0,102028459;0,217679376;-0,101031951;-0,060764164;-0,121903221;-0,132885815;-0,111229918;-0,287501703;-0,010511061;-0,107875012;-0,122744869;-0,046036393;-0,043817328;0,747747367;-0,104966298;-1,073135486;-0,11484972
-0,26625146;-1,00484218;-0,003720581;-0,056643388;-0,063350761;-0,071471657;-0,139947563;1,018649017;0,510147606;-0,045479401;-0,011824537;0,298017429;-0,075037921;-0,057482631;-0,06625164;0,076469036;-0,049195669;-0,054179975;-0,357414295;-0,051000362;0,006847747;-0,041174418;-0,092859366;-0,595246795;0,494837599;0,666257136;1,67324855;-0,035508747;-0,072720787;-0,033029286;-0,057467403;-0,283490255;-0,039921454;-0,67040136;-0,189593378;-0,065271181;0,163141796;-0,051692679;-0,016244771;-0,051928628;0,4658445;1,313233703;-0,430856935;-0,066399585;-0,039434642;-0,046099697;-0,048115602;0,0858029;-1,170894191;-0,466432882;1,019387095;-0,215106357;-0,009824831;-0,055553949;-0,069917804;-0,071934793;-0,121796726;-0,146789725;-0,729371333;0,462513663;-0,03155787;-0,065228878;-0,897411209;-0,055244926;-0,049883189;-0,059039873;-0,052232382;0,008391166;0,044220292;1,767782642;-0,02492221;0,743130532;0,004948751;-1,815402133;-0,06046278;-0,070831258;0,444951109;-0,005150172;-0,061103689;-0,058505281;-0,07316853;-0,051659412;0,028655305;-0,042788992;-0,019303065;-0,055450456;-0,705172074;-1,425860015;-0,045679333;-0,875345744;-0,070564822;2,212066424;-0,012332314;0,116060748;-1,756107049;-0,060032709;-0,032596826;-1,167716663;-0,067456423;-0,032962301;-0,028604258;-0,039233526;0,71800612;0,048180929;-0,067116518;-0,068528409;-0,15583338;-0,009598248;1,326184853;1,21070281;-0,057049707;0,754477951;0,32647074;-0,074411743;1,480781427;-0,057675195;0,677147986;-0,040460236;-0,423077074;-2,146532662;-0,010971806;-0,048530204;-0,049248431;-2,294567712;0,079832195;-0,044882091;-0,050500742;-0,0404568;0,368193954;0,042961707;-0,013327389;-0,044428153;-0,068816156;1,383842211;-0,00217647;-0,022363516;-0,041774412;0,00556072;-0,029929491;-0,029860787;-0,038315932;-0,065729602;-0,063463208;-0,064820884;-0,0330886;0,321188698;-0,079498372;-1,291009719;-0,111923618;-0,020777478;-0,040554824;-0,05113662;-0,011827884;-0,056175874;-0,021453975;-0,074690943;-0,301896195;1,266765789;-0,041213096;0,006715643;-0,065684643;-0,038724832;-0,04856102;-0,047725897;1,341059209;-0,037863278;0,51349848;-0,048572833;-0,067348698;-1,276748111;0,997906959;-1,535358468;-1,573050229;0,275735905;-0,056153309;0,894078558;0,062893331;0,006709316;-1,207114587;-0,483637488;-0,204856194;1,017385697;0,568124009;-0,736395743;0,021168655;-0,005789918;-0,053350598;-0,069525533;-2,231467076;-0,039746465;-0,054580447;-0,269535673;-0,23633571;-1,874595101;0,112297987;-0,072295457;-0,06405757;0,753277729;-0,209153589;-0,006883538;-0,034920175;-0,183854074;-0,03808341;-0,064461103;-0,037079631;-0,060204606;0,271563766;-0,047143739;0,089232794;-0,001130363;-0,040831614;-1,789091847;-0,057975027;-0,04283309;-0,06817425;0,009558789;-0,704651272;-0,029000577;0,02133579;-0,042180524;-0,065409105;-0,043728705;-0,062564119;1,709668987;-0,048979821;-1,246559761;0,532853797;-0,014248598;-0,03105437;0,889979191;1,051797706;-0,032764376;-0,049967826;-0,458693691;-0,041751192;-0,042147717;-0,034749354;-0,05422975;-0,064484651;-0,045030716;-0,051018826;-0,542791811;-0,054073636;-0,049996448;0,446283873;0,235722587;-0,051960599;-0,059267221;-0,031487685;-0,045440599;-1,48389331;1,321780664;-1,523572889;-0,062958118;-0,376229732;-0,073115065;-1,388904243;-0,042551736;-0,025226363;-0,04432428;-1,631942002;-1,827824887;-0,038017883;-2,088551525;-0,045003125;0,093873718;-0,036136143;1,241624624;-0,06554388;-0,074334762;-0,035931644;-0,341064212;-0,039990472;-0,056002601;-0,055851608;9,56E-05;-0,034575769;-1,496663299;-0,067089832;-0,455654384;-0,052896448
-0,344161415;0,140468353;-0,010356047;-0,103554911;-0,115899634;-0,093284158;-0,596730807;-0,457216743;0,941526724;-0,098925625;-0,053634075;-0,142538906;-0,111425591;-0,110948942;-0,105718105;-0,154360876;-0,098699109;-0,087957611;1,612015553;-0,103218251;-0,033668571;-0,120764478;0,114562984;1,025971501;-0,208409932;1,270225619;0,593376248;-0,06262475;-0,095773736;-0,10624052;-0,097859126;0,001011781;-0,095657152;-1,044688542;0,414655572;-0,111918388;-2,311517109;-0,078794855;-0,031135451;-0,06898508;-0,512028071;1,369212088;-0,161241011;-0,091624193;-0,046761504;-0,097217477;-0,088448628;-0,661710846;0,749486202;0,884013544;-0,56307303;0,484425189;0,002001802;-0,060847135;-0,107475553;-0,120790753;-0,172357833;-0,078307743;1,866678083;-0,104229664;-0,046891492;-0,12083708;-0,456777676;-0,087969406;-0,093137454;-0,097857588;-0,092799799;0,000728773;-0,057112236;-0,24320729;0,004424557;0,227258326;-0,022805346;-1,656689571;-0,122072656;-0,11039267;-1,358365392;-0,02409016;-0,0916103;-0,119984246;-0,121400558;-0,110869549;0,020102246;-0,099196897;-0,040703316;-0,080842529;0,394364248;-0,858167606;-0,085988342;-0,833523441;-0,122266848;1,63802989;0,007689199;-0,624779324;-0,830974056;-0,115298443;-0,081764766;1,499198765;-0,089263501;-0,087821159;-0,036529041;-0,100781774;0,129020497;-0,287445847;-0,087568421;-0,100246619;-1,075974641;0,023140213;1,563558711;0,199678085;-0,111682064;1,345509291;-0,906526665;-0,084999636;-0,034399794;-0,037040613;-0,254773623;-0,111860259;-2,073071195;-0,441529965;-0,065902341;-0,100168835;-0,108114173;0,249881264;-0,025685029;-0,100432384;-0,079215349;-0,115565905;-1,004130178;0,260940807;0,012020204;-0,081092889;-0,09363082;1,523097365;-0,039596877;-0,022654643;0,605130138;0,078196395;-0,109865668;-0,033449887;-0,062105265;-0,08465666;-0,086516956;-0,113076286;0,73582503;0,502461684;0,154799829;0,921323874;-1,043846453;-0,121255794;-0,101973127;-0,112814699;0,011367794;-0,081128119;0,004329792;-0,113109511;0,207647312;1,449803105;-0,112048941;0,018296721;-0,095513886;-0,086078324;-0,110742448;-0,090107303;1,167466095;-0,109620378;0,395561636;-0,096245052;-0,100330573;-0,735580281;0,517322152;-0,089129129;0,329061297;1,37695746;-0,10023401;0,486646302;-0,843626283;0,016786803;0,528240263;-1,066447045;-1,404029973;0,105072823;0,077297874;-0,753965801;-0,076883415;0,004005715;-0,094549301;-0,114733283;0,896183606;-0,106156335;-0,098080882;-0,416528366;-0,919113501;1,360424133;0,855584837;-0,10361726;-0,082892846;0,675676757;-0,222922195;-0,050001196;-0,089849491;-2,950419759;-0,097788779;-0,101254386;-0,096515815;-0,095319881;-1,239345492;-0,10400974;1,962112691;0,018575346;-0,071371425;-0,11577726;-0,09827762;-0,107077959;-0,092685817;0,00415463;-1,425165535;-0,104373974;0,010636417;-0,110053701;-0,102578703;-0,111802151;-0,092647995;-1,172112916;-0,085987184;-0,650459213;0,155677617;-0,130214775;-0,037951315;0,038747323;0,292978443;-0,022690216;-0,105075699;-0,408258941;-0,088102911;-0,112197761;-0,084639533;-0,105179507;-0,111416644;-0,104601119;-0,10430869;0,391380414;-0,110272194;-0,059095425;0,160159658;0,922515308;-0,076720246;-0,085536515;-0,083877656;-0,117225448;-0,908886139;-0,787005108;0,459931579;-0,107194683;-0,638900109;-0,103397905;-1,623439894;-0,087648415;-0,058055737;-0,101101662;1,436901775;-0,094874318;-0,102698037;-0,230186782;-0,118680143;0,724294413;-0,087909907;0,406141432;-0,110297161;-0,106608898;-0,114940998;-0,632717461;-0,084094881;-0,084252772;-0,105094078;-0,004313527;0,008163668;-0,292899938;-0,117985312;-1,093808767;-0,112275465
-0,195863748;-0,628514651;-0,016507734;-0,036179049;-0,029224091;-0,031642652;-0,600256494;0,72107565;-0,519128072;-0,031938805;-0,012956796;-0,462321037;-0,023795728;-0,027167838;-0,011486783;1,902411069;-0,019291817;-0,010132128;-2,471397436;0,001291833;-0,020798838;-0,029852591;-0,426543322;-1,036769028;1,233428753;1,827115564;-0,7292632;-0,031297471;-0,017965469;-0,019742691;-0,014678207;-0,063812745;-0,036195365;-0,97679833;-0,309811676;-0,040943685;-0,838367055;-0,020998033;0,018075986;-0,031210291;-0,454321128;-1,434350371;-0,531480228;-0,039152107;-0,033137726;-0,034179441;-0,008345458;0,7540738;-0,68843697;-0,303603241;0,229011726;-0,811701451;0,001621391;-0,054397629;-0,014158371;-0,005436668;-0,025229154;-1,034824987;-0,629607916;-1,082844832;-0,119546781;-0,032443285;1,274917766;-0,03040495;-0,018628676;-0,009908096;0,000484135;-0,013474015;0,240593311;1,179610607;-0,013941174;-0,655122011;-0,013505755;-0,133135308;-0,028468428;-0,033410108;0,473616454;-0,021261847;-0,014656635;-0,018601883;-0,013714468;-0,018235289;0,078039073;-0,017965505;-0,038046649;-0,031782006;-1,289803376;0,53714937;-0,006244141;-0,250114258;-0,02982141;-0,157161988;-0,00089025;-1,08727789;-2,873853541;-0,014429562;-0,003177427;1,218065798;-0,004680765;-0,001008487;-0,063574628;-0,020328572;0,594611631;-0,159556256;-0,010785721;-0,022524163;0,925206267;-0,013493434;-1,5695208;-0,206526249;-0,020770561;-0,268765189;-1,03815516;-0,010480603;-1,371127766;-0,072147418;-0,844419186;-0,015657142;0,297721505;-0,462417605;-0,028572679;-0,007472559;-0,013505633;-0,96686198;0,792092249;-0,016065026;-0,001932085;-0,014806991;-1,556103681;1,002262653;-0,017015323;-6,31E-05;-0,035023483;1,796689029;0,010415234;-0,028268905;-0,650295998;0,004897905;-0,005425785;-0,022081;-0,034653315;-0,003787542;-0,036033399;-0,01281692;-1,265992162;-0,502716787;0,110868626;-1,661561575;0,981374185;-0,063543793;-0,021244791;-0,005419987;0,015766426;-0,029679853;0,057020093;-0,013185853;1,174844352;0,089839235;-0,015715704;0,006465039;-0,013317359;-0,014460555;-0,035919756;-0,009666308;-1,766143723;-0,037364059;0,583278433;-0,021338623;-0,012821632;0,133169165;-0,051533544;-0,623646729;-0,137410757;1,507897361;-0,022716838;-0,537949582;-0,207430003;-0,036709193;-1,003875006;-1,48627701;0,857346704;-3,153571404;-0,854555696;0,475643498;-0,071195127;0,007036184;-0,026321672;-0,02762517;-0,961905595;-0,015175347;-0,011165028;1,61002374;0,034258323;-0,781378347;0,820297415;-0,039034796;-0,026568587;-0,388989766;0,47532055;0,012825794;-0,036235736;-0,735073469;0,003911945;-0,039756136;-0,006164319;-0,008620369;1,642547759;-0,043499449;0,253832153;-0,005404951;-0,067952931;-0,782028575;-0,031739475;-0,030324502;-0,028363628;-0,015700526;-0,849104884;-0,026694884;-0,022170164;-0,028406475;-0,024504771;-0,015263251;-0,031184992;-2,378668338;-0,015830752;0,001333499;0,556408401;-0,000374452;-0,042536326;2,477507386;1,509384025;-0,018648332;-0,000147836;-0,576499097;-0,009496076;-0,014378973;-0,015256125;-0,017893894;-0,008443978;-0,006288299;-0,015168368;0,537264598;-0,023757645;-0,018695492;-1,129566003;-0,152023087;-0,030439508;-0,012863736;-0,007058541;-0,018966987;0,242137293;-0,719503128;-0,674616796;-0,013639511;1,138072183;-0,035355028;0,492430313;-0,02116011;-0,054016953;-0,004793708;0,853541842;0,55555004;-0,028533825;-0,168870829;-0,014300341;-0,640965458;-0,018969565;-1,376168607;-0,027561598;-0,029395115;-0,023053951;0,607345048;-0,046359875;-0,011882855;-0,041858889;-0,015511782;0,006755758;0,537256824;-0,027542573;0,576280227;-0,021244112
-0,185873852;0,564995402;-0,022329331;-0,075035103;-0,074428817;-0,103139516;-0,349566422;-1,014337322;0,634205038;-0,096784104;-0,036706907;-0,230887614;-0,076541134;-0,075350402;-0,08878413;-1,540767962;-0,086031305;-0,064748678;-0,086851381;-0,055977995;-0,046916879;-0,077312893;0,045598446;-0,893222339;-0,452615835;0,74811602;0,601932029;-0,037791004;-0,100234752;-0,083114793;-0,090476374;0,102714593;-0,078804981;-0,331771148;-0,705999456;-0,078425416;-0,679523189;-0,066884184;-0,028330752;-0,05997121;-0,132261463;-1,202427966;2,054765136;-0,065310592;-0,035479988;-0,069435406;-0,096205291;0,672935524;0,182651936;1,313996906;-0,527155164;-0,899787114;-0,017893849;-0,06061248;-0,096263903;-0,06692071;-0,12100833;-0,568014483;-1,351534475;-0,319199731;-0,209433919;-0,084154173;0,105213696;-0,090430946;-0,05811808;-0,063683786;-0,066324828;-0,022735275;0,173234146;0,658236108;-0,027457397;0,057728502;-0,000682497;-0,668634413;-0,086331267;-0,084919194;0,489805205;-0,022077397;-0,081993925;-0,070269402;-0,084111417;-0,084010098;-0,016010997;-0,061445013;-0,039903071;-0,088920551;-1,040496652;-0,594739436;-0,065931075;-0,829853928;-0,087637215;-0,442916395;-0,015497072;-0,581543593;-0,483258511;-0,086440229;-0,065441238;-0,885916535;-0,08125169;-0,064956858;-0,041560765;-0,082959919;-0,126002209;-0,790944007;-0,097960974;-0,081959281;0,469604728;-0,023501712;-0,407889562;-0,803080787;-0,080151085;-1,002687195;-0,737164064;-0,091274492;0,978040052;-0,091114682;0,939052962;-0,065530933;0,055270597;-0,364347028;-0,026395092;-0,093259748;-0,074878347;0,31186636;0,774975656;-0,085976078;-0,057033249;-0,069842036;-1,109844689;-1,160400534;0,006230103;-0,078755855;-0,0996029;0,218740156;-0,01191746;-0,05740883;-0,761624071;-0,126854681;-0,080236103;-0,018810683;-0,02541369;-0,086480107;-0,084152783;-0,083595921;-1,790787044;-0,243794578;-0,174946245;2,061533719;-0,011465424;-0,216928478;-0,07445537;-0,065577748;0,003250892;-0,085203222;0,003463561;-0,08206821;-0,798724976;0,276955189;-0,06959575;0,002786104;-0,09366279;-0,06048489;-0,076184022;-0,080316004;1,698615112;-0,063463311;-0,197987573;-0,084691905;-0,062534069;-0,010191356;0,52563212;0,414992711;-0,176509383;0,018564701;-0,079225481;0,471582863;-0,59553091;-0,013006545;0,58530057;-0,034435927;-1,291458024;-0,107236765;0,239969013;0,414567377;-0,024111644;0,013230123;-0,09152752;-0,091867272;0,807448764;-0,075676828;-0,094452732;1,184931168;-0,696986426;1,566402503;0,581440628;-0,09269798;-0,054932165;0,426801541;0,319542755;-0,015068968;-0,083238816;-0,31689108;-0,054995505;-0,069712451;-0,095409597;-0,068483454;1,579882499;-0,081555902;-1,011599812;-0,013795817;-0,038809876;0,294781102;-0,068372941;-0,068023453;-0,083109705;-0,021915552;-1,001349234;-0,081165368;-0,036347355;-0,073196754;-0,057502001;-0,075957662;-0,076916338;-0,795074021;-0,094559323;-0,218590406;-0,173996101;-0,069071045;-0,023898852;0,107209992;-1,546473041;-0,041044687;-0,071904345;-1,181331684;-0,066428232;-0,090095998;-0,095087697;-0,096476784;-0,085512862;-0,073176592;-0,073862547;-1,192928758;-0,096768492;-0,023790189;0,644625049;0,959960829;-0,074858946;-0,084748549;-0,061377956;-0,069256566;0,031260445;1,54087617;1,756023517;-0,064825205;0,824995894;-0,07179375;0,324372154;-0,09434916;-0,040646239;-0,082454779;1,2005345;-0,888885328;-0,07155014;-0,956570526;-0,081007205;0,510134454;-0,083967481;1,400438898;-0,067291863;-0,084740647;-0,085339489;0,519924458;-0,05033227;-0,059079022;-0,06708324;-0,012349782;-0,019972257;0,805566951;-0,095655832;1,087262281;-0,070648241
-0,373724562;-0,519416562;-0,015845451;-0,088662278;-0,077382305;-0,074380995;-0,210101156;-0,558184824;0,384966532;-0,099725001;-0,046228842;0,03422375;-0,090878714;-0,093313378;-0,080534352;-0,892919725;-0,095323326;-0,1045572;-0,781991325;-0,085480813;0,020547864;-0,075023186;-0,052676807;-0,714766489;0,988389331;1,843109661;0,582244515;-0,073558833;-0,072418288;-0,068516384;-0,070969204;0,374794572;-0,061524988;-0,515789431;0,111928552;-0,098591344;-0,669543997;-0,076127458;0,043236437;-0,121885829;-0,367525577;1,244648813;-0,364509297;-0,079084041;-0,040172135;-0,086347391;-0,067561925;0,493311933;0,435037478;0,280662952;1,095636472;-1,167950729;-0,002282519;-0,10426281;-0,095471511;-0,090045799;-0,080858706;-1,422240049;-0,275037121;-0,238771929;0,336546232;-0,103254099;-0,320725413;-0,08219032;-0,091714808;-0,087652214;-0,079920323;-0,032177331;0,170521118;0,595597784;-0,01522935;-0,150176591;-0,042447928;1,417765512;-0,077161155;-0,074056958;0,324603738;-0,013375191;-0,071633496;-0,096798128;-0,095768781;-0,071406767;-0,087458472;-0,070266741;-0,040159773;-0,088044039;1,163864071;0,001840688;-0,061534392;1,010901922;-0,072521995;-0,054255207;-0,029549553;-0,019886314;0,462461739;-0,092001268;-0,083353584;0,99826837;-0,067691518;-0,054910839;-0,058467218;-0,065948845;0,39872971;0,123355175;-0,090684331;-0,064007642;-0,551953072;-0,038410452;-1,499977495;0,391259632;-0,09564536;0,360302094;0,104475126;-0,076892429;1,317453645;-0,069993166;0,697971172;-0,076533058;0,277632899;-0,781751936;-0,043139546;-0,072115147;-0,071228746;-1,472740799;0,255098574;-0,085821202;-0,058492301;-0,081429533;0,529206176;0,331524229;0,000778732;-0,076743454;-0,088958912;-1,317522817;-0,010165896;-0,054853808;-0,36083209;-0,113115684;-0,05888398;-0,026060586;-0,056090111;-0,084100068;-0,100238503;-0,082537263;0,513347021;0,379629105;-0,571794422;-1,896273661;1,555822476;0,04421788;-0,069311316;-0,066397411;0,011138615;-0,066052865;0,042335458;-0,076972628;-0,176326788;-0,611724103;-0,083967033;0,000114483;-0,085388359;-0,052811296;-0,085939591;-0,103242301;0,075160305;-0,083589212;-0,523131527;-0,094339303;-0,066331574;-1,438250517;0,323081331;1,206492736;0,178087368;1,239727221;-0,087306879;0,642720422;-0,853833832;0,009842679;-1,80914301;-1,489461102;1,077251237;-0,60278231;0,149578663;-1,335138565;-0,009602124;-0,003452657;-0,072523591;-0,095780455;-1,078456644;-0,045037763;-0,100536961;-0,243738638;-1,741223711;-1,286571996;-2,567251302;-0,092980143;-0,067273064;0,0733598;0,20990277;0,008710485;-0,08404167;-0,859335314;-0,061240659;-0,07076121;-0,061147874;-0,073853831;1,40909835;-0,081917396;0,434555085;0,010085649;-0,013617114;1,26979065;-0,090564895;-0,084456853;-0,087762516;0,012667448;-0,341366944;-0,056519941;-0,084504367;-0,082291985;-0,090314762;-0,095561026;-0,085964945;-1,826846613;-0,088011468;0,127385728;-1,373808447;-0,091094635;-0,007803419;-0,033385418;-1,525378926;-0,086770156;-0,073009878;1,471172921;-0,091385588;-0,105909741;-0,066939568;-0,064427939;-0,068324966;-0,079929207;-0,086585729;-0,752450415;-0,087803222;-0,058978484;0,298099778;-0,821077859;-0,060142914;-0,05224814;-0,05382078;-0,084024445;0,557947874;0,55834037;0,779261825;-0,098336741;-0,350994552;-0,07762655;0,436291361;-0,086872687;-0,025456497;-0,071473517;-0,924991067;0,042910185;-0,089417888;-0,547772875;-0,098376955;0,828489256;-0,069311416;-0,749663398;-0,070417395;-0,068225479;-0,091015783;-0,078908863;-0,038710246;-0,087101971;-0,082455599;-0,035587502;-0,073103364;0,454749193;-0,071123886;-0,813614924;-0,054486085
-0,333525673;-0,569182688;-0,020423338;-0,097918187;-0,085044172;-0,095562427;0,395867168;0,154650799;0,458006231;-0,09729478;-0,031982123;-0,776657397;-0,101775618;-0,111473808;-0,094978722;0,310911875;-0,114316763;-0,092842428;1,859267118;-0,076371841;-0,008732325;-0,092370067;0,066768179;-1,663220743;0,645519427;0,155990344;0,790375025;-0,062265389;-0,09953017;-0,109635964;-0,086997177;0,475115959;-0,10637373;-1,073466755;0,289727194;-0,084335964;-0,773541335;-0,081804216;0,000148499;-0,108591817;-0,213634425;1,5732824;0,688761244;-0,089610357;-0,02683677;-0,102131917;-0,092357535;-1,436055964;-0,540934537;0,262465781;0,109266699;-0,286827979;-0,025092601;-0,108116051;-0,086551695;-0,094106229;-0,098700287;0,447716666;-1,177193053;-0,912277392;-0,11699669;-0,093652072;-1,027326552;-0,093029803;-0,087955744;-0,086156922;-0,085162577;-0,074064903;-0,010343779;-0,697809521;-0,018891475;-0,132314049;-0,031296064;1,064216786;-0,104866131;-0,09271928;0,623450177;-0,013995272;-0,10013835;-0,081849748;-0,096488978;-0,09921494;0,007730774;-0,105716313;-0,00890039;-0,09573673;-1,250841702;-0,457854816;-0,07845268;-0,071450041;-0,102989234;0,190270193;-0,015767082;-0,311336293;0,778238412;-0,098404376;-0,082557305;1,278028019;-0,098371647;-0,045971723;-0,000831662;-0,079944056;0,31874707;-0,686354593;-0,084923176;-0,074723167;-0,049250867;-0,051780551;-0,077527419;1,226554732;-0,099226454;-0,174277735;1,491029426;-0,098704164;1,063168425;-0,048254581;-0,140141121;-0,105629416;-2,506956521;0,910070274;-0,044571767;-0,112146592;-0,093632043;-0,817276264;-0,939049292;-0,082631155;-0,097991583;-0,102934982;0,485795167;-1,137123109;-0,013024773;-0,099248206;-0,111501654;-0,218560781;-0,031613429;-0,036232616;-0,737066574;-0,047843321;-0,080805473;-0,020522758;-0,045561639;-0,099013235;-0,116119912;-0,102859376;1,815034703;-0,485997929;0,335076042;0,795981607;-0,666239483;-0,113452583;-0,10850489;-0,084898435;-0,010079429;-0,078286304;0,020107005;-0,11642366;-0,603048512;-0,418118095;-0,094098697;0,012340568;-0,102311174;-0,083113795;-0,095940194;-0,107269221;0,805095694;-0,087130569;-0,105656902;-0,090505835;-0,09203636;-0,517095385;-0,953034516;1,475820219;-0,592407273;-1,161009315;-0,108220339;-0,42521815;-0,131813281;-0,015961462;1,466819262;1,633029147;1,006274305;0,102037756;0,334980272;2,031141222;0,022113728;0,01206577;-0,103976668;-0,104124835;0,773603215;-0,077155259;-0,084408893;1,354981875;-1,64646424;0,871365494;-0,488885034;-0,097653296;-0,075244338;0,330063557;-0,608319039;-0,007516108;-0,083437094;-1,178821378;-0,087200045;-0,089748877;-0,099193436;-0,10090032;-1,453802593;-0,116622685;-0,557993977;-0,008593979;-0,046035909;-1,617119759;-0,113471534;-0,096696612;-0,096842319;0,006424336;-0,113893247;-0,089585218;0,05177858;-0,097316216;-0,101458373;-0,097400448;-0,108877471;-0,069762924;-0,107821177;0,467384947;-0,979648434;-0,067243309;-0,020168499;0,06439151;-0,388431973;-0,067805979;-0,094510867;-0,626855601;-0,085994029;-0,093299571;-0,111371198;-0,097036419;-0,087454343;-0,077258492;-0,083103894;-0,335931284;-0,104073082;-0,04238525;0,086008306;0,394128083;-0,099863533;-0,077410387;-0,071690435;-0,087825278;1,028636733;-1,425583978;0,962534563;-0,082055795;0,02154907;-0,087668245;0,60146368;-0,081498901;0,005202952;-0,098528524;-0,564711923;0,344727376;-0,106126324;1,363589444;-0,092172408;-0,39953238;-0,097076799;-0,642696907;-0,10316564;-0,105032567;-0,114977693;-0,051871281;-0,018757618;-0,077220512;-0,086289828;-0,031769245;-0,011504668;-1,075795466;-0,106305291;-1,125680308;-0,072183674
-0,241291015;0,290618983;0,007261841;-0,057543136;-0,036200936;-0,045848575;0,711907526;-0,041938632;0,516546475;-0,034589895;0,003705357;0,029521089;-0,051443603;-0,064243334;-0,044761292;-1,153803027;-0,064344001;-0,045567349;-2,372729065;-0,039988665;-0,026880485;-0,057482329;0,227468691;-1,415290919;-0,103608719;-1,71617649;-0,124765291;-0,039620863;-0,049478033;-0,054028266;-0,059338401;0,025998657;-0,057478794;1,762738053;1,308845721;-0,05103712;-0,753412089;-0,041480143;-0,002395953;-0,062675716;-0,681919922;-0,71528044;-0,229822967;-0,043012163;0,007147507;-0,056759785;-0,045359704;1,09551835;0,518021263;0,240674998;0,279064649;-0,811670237;-0,008557759;-0,049397471;-0,057909476;-0,056767718;-0,069001478;1,644426532;-0,614389067;1,413259555;0,44576109;-0,068010615;-1,137913379;-0,04004064;-0,0395005;-0,063986412;-0,043206552;-0,017548423;0,217843302;0,275389072;-0,016595898;0,556024101;-0,02639671;0,319265722;-0,041431101;-0,06086348;-3,675708258;-0,012741106;-0,044173661;-0,039306323;-0,056742241;-0,056054809;-0,009902376;-0,03107916;-0,02944767;-0,053184441;0,436192236;0,402467021;-0,042465572;2,211051476;-0,048402371;-1,184776385;-0,008053025;0,824351593;-0,603024019;-0,04114067;-0,06079005;0,359549801;-0,059384619;-0,057803327;-0,025064457;-0,064934962;0,164761729;-0,347105108;-0,070332513;-0,040084775;-0,613155982;-0,023045296;0,19375999;1,691983221;-0,061416647;0,011571606;0,561822611;-0,07068084;1,341879141;-0,027020187;2,186914961;-0,0424936;-0,18167092;0,007208118;-0,045121104;-0,034891082;-0,060410429;-0,174596212;-0,539016355;-0,039128054;-0,048234214;-0,069171655;-0,405344762;0,684964181;0,010014974;-0,035080693;-0,04760756;-0,171397015;-0,014688033;-0,026757606;0,338186735;-0,038940092;-0,047736012;-0,012101486;-0,030228637;-0,030635382;-0,045822666;-0,063907099;-1,093042942;-0,873910894;-0,517476076;-1,779655466;1,691037184;-0,10003259;-0,049521102;-0,029938477;0,018118864;-0,049803547;0,030588748;-0,066958323;0,65998904;-0,975384657;-0,060209167;-0,002879188;-0,044611001;-0,029986487;-0,046535412;-0,043566378;-1,110970411;-0,062667943;0,953360857;-0,055061067;-0,064420494;1,119928848;-1,403847157;-1,481580947;-0,915269369;-1,363954055;-0,050232458;-0,772397688;0,236875232;0,026863945;0,139533035;1,475193512;0,33908272;-1,849086782;-0,689764452;1,375225374;-0,041764791;0,007916623;-0,06688501;-0,046667613;-1,112664958;-0,053049343;-0,0418123;-1,24745431;0,71961825;-0,996632953;1,045700286;-0,047436219;-0,037675164;0,263366342;0,501779681;-0,023004341;-0,054845898;-1,563359901;-0,03259451;-0,031874452;-0,064621769;-0,031626267;0,252376338;-0,071054422;-1,546611116;0,033419012;-0,083143891;0,458975233;-0,054802129;-0,059968484;-0,05584599;0,002765433;-0,800422037;-0,037564154;-0,034155877;-0,06527417;-0,025636445;-0,047324687;-0,055586968;0,015747139;-0,064169895;0,367085373;-1,119584924;-0,015816473;-0,007180881;-1,410310891;-0,318777656;-0,047517903;-0,040396811;-1,146960877;-0,07063308;-0,0572326;-0,054561822;-0,038221733;-0,044667813;-0,036455655;-0,037615487;-0,111816173;-0,050577535;-0,024508491;-0,480434081;0,499701083;-0,026579604;-0,055925379;-0,03259181;-0,038291033;-0,735178286;0,014920151;-1,64662961;-0,055372114;0,061441939;-0,037314774;-0,816178967;-0,056405958;-0,025425002;-0,047036314;0,365238062;1,453751062;-0,052359053;-0,958227411;-0,062237418;-0,221446289;-0,029807315;-0,969718526;-0,043662351;-0,040577131;-0,05998941;-0,770098847;-0,015661315;-0,030783311;-0,066134261;-0,022566375;-0,025057436;-1,368021271;-0,054985543;-0,617770448;-0,036446838
-0,359074256;-0,055576424;0,005745821;-0,097812988;-0,105173705;-0,101892822;-0,053253856;0,677501402;1,179838891;-0,092424526;-0,027051046;0,426038119;-0,079862667;-0,079778151;-0,086939633;-0,494049814;-0,081230732;-0,082511211;2,889692265;-0,066136529;-0,000866219;-0,100932414;-0,052324605;-0,995544687;0,491666171;0,348123322;0,701753192;-0,045906292;-0,088984518;-0,068597576;-0,115450769;0,036675174;-0,069591571;1,970780957;0,257033189;-0,093009169;2,274218377;-0,084840115;-0,025746889;-0,039053387;-0,691601389;-0,905978342;-0,974226788;-0,092481048;-0,040556165;-0,091372968;-0,106146712;0,217934217;-0,502859453;-0,29107576;0,182319785;0,1933926;-0,023245015;-0,109697005;-0,079859198;-0,10220322;-0,061873704;0,567439861;-1,665355567;0,151565433;0,187891064;-0,089375158;-0,194757406;-0,091191869;-0,091308713;-0,100512844;-0,073629414;-0,012321656;-0,041981594;-0,525961978;-0,016099602;-0,167990699;-0,001019043;-0,57759325;-0,077248109;-0,083975742;1,296153241;-0,026743342;-0,09685702;-0,115216822;-0,092479518;-0,105971128;-0,087498577;-0,093737781;-0,0196998;-0,098318119;-1,420145737;-0,522215478;-0,074203493;0,451814707;-0,108831922;-0,962531355;-0,02744429;0,250767085;-1,049245571;-0,080293864;-0,083814783;-0,828525394;-0,089954787;-0,080511417;0,040261573;-0,096317066;-0,026072696;-1,168689574;-0,092255075;-0,096410479;-0,745953956;-0,004462884;-0,360683341;0,142201375;-0,104864907;0,061104593;0,928005628;-0,108046081;0,488928487;-0,029169215;-0,155301428;-0,09277155;-1,507553139;-0,681595776;-0,060230708;-0,075627191;-0,099685187;-0,509021584;1,60495636;-0,085819692;-0,086838291;-0,076479349;-0,347545028;-0,545291875;0,009987408;-0,076903585;-0,087326387;-0,421101775;0,002743249;-0,071457152;0,331937222;-0,099438055;-0,073777081;-0,041115296;-0,05465649;-0,092442033;-0,07977462;-0,080573112;-0,888965391;1,198164374;-0,344037212;1,208099728;-2,191155574;-0,063655137;-0,076618015;-0,068833143;-0,014374036;-0,079941227;-0,004766116;-0,091369413;0,571135018;-0,097917795;-0,088812373;0,003870729;-0,075001324;-0,069094924;-0,085539692;-0,094591989;-0,833402185;-0,100343802;0,275248545;-0,094472648;-0,093348097;-0,430618146;0,261858229;-0,947633852;-0,818692681;-1,435619366;-0,094735935;-1,166449634;0,052713235;-0,031855991;-1,200392171;1,225905418;1,182281236;0,134870983;-1,211860464;-1,140260757;0,033487072;0,014880191;-0,099673813;-0,072183582;1,538917932;-0,124688829;-0,083190007;-1,050545771;1,371085887;-0,401693413;0,053004272;-0,105826276;-0,086559518;2,646684255;-0,86062159;-0,019680978;-0,072022786;0,300113373;-0,087373962;-0,083502233;-0,078202118;-0,090212278;0,474293904;-0,080134403;-1,771966541;-0,004872394;-0,05650894;1,271072692;-0,080478414;-0,08721357;-0,10689894;-0,013429328;0,239096332;-0,084958244;-0,047331009;-0,085232896;-0,071190919;-0,092167812;-0,098918629;1,051838606;-0,085494599;-0,683335385;-1,793784913;-0,092286435;-0,035822101;-0,478303942;0,765837166;-0,015740029;-0,086749599;0,635813626;-0,109361695;-0,098076355;-0,08704846;-0,082102028;-0,096046615;-0,104528234;-0,076411791;-0,72041689;-0,101817932;-0,066677637;-0,246679366;-0,860806824;-0,066373066;-0,088120197;-0,07685496;-0,100971992;0,016654619;0,618277192;2,654959573;-0,082769395;-0,940965921;-0,076988907;0,740513077;-0,111959836;-0,047345339;-0,074856667;0,656853717;-0,253957954;-0,085569115;-0,499445317;-0,108279746;-0,232605382;-0,096443392;-0,968778205;-0,096552406;-0,104193946;-0,088955798;-1,307578862;-0,013412793;-0,082360277;-0,101978128;-0,011725607;-0,016715611;1,778418155;-0,091554726;-0,656172694;-0,065657213
-0,268687084;0,714798897;-0,019862084;-0,114153548;-0,103081826;-0,115769042;-0,186825296;-1,087604759;1,090664838;-0,10754081;-0,055581896;0,593263505;-0,100882016;-0,125667001;-0,118241441;0,208004077;-0,114663704;-0,124621153;1,601156613;-0,10045477;-0,001610181;-0,107152321;-0,107200842;0,674172832;-1,458766274;0,880418665;-0,614738595;-0,052539406;-0,096910311;-0,102473801;-0,107119734;0,249327704;-0,101431035;-0,037358351;-1,28241242;-0,10363461;0,444103741;-0,090250156;-0,080631624;-0,127303727;0,824805157;0,703807535;-1,365658105;-0,117790857;-0,052932021;-0,106044903;-0,107552397;0,877090571;0,639585541;-1,304476665;-0,70091386;-0,397104888;-0,020507454;-0,10734768;-0,10583503;-0,101755456;-0,097518169;-0,032893508;-0,369941676;1,058139761;0,280511412;-0,11870162;0,299213833;-0,107213547;-0,095840028;-0,11500321;-0,114405334;-0,005412305;0,142527602;1,915869737;-0,037527653;0,026687673;0,016213701;-0,101775224;-0,112833865;-0,10048737;0,705353097;-0,030801207;-0,107061586;-0,116979737;-0,107505185;-0,119018871;0,054413381;-0,083116176;-0,038727807;-0,093200571;-0,562959522;0,38332174;-0,087341447;1,717420495;-0,09700531;-0,326631602;-0,030518053;-1,65427792;-1,399363402;-0,104128471;-0,109026309;2,087383882;-0,089801195;-0,101028849;-0,060467744;-0,110598228;-0,657631838;-0,245716418;-0,105871472;-0,120139745;-0,166588766;-0,010674717;0,255556528;-0,885284944;-0,10624368;-0,4091735;-0,977300086;-0,126577929;-0,323032247;-0,074664498;2,173485851;-0,107447915;0,79190222;-0,480091058;-0,045246879;-0,096326373;-0,097717811;1,446929008;0,1285745;-0,104169144;-0,108527886;-0,095794967;2,145702691;0,187996898;0,004545384;-0,08349578;-0,126499733;0,510454762;-0,017624863;-0,047652032;-0,376124827;-0,088373417;-0,091297522;-0,02537574;-0,053658928;-0,111465421;-0,094802648;-0,127907352;-1,975235672;-0,680824106;0,136814221;0,608077643;-1,7021551;0,07457547;-0,11784496;-0,098439172;0,001492254;-0,095419786;-0,029428838;-0,119785112;0,170929772;-0,016650008;-0,110537636;-0,006647787;-0,1113888;-0,10390079;-0,118628932;-0,099005541;-0,941080807;-0,118136494;0,396718909;-0,108362934;-0,10617539;-0,104838547;-0,218390205;-0,616654725;0,325776643;0,519806884;-0,1267549;-0,419507253;-0,59300778;-0,020236996;0,226399677;0,848544756;1,675090852;-0,837779196;0,785579937;-0,301708265;-0,025413144;-0,019314001;-0,124118251;-0,116260007;1,344190165;-0,077095502;-0,112117249;-0,061635578;-0,170173378;0,69027726;0,962718458;-0,108723824;-0,079650972;-1,190548685;0,15788104;-0,012421012;-0,11033787;-1,507920147;-0,087377637;-0,09760827;-0,087383246;-0,081651636;-0,570683876;-0,095516735;0,848593418;0,009631967;-0,053775731;-0,01807793;-0,09244272;-0,108002826;-0,117415805;-0,032278908;-0,992105628;-0,098537267;-0,038055304;-0,099927236;-0,094621174;-0,098825792;-0,102431349;-0,887048597;-0,118299213;0,522219769;-0,610221464;-0,073114268;-0,05330643;-0,894113281;-0,059444426;-0,061120275;-0,09856266;1,763116947;-0,128580372;-0,120460278;-0,10887313;-0,106208509;-0,098292396;-0,095973043;-0,110838559;-0,412141735;-0,093526338;-0,074737058;-1,227164302;-0,34426424;-0,088371518;-0,106382076;-0,094933696;-0,127211184;-0,763490772;-0,970052325;0,385193831;-0,120445167;0,607495382;-0,125484647;-0,220879374;-0,097219372;-0,03198482;-0,119400096;-0,641226071;-1,776074202;-0,093181884;-0,734045533;-0,102455452;0,321374417;-0,110490851;1,425854645;-0,097723517;-0,093705935;-0,10946994;0,189015813;-0,02695688;-0,082106058;-0,122589285;-0,018549276;-0,033001999;-0,978011761;-0,124747319;-0,107402125;-0,07997308
-0,314447422;-0,142200395;0,006801825;-0,049937305;-0,044068214;-0,064166652;0,629258556;-0,01406983;0,609899635;-0,07718744;-0,012382928;-0,089665575;-0,076292891;-0,079422024;-0,077954084;-1,604117677;-0,061819175;-0,068456166;2,457656147;-0,050304051;0,007625548;-0,069489888;-0,141216009;-0,037959231;0,076089511;1,185504691;0,05770093;-0,048907887;-0,053732786;-0,041997493;-0,075973295;0,062906336;-0,067999728;0,708127949;1,049093513;-0,053878983;-0,547405116;-0,055273082;-0,038547134;-0,052333478;-0,580340954;-1,357077552;-2,532002481;-0,074809963;-0,047676547;-0,056157627;-0,071545637;-0,230007325;0,714720373;2,268798479;1,406936767;0,31724483;0,002314533;-0,050292438;-0,079409378;-0,068271295;-0,034989693;-0,839898504;0,91913699;0,421319088;-0,52567618;-0,052446141;-0,705710428;-0,05252651;-0,040676658;-0,063001789;-0,072103243;-0,039976858;0,196718266;0,855282636;-0,043041258;-0,616457789;-0,036071557;-1,862121336;-0,047018686;-0,080316582;-1,018028093;-0,016157251;-0,045414064;-0,067254869;-0,049562261;-0,051104937;0,008901171;-0,056000829;-0,033989161;-0,06550698;1,027391185;0,628747922;-0,056117168;-1,07815072;-0,079268639;-0,631756389;-0,026259228;-0,730764893;-1,950610912;-0,048903191;-0,055139491;-0,436763762;-0,04566437;-0,04909892;-0,101633007;-0,075646601;0,649677285;-0,528970939;-0,067640192;-0,049081937;-0,465239332;-0,039800392;0,616927837;-0,015539651;-0,056952586;1,87364303;0,811528975;-0,050952277;0,030656155;0,002779382;-1,469024815;-0,07490885;1,024835449;-1,148271257;-0,034337682;-0,066311661;-0,072548899;0,879778207;-0,436566556;-0,06827771;-0,051646559;-0,053226344;0,128271563;-1,080516788;0,005829725;-0,071146978;-0,062708574;-0,0950322;0,007254471;-0,055879426;-0,433292439;-0,068557584;-0,048129763;-0,001602308;-0,030876717;-0,06659113;-0,07492124;-0,062854201;0,353966783;-0,609522507;0,030840041;1,827991693;2,125652444;0,045213896;-0,051536618;-0,042939576;0,004957477;-0,06212104;0,018387496;-0,064001284;-0,940588781;-0,913105331;-0,057473499;-0,005088679;-0,051992563;-0,058351017;-0,049576468;-0,081365856;-1,211128477;-0,044952351;-0,945797676;-0,068413533;-0,050849154;0,543140062;1,529301955;0,05783167;1,019497126;-1,942974171;-0,052571513;-2,425618782;0,131192273;-0,000896422;-0,249575535;1,34213972;-0,071717838;-0,78193581;0,855196677;1,877186034;-0,028413328;0,002849051;-0,047167658;-0,04414271;0,110413789;-0,041260755;-0,0522953;-0,516741441;-0,56025481;-0,436165958;0,702412051;-0,06737848;-0,047835706;-2,321875393;-0,302095393;-0,021230212;-0,047971799;-1,551059041;-0,04417734;-0,066804285;-0,052105433;-0,051600473;1,301371841;-0,063654804;-0,968221249;-0,033340186;-0,056614317;-0,412514108;-0,056702971;-0,068040911;-0,063960656;0,013447774;-0,797064717;-0,070092218;-0,098108997;-0,073172656;-0,037809229;-0,074164173;-0,068944557;-0,668842489;-0,073077353;0,043546959;-0,519594699;-0,063424603;-0,036640447;-1,616138392;-0,637432125;-0,04028471;-0,059860254;-0,159199047;-0,075759934;-0,057651044;-0,067078804;-0,066808208;-0,061488639;-0,070162598;-0,063710603;-1,274282799;-0,072637978;-0,026376852;1,49495146;-0,804982342;-0,054024021;-0,060374425;-0,064519358;-0,049690073;1,461431309;1,31448397;-1,08874082;-0,075170967;-1,485950218;-0,056649537;-0,190298349;-0,082192692;0,008062038;-0,0483013;1,812561327;0,798921355;-0,07990995;0,324578992;-0,068141994;0,163770867;-0,046391534;-0,260602385;-0,070455298;-0,062298404;-0,061894748;0,169646203;-0,046705932;-0,051207906;-0,079292063;-0,033395107;-0,045340253;0,819956321;-0,078011553;-0,486238701;-0,038860196
-0,151698389;0,915190381;-0,008160934;-0,045717879;-0,011040983;-0,024916553;-0,535057955;-0,488953935;0,331028152;-0,017273411;-0,013406353;0,08014402;-0,028116371;-0,021839909;-0,023836395;-1,615393833;-0,013125152;-0,013474094;-2,015240643;-0,0313859;-0,018967394;-0,013439145;-0,259112415;-2,059969711;0,003408824;-0,655900945;0,170499729;-0,011277527;-0,02837662;-0,017047011;-0,020312206;-0,449188644;-0,011468616;1,965829832;-0,18326991;-0,04302373;-0,350656705;-0,022682575;0,026477107;0,022180426;0,05445715;-0,775678926;0,240995274;-0,042036992;-0,012296712;-0,019515751;-0,031698985;0,740744441;-1,7232688;0,810992563;-0,642138725;1,012147537;-0,017112289;-0,020015301;-0,011722379;-0,024498858;-0,019052193;-0,261089334;0,491003581;-0,271672988;-0,356763015;-0,042464847;1,479973892;-0,020878586;-0,005352912;-0,031592837;-0,018156354;-0,006653801;0,014851357;1,120004438;-0,019533436;-0,966104372;-0,013657062;1,075902986;-0,038270583;-0,013476805;-1,469533123;-0,00305666;-0,011514057;-0,023409745;-0,039127235;-0,03442828;0,012489766;-0,026521111;-0,041031594;-0,015519851;-1,608822873;-0,35973334;-0,001930824;-1,777902912;-0,018701498;-0,058942602;-0,015647307;0,154270812;-0,119259547;-0,033185472;-0,026513758;-0,324708664;-0,028928946;-0,010533098;0,01544171;-0,036209205;0,552249314;0,211554025;-0,010160785;-0,009765748;0,395729077;-0,000289116;-0,125386465;0,926107474;-0,034892774;-1,29299145;1,519912106;-0,01327747;-2,105142954;-0,035889652;-0,6101198;-0,021882708;-1,913169165;-1,045625087;-0,02535975;-0,035691305;-0,02071212;-1,138386522;0,320164157;-0,039815515;-0,015976813;-0,024021624;0,203022187;0,08946112;0,001558212;-0,033448396;-0,021786368;-1,317719879;-0,014980827;-0,02238868;-0,296021599;-0,016687508;-0,031401956;-0,001381405;-0,033927206;-0,009346353;-0,038745155;-0,047408893;-0,009490473;1,041125267;0,440702717;-1,883354757;1,103844284;-0,093593844;-0,035636939;-0,021647699;0,012819357;-0,003554913;0,071384618;-0,016929813;0,357841068;-1,17863781;-0,010287036;0,003990268;-0,016411015;-0,012032891;-0,032003432;-0,028739021;1,069483459;-0,006731372;-0,557475382;-0,007555745;-0,020746895;0,730062959;0,097204484;-0,899120789;0,61588546;-0,025613026;-0,029808107;-0,203719946;-0,027220541;-0,043888066;-1,965802884;-1,337772176;-0,444488442;-0,065985248;-0,311270012;0,170954972;-0,049569625;0,01421008;-0,017465827;-0,034880096;1,038094799;-0,024141938;-0,010870486;-1,45607146;1,471152072;-2,04216533;-0,926202605;-0,031908587;-0,001058041;-0,012469212;-0,172492352;-0,026434177;-0,019150638;-0,157957309;-0,026440838;-0,037612608;-0,013826493;0,001965409;-0,899319332;-0,013102302;-0,314217995;-0,028074066;0,006648714;0,569303239;-0,030939853;-0,045674351;-0,005540745;-0,012437032;0,17801182;-0,021921868;0,004290086;-0,033418112;-0,024169366;-0,027824001;-0,036284935;1,861977791;-0,031990956;0,254539987;-0,313291686;-0,015157365;-0,009371892;-0,299124727;0,024120609;-0,032098609;-0,021210797;-1,426723707;-0,014696112;-0,012608963;-0,028214356;-0,035135631;-0,01315011;-0,015281495;-0,034199334;-0,300203883;-0,030149039;-0,031140925;1,573303426;-1,016224339;-0,030966523;0,002893914;0,00225188;-0,034410618;1,298677926;0,447996506;0,126746199;-0,033849431;1,19501102;-0,023259017;0,952404113;-0,030226419;-0,030410983;-0,004095389;-2,966732244;1,167638965;-0,030622532;0,391729404;-0,019634719;0,770354708;-0,029272325;-1,907599253;-0,010897543;-0,036688447;-0,014719946;0,383959497;-0,012917886;-0,003753521;-0,034790779;-0,022504645;0,032977921;-0,891432511;-0,027841094;0,722506371;-0,003949532
-0,293579707;0,793767812;-0,015527745;-0,080193374;-0,08311822;-0,080310264;0,221140219;-0,167520662;-0,538177265;-0,073228382;-0,009911823;1,105554519;-0,101125825;-0,079624497;-0,090827597;-0,007591421;-0,077460806;-0,086302093;0,944453804;-0,059967401;-0,039939012;-0,096267532;-0,097063156;-0,764294735;-0,049916161;-0,44914843;0,888017302;-0,056356422;-0,072781793;-0,089809448;-0,084346822;-0,662479359;-0,081109186;1,014772884;0,32117259;-0,084146171;0,957415444;-0,085202994;-0,029526415;-0,040546623;-0,312653398;-1,553585812;2,133269618;-0,077946699;-0,03906448;-0,103159859;-0,094360014;0,067047099;0,043018754;-1,55148467;-0,800771308;0,010845041;-0,002030543;-0,098598866;-0,080174162;-0,101136875;-0,04726135;-1,108738191;0,284306805;-1,720355203;0,391984896;-0,108336432;-0,172687775;-0,087501386;-0,082408378;-0,07743981;-0,0714191;-0,036082387;-0,0649114;0,26672283;-0,039070738;0,301261245;-0,044912676;1,187191236;-0,070780972;-0,077150218;-0,988382719;-0,027040177;-0,091896063;-0,097067663;-0,082346017;-0,103658283;0,091744461;-0,084136489;-0,021637778;-0,085466536;1,817174319;-0,202993639;-0,082836636;0,991633844;-0,076066285;-1,676691048;-0,014165192;-0,110464375;-0,370309076;-0,072259273;-0,071415806;1,436967156;-0,091336209;-0,086632591;0,024894224;-0,06090232;-0,520132038;-0,817993374;-0,072311487;-0,092087446;1,010073192;-0,00026685;-0,602912771;-0,337956897;-0,080084576;-0,733688377;1,524986874;-0,105143077;-1,030538699;0,012070067;-1,284363635;-0,101965276;-0,260188129;-0,486254021;-0,058896104;-0,073578049;-0,098543781;0,39159957;-0,511542619;-0,073647468;-0,067365905;-0,092255822;-1,638381496;-1,166410624;0,007864509;-0,086572225;-0,090490762;-0,996091306;-0,008692105;-0,036170715;-0,69492702;-0,018087636;-0,078875108;-0,03877562;-0,063177433;-0,086219123;-0,089576773;-0,105693688;1,714062283;0,926668603;-0,810316078;0,245764912;-0,683051823;-0,076153351;-0,09695206;-0,093677669;0,002009118;-0,051460016;0,055502733;-0,091604379;0,883545686;0,055933702;-0,062165076;0,004915917;-0,073834578;-0,085463278;-0,086791371;-0,102542221;-0,396576475;-0,07105191;-0,27548387;-0,096032375;-0,072958739;0,729668829;0,404898092;1,189796197;0,237275445;0,223850891;-0,08747902;-0,616624058;-0,068985243;-0,012294096;1,108115705;0,34015481;-1,391848901;0,389766352;0,753420053;-0,092475792;0,006314638;0,004141444;-0,08024856;-0,06725486;0,318154174;-0,096043179;-0,08229507;-0,723177239;0,166435302;0,196393352;-1,22638007;-0,08430891;-0,081107202;-0,018378902;0,548365455;-0,017431744;-0,061959108;0,776029286;-0,074433014;-0,099821648;-0,066290774;-0,084232312;0,123268844;-0,089594463;0,598297401;0,018949996;-0,070123732;1,464205523;-0,091807877;-0,080777976;-0,068321853;-0,02812838;0,782096185;-0,068330786;0,015718141;-0,087894087;-0,065418727;-0,102942986;-0,076887342;-1,091324163;-0,07874386;-0,970143323;-0,019531302;-0,059061428;-0,045990175;-1,775377358;-0,522086272;-0,010041335;-0,072964427;0,284142081;-0,093250347;-0,094322849;-0,073847682;-0,077091841;-0,068525814;-0,098613213;-0,064721496;-0,032630329;-0,082520843;-0,051104711;-0,103762346;0,292801946;-0,066996237;-0,073444841;-0,061143602;-0,10208891;1,324891436;-2,014257723;0,358930771;-0,086588253;-1,177277753;-0,107238023;-0,025824721;-0,078409301;-0,010825392;-0,082028637;1,634820954;0,138788614;-0,071350766;-0,201403831;-0,093703929;-0,617707946;-0,069035532;-0,978071903;-0,083580274;-0,0756106;-0,093960516;-0,499107559;-0,042093243;-0,066003546;-0,078040572;-0,042504333;-0,027315877;-0,501026615;-0,103993675;0,371222032;-0,059039562
-0,280880902;0,307423406;-0,029359185;-0,06540194;-0,082318943;-0,074644239;-0,91089622;0,003213836;-0,094825459;-0,075036055;-0,031539886;-0,080495093;-0,082435788;-0,06548111;-0,067387233;-1,536784643;-0,080682531;-0,080714586;0,592343577;-0,04696037;0,013657402;-0,071803139;-0,16770306;0,33670568;-1,198741364;-0,406789535;0,824685147;-0,041051803;-0,083229629;-0,059594659;-0,084225884;-0,179018716;-0,066109199;0,566447208;1,548388054;-0,062089945;1,416958695;-0,050639674;0,02087308;-0,055398375;0,557278761;0,08237505;1,457700842;-0,080954515;-0,042039555;-0,082302417;-0,086148659;-1,823213858;-1,032145059;0,234394629;0,707525621;-1,82873718;-0,002152729;-0,070404556;-0,062898929;-0,072095024;-0,056946196;-0,797183525;0,196709371;0,362181055;-0,214422146;-0,082548923;0,662070487;-0,074916127;-0,078749826;-0,071307186;-0,071839526;-0,036429438;-0,062555037;0,867924505;-0,0381069;-0,893491583;-0,025817955;0,232000353;-0,06990832;-0,066110439;0,337396663;-0,014577145;-0,063770934;-0,069126915;-0,087800326;-0,075982843;0,017063804;-0,073472578;-0,038232475;-0,071997931;-0,149892757;-1,053027179;-0,068621913;-0,210324673;-0,088415256;0,53958106;-0,03167841;-0,660287273;-0,31485546;-0,055244581;-0,04924731;-1,44552032;-0,085334799;-0,085471862;0,057943703;-0,057506055;-0,363905505;-0,174680933;-0,065572834;-0,055379313;-0,469815613;-0,036979015;-0,496348193;-0,863512557;-0,085146171;-0,075795919;-0,616635718;-0,09105982;0,008791319;-0,016759924;-1,169127634;-0,08859107;0,653264016;0,011672397;-0,06159711;-0,055181448;-0,078886852;-0,690172009;0,286692682;-0,063178345;-0,04949356;-0,059089046;-0,483489848;1,188121645;-0,008911172;-0,076685925;-0,08066941;0,352615434;-0,005059162;-0,057686725;-0,377453285;-0,099917006;-0,05919466;-0,004671062;-0,051011141;-0,065248512;-0,089762457;-0,088192362;-0,702329913;-0,402832926;0,928318667;-0,574693569;1,303205514;0,015432965;-0,060020534;-0,050594145;-0,01477178;-0,059183618;0,009274904;-0,074355919;0,869639173;-0,240708768;-0,06832673;-0,02468167;-0,081262702;-0,061236236;-0,057158916;-0,057371451;-0,595644876;-0,053123198;-0,113769038;-0,058452413;-0,062424942;-0,158158933;0,240037797;-0,413615218;-0,157771098;0,452459463;-0,091572989;-0,332910819;0,628926804;-0,012053116;-0,303373238;0,233943365;0,072023874;0,868922828;1,965301246;0,074028408;-0,044038215;-0,002980373;-0,068660521;-0,062642915;-1,215483613;-0,073314202;-0,086122528;-0,241415072;0,241162318;0,75011495;-0,50160367;-0,07001815;-0,06859893;0,82538955;0,150387146;0,010679124;-0,08270708;-1,301851434;-0,063734829;-0,066226053;-0,070410341;-0,064611518;-1,259287065;-0,06736432;0,199774784;-0,002556405;-0,074385514;0,46315736;-0,057143949;-0,093858951;-0,063570792;-0,002108284;0,237415983;-0,078825204;-0,085045021;-0,079042981;-0,05470517;-0,084829811;-0,056837727;-0,430592644;-0,059133805;-1,348780036;-1,005262207;-0,035026146;-0,044727561;-0,089554673;0,986863671;-0,00398708;-0,064877931;-0,880789578;-0,084972856;-0,071404931;-0,08101935;-0,060276627;-0,05257763;-0,074485454;-0,06981001;-0,390038461;-0,089691128;-0,055134637;-1,558446355;0,585624788;-0,070897147;-0,069739521;-0,063798107;-0,078696434;-0,524001822;-0,372580708;-0,635316994;-0,059325945;1,146135142;-0,077751684;2,155941137;-0,06468032;-0,050982535;-0,047603923;0,600041454;0,409003289;-0,057617255;0,7140307;-0,054137149;-0,824989167;-0,069749345;0,246365037;-0,090942459;-0,088761181;-0,070942479;0,056734688;-0,04490707;-0,074242065;-0,071688678;-0,038629849;0,017006124;-0,34018667;-0,080442429;0,163219388;-0,070518061
