-0,295335576;-0,062425912;-0,031163276;-0,028396762;-0,480895829;-0,055512639;0,554626192;-0,077417194;-0,086928591;-0,087141501;-0,081122843;-0,062591574;-0,085653866;-0,074914316;-0,093177512;-0,050517848;0,287143855;0,521039695;0,015449508;-0,093052852;-0,094395562;0,001452513;-0,854119658;-0,025476378;-0,037684131;-0,02736239;0,068340221;-0,080355366;-0,184384152;-0,08469041;1,714391406;-0,088132662;-0,228275865;0,163530811;1,200189999;-0,089783009;0,865838929;-0,025999099;-0,892005481;0,142118218;-0,081654101;-0,092493619;0,644940515;-0,078394618;-0,078454153;-0,095148949;0,250895016;-0,010023663;-0,28533715;-0,648839519;-0,07822538;-0,01584105;0,188659802;0,639787207;0,428944647;0,202250824;-0,165599152;-0,091827394;-0,087038271;0,11036495;0,041751645;-0,813689254;0,049259865;-0,032710831;-0,03947584;-0,004248822;1,152401442;-0,092448213;-0,08453913;-0,023936113;-0,044659383;-0,093453647;-0,080078362;-0,026574047;-0,271835875;0,186384791;-0,197128088;-0,009657911;0,193298393;-0,901719874;-0,092491061;-0,090591916;-0,08683248;1,038295167;-0,084984855;0,735994899;0,21854124;0,540242142;-0,080009815;-0,252646632;-0,246019848;-0,093979527;-0,0825665;-0,078985731;-0,324235787;-0,093620869;1,251161299;1,116061816;-0,214055746;-0,857597667;-1,066147125;-0,048041846;-0,751646556;-0,08375293;-1,068198464;-0,187590025;-0,886360662;-0,086692553;-0,706873955;-0,094138521;-0,696230286;-0,67406759;-0,081232016;-1,184081575;0,192005165;0,632098014;0,293951818;0,39395397;-2,077721673;-0,075005426;-1,24035618;0,826419658;-0,084872108;0,550414207;-0,022373083;-0,069263198;-1,238183289;-0,083656428;-0,798844848;-0,088146111;-0,056798374;-0,070677524;-0,086293996;-0,076202634;-0,162950039;-0,302728085;-0,573378336;-0,085518669;1,388332862;-0,709651788;-0,042384321;0,150204015;-0,077364842;-0,089721193;-0,026914246;-0,033506081;-0,958238781;-0,085545334;-1,715535697;-0,018517423;0,095812181;-0,988263882;0,779420422;-0,078662998;-1,158018862;-0,086071262;-0,089510688;-0,702838555;-0,083241231;-0,089982656;-0,085414521;-0,082567828;-0,076038975;0,03864126;0,153601473;1,192383625;2,023041581;-0,071382778;-0,083426662;-0,090735879;-0,003418781;-0,079250176;-0,089051254;-0,086423637;-0,081651288;-0,041650725;0,413901029;-1,85160566;-0,093213772;-0,101090273;-0,086648056;-2,05190724;0,360893308;-0,867589257;-0,568742951;-0,091542778;-0,266415543;-0,077293884;-0,05433303;-0,189962051;1,702241496;-0,082801417;0,884391624;-0,984952789;-0,092567754;0,764260018;-0,045846449;-0,082430752;-0,087044488;-0,071272494;-0,281062124;-0,079112314;-0,087755315;-0,525600938;-0,033279249;-0,084721841;-0,086354313;-0,1664485;-0,079965028;1,096857857;0,374035851;-0,08027583;-0,083741928;-0,080613831;-0,078165399;-0,007862047;0,665005011;-0,026591883;1,213552871;-0,080841326;-0,08782548;-0,077902544;0,759976905;-0,086755055;-0,98061482;-0,537825476;-0,109794831;-0,064909462;0,361844953;-0,09400567;-0,0898379;-0,092694857;-0,083284386;-0,077628756;-0,080390835
-0,288811479;-0,066985321;-0,044938666;-0,022051151;0,105859929;0,008390863;-0,490018206;-0,083630551;-0,083822346;-0,084099541;-0,091653643;-0,070013421;-0,077422925;-0,088410221;-0,094446704;-0,047801214;-0,170355923;-1,943486659;0,012267407;-0,091805076;-0,083745944;-0,093148278;-0,239539766;-0,032281227;-0,070187362;-0,007184388;-0,99503495;-0,089903345;-0,120950216;-0,094122628;0,245886598;-0,294673521;0,461024955;1,169425904;0,081658287;-0,086455526;-1,07064468;-0,035552422;-1,016437868;-0,295471269;-0,083121883;-0,089099521;0,619214007;-0,094087434;-0,085647655;-0,082143163;0,553180212;-0,002339966;0,388208628;-0,080637562;-0,092968303;-0,00844702;0,503798243;0,345059072;0,125881661;-0,369297418;0,195742087;-0,080389732;-0,085768953;0,019760192;0,166251434;-0,579235737;1,477562724;-0,039542812;-0,046950241;0,001923703;-0,086810631;-0,092443049;-0,077964051;-0,015792779;-0,044972343;-0,094147996;-0,083112397;-0,04495748;0,401255688;-0,253890018;0,091923432;-0,049656078;0,306229351;-0,233401782;-0,090455262;-0,078776695;-0,080055303;0,514415827;-0,084145976;0,218753189;1,071868582;0,758800656;-0,08098085;-1,211915214;-0,729070134;-0,0838444;-0,086447019;-0,081925734;-0,795343512;-0,060151581;-0,31347303;-0,817073204;-0,25643251;-0,351693697;-1,430369924;-0,066115919;0,543838528;-0,090698613;0,079125852;-0,579182515;-0,603829893;-0,097924993;-0,720764502;-0,087965885;-0,768055021;-1,305632965;-0,092947663;-0,215239599;0,763734123;-0,403895893;-0,574895262;0,201384412;0,319502884;-0,166818965;0,096024589;-0,091048772;-0,092923488;0,175287226;-0,033358882;-0,081338234;-0,324117816;-0,092163679;0,502544324;-0,089929778;-0,061875066;-0,088323504;-0,075592533;-0,091879514;-0,068337776;0,92079578;-0,473436583;-0,092582879;-1,027057172;-0,636761605;-0,58087202;0,008324231;-0,093481294;-0,089990557;0,191352566;-0,039624228;-0,340569595;-0,079605838;0,634181003;-0,017205123;-0,073454182;0,567254804;-0,214500794;-0,084983525;-0,621252615;-0,098169448;-0,082004357;0,158486144;-0,093667228;-0,082617452;-0,083280572;-0,091187851;-0,088700635;-0,509544925;0,211104061;-0,985236379;1,580373784;-0,025280482;-0,079805936;-0,088582808;-0,124444495;0,086251112;-0,093772271;-0,082101854;-0,09031328;-0,044433501;0,514773966;0,752546553;-0,094762863;-0,065866039;-0,013050575;-0,638171945;-1,692475264;0,199978896;0,992405968;-0,080494619;0,444945184;-0,094659167;-0,027800141;-0,655026047;1,183061006;-0,089332552;0,904987651;0,233839496;-0,092631016;0,870514879;-0,048041455;-0,082978806;-0,087553545;-0,080205298;0,071953446;-0,078649806;-0,085618918;-0,510336347;-0,036569751;-0,084999576;-0,079055852;-0,110776296;-0,084567068;0,194875999;0,325196824;-0,092960312;-0,080129486;-0,080344059;-0,082184926;0,002499849;0,165923583;-0,040762049;-0,016789847;-0,089056731;-0,086319918;-0,087503595;1,04384256;-0,087960047;-1,223288556;-0,245090558;-0,167695334;-0,039367632;0,312811387;-0,095044239;-0,084970487;-0,078999639;-0,080187608;-0,081715952;-0,082350745
-0,30143536;-0,07689128;-0,044056546;-0,019443759;0,269484558;-0,064384621;-0,559512865;-0,092494907;-0,095593246;-0,095513174;-0,079588961;-0,059161846;-0,083438853;-0,085952155;-0,094982691;-0,058098288;-0,522612718;0,764168846;-0,068114433;-0,093057853;-0,099471483;0,180068329;-0,755117147;-0,043061583;-0,07524077;-0,038790915;-0,77142685;-0,087796113;-0,00961092;-0,092105548;1,257935668;-0,283593094;0,266642482;-1,144412402;-0,960378985;-0,092145312;0,793818166;-0,021425502;0,471046494;-1,416124499;-0,092362381;-0,092019891;1,09478054;-0,091007466;-0,084930709;-0,091637668;0,220381911;0,002939293;-0,20284399;-0,526354222;-0,091544927;-0,018014732;-1,135644102;0,672336018;-0,408296274;0,508715071;0,742035148;-0,097088403;-0,095213068;0,290037982;0,249639017;-0,824753073;-1,168276476;-0,040011234;-0,031951649;-0,014081968;0,040839752;-0,09406758;-0,084789193;-0,018495418;-0,052700867;-0,085221226;-0,100959088;-0,010758496;-0,964507321;0,276696724;-0,161675643;0,626351375;0,931886503;-0,897927426;-0,088947657;-0,094904821;-0,096948204;-0,671939607;-0,091470865;0,417685538;0,558088075;0,875495999;-0,094945243;0,10729234;-0,323221059;-0,097973815;-0,083524956;-0,088025995;-1,148619577;-0,067673938;0,132210395;-0,341137956;0,938257091;-0,035911648;1,185378809;-0,060119998;0,034091317;-0,087753246;0,509879485;-0,165670415;0,33237363;-0,085613882;-0,673752985;-0,091909133;-0,84144713;-1,994197117;-0,084445484;-0,219366042;0,262153821;0,588638507;0,23144538;0,708617171;-0,659360968;-0,235131792;-0,232429509;0,461432684;-0,094918826;-1,44127482;-0,023189668;-0,085574636;1,00568813;-0,088436987;-0,917119743;-0,085887722;-0,071472438;-0,083670763;-0,084577499;-0,087212696;-0,092537469;-0,630041731;-0,627737588;-0,098663194;-0,925365333;0,288314468;-0,218216862;0,1053122;-0,086863627;-0,09839027;-0,101672208;-0,015472216;0,826878198;-0,10059836;0,672580304;-0,005604016;-0,285173556;-0,14450474;0,606202574;-0,093563089;0,092884849;-0,089245099;-0,099500391;0,285357225;-0,091767177;-0,088752642;-0,089279551;-0,097380497;-0,095727339;-0,865129753;-1,418283276;-1,485545709;0,956668915;-0,039155803;-0,08719719;-0,09393857;-0,073939591;-0,188782538;-0,085869562;-0,086736707;-0,088633397;-0,063476708;-0,92952952;0,30900687;-0,100747098;-0,047666355;-0,017647951;-0,917215989;0,408718385;-0,12425525;1,292459542;-0,094893329;-0,197960803;-0,096444065;-0,059061314;-1,520444455;0,59623841;-0,09019109;0,904157177;-0,001913269;-0,100876802;0,463251525;-0,057721836;-0,09403169;-0,094797851;-0,073144735;0,077503963;-0,092821871;-0,087565244;-0,401713929;-0,032062524;-0,092775593;-0,099491402;-0,079157905;-0,09472022;0,56394965;-0,839811859;-0,101728572;-0,088290222;-0,088135136;-0,09096083;0,00246544;-0,359662313;-0,036423045;-0,674530336;-0,088252608;-0,097303484;-0,08810853;-0,673626461;-0,088131175;-0,986875587;0,140812847;-0,105153551;-0,114408023;1,002175525;-0,093852675;-0,099274612;-0,090690306;-0,100843564;-0,086837505;-0,088075041
-0,352309768;-0,029007488;-0,026109634;-0,016267281;-0,045652234;0,044663672;0,007939021;-0,068783799;-0,05859145;-0,065267361;-0,05856972;-0,034569182;-0,04755948;-0,056674781;-0,063723072;-0,043570043;-0,380155377;0,409470614;0,004474694;-0,050338148;-0,064848936;-0,213509742;1,914728194;-0,007058913;-0,06144285;-0,008923303;0,666222005;-0,066863494;0,132820015;-0,050852685;0,633338197;-0,141380989;-0,4508547;-0,761888356;-0,092698486;-0,053011534;0,526559495;-0,012850135;1,316424547;0,752776267;-0,054590744;-0,061256085;0,632136787;-0,062732885;-0,05457285;-0,056367058;-0,389415128;-0,015463538;0,14974993;0,526997661;-0,060024364;-0,005130927;1,427630877;0,126108804;-1,237283363;-0,418326552;-1,58284393;-0,064503845;-0,061106223;0,649106194;-0,148550254;-1,198673015;-0,594099482;-0,032531055;-0,036201447;-0,01133263;-0,430313268;-0,060618797;-0,052691583;-0,012619219;-0,049679486;-0,054660757;-0,059649302;-0,090349937;0,657205833;0,327007979;0,02427894;-0,318685081;-1,871321034;-0,405410812;-0,056765512;-0,049985409;-0,066494093;0,784767924;-0,056579802;0,343108074;0,438394285;0,748474643;-0,053776349;0,238017321;0,272423885;-0,061950717;-0,052669962;-0,059027078;-0,908152703;-0,046113387;-0,465182012;-0,16320896;0,393880398;2,018056008;0,074730535;-0,042318213;-1,810067226;-0,060003598;-1,259001126;-0,07947268;-0,872751216;-0,046629552;0,774655358;-0,057068794;0,427896604;0,003846141;-0,057426781;0,303550474;-0,401567122;-0,102795032;-0,523353267;-0,449703958;1,06051196;0,255380142;0,254515259;-1,568273416;-0,063995026;0,749071433;-0,015898394;-0,060365613;-1,296363383;-0,060727938;-0,529666882;-0,064079858;-0,042578034;-0,048327483;-0,057301981;-0,052636513;0,012060031;-0,642027741;-0,373762788;-0,061547392;-1,527027763;0,798410364;0,208121778;0,078875869;-0,055434172;-0,057604508;-0,251162218;-0,062464674;-0,486423;-0,050230495;-0,869228115;-0,004808719;0,03384736;-1,227418724;-0,492830544;-0,06127583;-0,416031277;-0,052349564;-0,05863085;-0,838489759;-0,053961136;-0,060249783;-0,053235753;-0,06108599;-0,060208673;0,938968632;-0,274602211;-1,151805273;-0,924603968;-0,022834169;-0,064662782;-0,049922598;-0,062500914;0,229404001;-0,066546807;-0,052953282;-0,052278069;-0,011877322;0,487375801;0,659036477;-0,065089063;0,04946553;0,021898825;-0,314304682;0,221591197;0,372590943;0,725107794;-0,065457446;0,781722157;-0,048515753;-0,019919241;0,800642531;-1,595068517;-0,051004295;0,48033969;-0,556583913;-0,055876853;-0,082766883;-0,045445048;-0,056906556;-0,058129744;-0,051420835;-0,026490359;-0,062526643;-0,064249083;0,774139329;-0,015745609;-0,064713388;-0,055027352;0,182195542;-0,061002459;-0,74600823;0,943471958;-0,065999152;-0,064700671;-0,051760527;-0,063533848;0,001671208;0,888748983;-0,024330435;-1,190221746;-0,064706879;-0,050153251;-0,06354533;0,83414617;-0,061525953;-0,214436667;0,060088833;-0,094700685;-0,075208678;-1,085485086;-0,055983811;-0,058595279;-0,05995791;-0,065874262;-0,05174353;-0,047428475
-0,15665066;-0,025804352;-0,011526351;-0,016200705;0,79405077;0,035410421;-1,15322651;-0,047861661;-0,04165162;-0,048157009;-0,041784068;-0,039677699;-0,0464953;-0,057607406;-0,052652767;-0,043757989;1,106597784;0,942153257;-0,051110416;-0,047210927;-0,056227666;-0,278418633;-0,898316493;-0,019069851;-0,036055675;-0,014949611;0,636295332;-0,060210795;0,055922682;-0,055350231;-1,077368218;-0,246179517;-0,011271251;-1,128584583;-1,66509806;-0,057644986;-0,800748359;-0,011577082;0,742156477;0,610263084;-0,044007945;-0,049524946;1,836929252;-0,049636596;-0,054274331;-0,043256819;-0,491885201;0,006042853;-0,161698315;0,01284284;-0,051761061;-0,010599335;-0,28774663;-1,110071708;-0,251282422;0,119331048;1,628985533;-0,04653866;-0,054604984;-0,506622179;0,205863962;0,760796006;1,57675045;-0,003553284;-0,012325731;-0,006764898;-0,132259836;-0,057766942;-0,045600174;-0,025972039;-0,042059091;-0,058066308;-0,049204113;-0,02416791;-0,991978544;-0,182661019;-0,11500844;0,190303153;-1,326837687;-0,665606409;-0,050244044;-0,051233761;-0,046242579;0,165782717;-0,048238066;-1,353998273;-1,237587667;-0,967219239;-0,054814339;-0,287701977;0,017253004;-0,055581589;-0,053897278;-0,053283431;-0,373696221;-0,048217838;0,184918419;0,921514167;1,209331948;0,528247408;-0,904891595;-0,036943496;-0,093080976;-0,050251019;-0,240395097;-0,114573556;0,125346877;-0,041544036;-2,167923003;-0,057925718;0,522672444;0,784469305;-0,057195783;-1,269629941;0,82658366;0,620772136;0,224017787;-1,361408681;-0,398134672;0,200348785;0,095533816;0,329346133;-0,044080642;-1,247474829;-0,008964485;-0,047773709;-0,300830121;-0,05691697;-0,72742362;-0,044683587;-0,031758048;-0,047363568;-0,043943574;-0,049747773;-0,05060147;-0,380210031;0,742654889;-0,048451966;-0,310445587;-0,566469513;-0,12856963;0,130482932;-0,045492619;-0,04868194;-0,191590552;-0,056754688;0,374431048;-0,058681097;-1,136797487;-0,027045519;0,029896259;-0,567666406;0,89133793;-0,045556237;-0,009427346;-0,041271049;-0,050003332;-0,2381781;-0,042164613;-0,053115225;-0,052998883;-0,045795085;-0,053081584;-0,462858809;-2,03598786;-1,106054877;1,278617288;-0,023593536;-0,04849076;-0,049253511;-0,423279927;-0,077207133;-0,05495049;-0,053594999;-0,056494573;-0,005358463;0,127218108;0,336025444;-0,056823326;0,04197044;0,020655287;-0,463602724;0,432529932;-0,170275965;-1,324997489;-0,048455569;-0,401650139;-0,045746919;-0,014208126;-0,565401559;-0,039889288;-0,050274593;-0,251280267;-0,074481479;-0,055793315;-0,361418004;-0,012652563;-0,058109301;-0,045890302;-0,047976646;-0,025934387;-0,050421328;-0,056322003;-0,245323019;-0,027520589;-0,055154783;-0,056089466;0,102560143;-0,038420125;0,545083276;-0,231006781;-0,05818865;-0,046123951;-0,056696538;-0,044734498;-0,005724821;-0,416209994;-0,020155151;0,244621139;-0,042858968;-0,057622821;-0,049062105;-0,500403712;-0,044076951;-0,038726491;0,291595636;-0,003437301;-0,026061146;0,525796707;-0,055386619;-0,04621873;-0,048719474;-0,045174112;-0,052574265;-0,045937424
-0,274953841;-0,057640449;-0,009203867;-0,01883746;-2,136507012;-0,037067163;0,644626962;-0,069952506;-0,066935554;-0,064150556;-0,065407971;-0,0273111;-0,052092019;-0,063969098;-0,064100645;-0,00339416;0,005732622;1,461485859;0,014031866;-0,070406371;-0,059824166;-0,241117036;-1,599377067;-0,020236463;-0,046570486;-0,024363533;-1,197482739;-0,071438143;-0,038840701;-0,070472307;-0,668801589;-0,260445128;-0,001534119;-1,213010315;1,328072901;-0,059928511;-0,232293688;-0,012578705;0,083085346;1,788914095;-0,066513296;-0,057548848;-0,355255054;-0,069135253;-0,064971313;-0,056105007;-0,157484863;-0,003310314;0,009659596;-0,279967978;-0,055634276;-0,003392698;-0,710763976;0,095046056;-0,03003699;-0,151554916;-0,975695024;-0,067453457;-0,063876781;-0,413907667;0,016576924;-0,104212059;-1,961099322;-0,020680887;-0,006857125;0,00097472;-1,015839756;-0,055211161;-0,06904833;-0,024255357;-0,05444409;-0,063003878;-0,069570307;-0,081209614;0,891637926;0,103646765;-0,075419592;1,166794696;-0,402367821;-0,449750797;-0,058764681;-0,063217789;-0,06697924;0,121401844;-0,067812006;-1,129518115;-1,281279959;-1,250480047;-0,068289478;0,228698369;-0,05195986;-0,067382605;-0,064774405;-0,060804227;1,16823448;-0,072840779;1,519721203;0,80742013;0,664040749;1,794265265;-0,192144438;-0,038638603;-0,538963199;-0,054678247;0,870537019;-0,080646145;-0,391873267;-0,042497913;1,584122161;-0,06618348;0,221336082;0,209844235;-0,058010323;-0,190723663;-1,58365281;1,056036962;-0,951074297;-0,841392072;0,192660735;0,069531951;-0,21190056;-0,201494043;-0,061067844;-0,503459849;-0,011647581;-0,061153493;-0,125710828;-0,068579096;0,350961495;-0,053457257;-0,04358503;-0,060299671;-0,057983244;-0,063506678;0,031527135;-0,115154941;-0,227269915;-0,062992947;-0,476253631;1,039414135;0,311641529;-0,15700236;-0,063354152;-0,056445853;-0,039767207;-0,08771679;0,448465726;-0,070975635;-1,663237013;-0,004257217;0,321026594;-0,043852586;0,169482246;-0,066265558;1,361169739;-0,048799667;-0,065876443;-0,560312204;-0,06740099;-0,065747072;-0,053320993;-0,056697569;-0,056489111;-0,798645453;1,341859135;-0,830405967;-0,453023095;-0,036579982;-0,053134052;-0,05370551;-0,062950109;-0,673037407;-0,061348917;-0,069557674;-0,066867365;-0,013562835;-1,446254936;-1,215590393;-0,057514801;-0,076768362;-0,035262449;0,936186667;0,285623229;-0,618325092;-0,975026671;-0,068218729;-0,619584586;-0,050236022;-0,027157871;-1,325834078;-0,645427383;-0,066600651;-0,219793337;0,932037446;-0,065453627;-1,789326357;-0,029135567;-0,064655378;-0,05722643;-0,054585865;-0,144682347;-0,070064169;-0,060038605;0,108928753;-0,029487778;-0,057366771;-0,064337179;0,065206139;-0,056014024;-1,786039518;-1,505168298;-0,062515874;-0,05455047;-0,059288728;-0,051617847;-0,002133822;-0,67313862;-0,031145336;-0,343607403;-0,062644781;-0,06081753;-0,066614299;-0,848421357;-0,062993427;0,843497074;-0,090445424;-0,042933558;-0,037597131;0,464084063;-0,055956441;-0,066804648;-0,06172588;-0,055045906;-0,070778431;-0,052280951
-0,423882117;-0,068731908;-0,024879695;-0,021759454;0,580689143;-0,116267333;0,257586003;-0,090582643;-0,084231922;-0,090157165;-0,075780621;-0,049699335;-0,085034399;-0,076561295;-0,093159361;-0,08096177;0,344596839;0,685554944;-0,076441861;-0,083816613;-0,091795991;-0,026939338;-0,523039515;-0,023732385;-0,061754861;-0,024656776;-0,124282698;-0,083269688;-0,127315651;-0,080535948;-1,434496662;-0,033185785;-0,547251098;0,804591415;-1,133551518;-0,089742211;0,211706097;-0,017159513;-0,868541517;0,305979993;-0,091994681;-0,086317167;0,275064656;-0,088368654;-0,084671976;-0,078817929;0,273027506;0,010482768;-0,32939263;-0,625823685;-0,079008487;-0,032919352;0,765770552;0,603679374;-0,69134008;0,598198763;-0,020791397;-0,09117148;-0,081320396;0,059948027;0,092494396;-0,617945262;0,415891927;-0,013186885;-0,04955237;-0,002806859;0,329840256;-0,092404627;-0,078643887;-0,014834263;-0,05964028;-0,089073339;-0,089834081;-0,012119849;-0,609430629;0,170720737;-0,091198429;0,279851752;0,455840932;1,504831276;-0,085872325;-0,076122788;-0,0780743;-1,222444156;-0,080357261;0,71033321;0,927186266;-0,522652673;-0,089591133;-0,61331465;-0,407880897;-0,081812911;-0,080472591;-0,092153406;-0,831662117;-0,083961498;-1,65099703;0,348181317;-0,963426295;-0,11081288;1,101782412;-0,061808547;0,031394793;-0,083861711;0,225028397;-0,245274465;0,831543994;-0,088319596;-0,412660141;-0,086120246;0,131812709;-0,367517529;-0,092057338;1,049744246;-0,641551876;-0,544239995;-0,04107529;0,907066681;0,350229906;-0,26432527;-0,445673726;0,603977935;-0,087450117;-0,493257363;-0,043986721;-0,088872156;0,225036168;-0,076320221;-0,972420345;-0,082894211;-0,085548029;-0,066697043;-0,07463632;-0,078114297;-0,131051308;-0,723841308;0,546937906;-0,091713629;0,260812214;-0,656935768;0,217221818;0,036197135;-0,087249834;-0,083464326;0,105901745;0,01649174;0,361434786;-0,079495579;0,920364698;-0,028752831;0,456522748;-0,758576794;0,425397325;-0,079698754;-0,174385779;-0,075754237;-0,079815186;0,186739532;-0,090364636;-0,080284348;-0,075487753;-0,08581402;-0,076852255;0,909399588;-0,970645559;0,693260295;-0,72826766;-0,061117186;-0,088102913;-0,080414485;0,111870851;0,052653393;-0,079193606;-0,083453332;-0,083175578;-0,02866627;0,801060423;-1,099592048;-0,084820763;-0,041274433;-0,004846333;-1,485941724;0,087833094;-0,318787057;0,974424301;-0,089147541;0,050297239;-0,081123585;-0,051010747;-0,881003311;-0,743113819;-0,084850787;0,535735006;-1,009156191;-0,091771799;-0,774176168;-0,025899361;-0,081267963;-0,084725304;-0,06968232;-0,605737397;-0,082561317;-0,088216744;-0,782428424;-0,021259672;-0,078704532;-0,077850247;-0,262876971;-0,086229451;-1,41610243;-0,672122753;-0,076966134;-0,077798028;-0,086432425;-0,09010588;-4,66E-05;-0,221932633;-0,036378924;-0,574385136;-0,083543683;-0,07461873;-0,084570882;0,509947779;-0,085569411;-0,737713985;-0,621612895;-0,066964681;-0,04745759;0,587414618;-0,092379547;-0,084308632;-0,078527698;-0,078300986;-0,083206399;-0,088800089
-0,444056601;-0,045784608;-0,025038254;-0,023604669;-1,225043023;-0,028140507;0,152244776;-0,078142628;-0,086184537;-0,083094051;-0,080162555;-0,04417626;-0,080264908;-0,0737471;-0,087731714;-0,050751344;0,216054118;0,245469649;-0,095569366;-0,083286684;-0,07358464;-0,131153697;1,457253475;-0,022679351;-0,075400505;-0,0293318;0,977213649;-0,073907832;-0,083193519;-0,076861232;0,557817482;-0,210106913;0,219020422;-0,362310227;1,080221059;-0,070631393;1,260712598;-0,025043455;0,673262321;-1,192643994;-0,082397178;-0,081054935;-0,29232774;-0,078146874;-0,087261392;-0,089420589;0,17928425;-0,003599814;-0,080685486;0,240165156;-0,071965067;-0,006305112;-0,216971253;-0,723859527;0,134834366;0,052297016;-0,484952619;-0,074068895;-0,08507723;-0,195533143;-0,215609797;1,438147926;-0,662777451;-0,021976005;-0,043380425;0,002641938;0,181777226;-0,076654857;-0,084174011;-0,005475831;-0,057713412;-0,081608779;-0,085098308;-0,026167486;-0,804242462;-0,289819198;0,028705347;-0,50843483;-0,190689761;-0,309331262;-0,083036335;-0,084176567;-0,083801108;-0,443306661;-0,073892351;0,899546574;0,418616347;2,184986359;-0,076940245;0,605739495;0,026634585;-0,082046246;-0,078065595;-0,077923583;0,820766239;-0,068151445;1,456358378;0,021604932;1,495617636;-0,674246338;-0,763044766;-0,05896313;-1,335999261;-0,074823785;0,230038359;0,001899774;0,124013057;-0,087076788;0,312432884;-0,080357541;0,705008019;-0,099006147;-0,076369452;0,486052981;0,934001836;0,477982409;-0,441722829;0,407102658;-0,949221987;-0,063512448;-0,08229543;0,495000289;-0,077508142;-1,307971453;-0,017402929;-0,075778821;0,270748266;-0,079030952;-0,588817747;-0,072924867;-0,053879841;-0,075526214;-0,069263204;-0,077445345;0,023011363;0,031814988;-0,571922659;-0,084772638;-1,106909563;-0,016510684;-0,65034798;-0,069790366;-0,079910046;-0,085593877;-0,382275171;-0,085290854;-1,15276647;-0,072890739;0,332390673;-0,016305499;-0,900752018;-0,094297957;-1,043005282;-0,084647295;1,094087666;-0,074518744;-0,086371468;-0,121132408;-0,083151007;-0,086916521;-0,08445368;-0,084589154;-0,083466189;-0,291095577;0,958906437;-0,793311606;-0,628409928;-0,042169521;-0,079034384;-0,079028343;-0,089757952;-0,060060275;-0,079162607;-0,079266469;-0,077094224;-0,045567062;-0,447859323;0,791099522;-0,082315698;0,016547558;-0,058783536;0,576718038;0,406408149;0,002624307;0,663058962;-0,077553915;-0,733225411;-0,088257492;-0,045166679;-1,187676845;-0,73456809;-0,080327789;-0,908045111;0,032722672;-0,075580003;-0,900349748;-0,011724812;-0,084123915;-0,083573171;-0,055174231;-0,004384669;-0,078136646;-0,081316789;-0,712123758;-0,028631588;-0,082512493;-0,076663317;-0,117649964;-0,078342586;0,697405241;-1,662059829;-0,083191446;-0,077483122;-0,079265109;-0,071415507;0,006071746;-0,742894603;-0,037050276;-0,082075762;-0,084078354;-0,087431651;-0,084082661;-0,688946242;-0,082022956;-1,689773112;-0,062759101;-0,053078799;-0,067439034;-1,982931619;-0,080372242;-0,081192202;-0,078836754;-0,078916041;-0,08179118;-0,07091311
-0,268920011;-0,073100101;-0,032713316;-0,025298905;1,064216626;-0,023744967;-0,006761821;-0,09101151;-0,098670378;-0,08808356;-0,099370053;-0,065817388;-0,094175387;-0,088238009;-0,09109224;-0,065687372;-0,065286604;-1,669436425;-0,129591116;-0,090799676;-0,096450123;0,090425891;-1,013204431;-0,048574581;-0,05660664;-0,029389854;-0,512900762;-0,094860022;0,050025047;-0,088109953;-0,820292978;-0,46657817;-0,104227695;-0,692937693;0,836757818;-0,099238435;-0,951242812;-0,041459501;0,928443342;0,513396703;-0,096031183;-0,091092688;0,266114363;-0,092710271;-0,093376355;-0,097797239;-0,293455074;0,00049077;-0,024692345;-0,276973114;-0,089124474;-0,01052752;-0,234625108;-0,536438201;0,551452319;-0,600174714;0,275856385;-0,097368972;-0,094764515;-0,251814036;-0,129137781;2,119979198;-0,210524211;-0,041810287;-0,051148985;-0,013050486;1,786471486;-0,089326144;-0,09996955;-0,017538203;-0,067314427;-0,093921627;-0,090540176;-0,081096478;1,060724358;-0,653031758;-0,005378788;0,852872807;-1,520075866;1,298226351;-0,088072197;-0,091469127;-0,094738681;-0,042817413;-0,097827431;0,806583603;0,685552877;-0,649571844;-0,092432514;1,406350432;0,144268654;-0,098538768;-0,098000994;-0,098276829;0,098103419;-0,093533007;1,23206909;-0,641971969;-1,139064126;-1,456273451;-0,401936812;-0,073728507;-0,121114677;-0,087444852;-0,417548234;-0,075672291;0,627686899;-0,10571817;-0,762488995;-0,101459339;-0,981743631;1,542817508;-0,09732558;0,490484431;1,034573972;-0,211480441;-0,243895176;0,414842761;-0,584918374;-0,144920716;-1,674321243;-0,202988884;-0,086581759;0,320453992;-0,031012773;-0,096275112;-2,002768094;-0,086394751;-0,045748849;-0,087234402;-0,048655345;-0,094686905;-0,085419186;-0,091486932;-0,078237436;0,028345456;0,177596295;-0,097767149;-0,591893848;-0,978800435;0,290942909;-0,232941779;-0,101453959;-0,090405562;0,091862529;-0,058535147;1,235129094;-0,085588143;1,185898791;-0,003819724;0,255241326;0,121565451;-0,349982446;-0,09544816;1,28190445;-0,083436253;-0,094412614;0,517609359;-0,097090019;-0,097717916;-0,088580555;-0,087144465;-0,085026216;-0,386665588;-1,256279786;-0,250160093;-1,38377291;-0,047962643;-0,099821849;-0,100543339;-0,241974341;-0,237585345;-0,095857003;-0,092068654;-0,097766136;-0,058742156;-1,112304938;0,580382458;-0,100232546;-0,053433839;0,002370484;-0,542761383;-0,692984956;-0,211105828;-1,73272501;-0,096870592;-1,409211653;-0,106740032;-0,038519225;-0,149058663;0,891039433;-0,085443838;1,911600148;-0,364763632;-0,099410795;0,419609712;-0,051433905;-0,093453815;-0,085949947;-0,061097104;-0,059318762;-0,098217153;-0,090245829;-1,289637231;-0,019980321;-0,09933618;-0,093036692;-0,14217205;-0,076375115;0,989663223;-0,750958586;-0,09874801;-0,094401472;-0,101694183;-0,083468297;0,003251284;0,309215036;-0,021693623;0,43685574;-0,086433968;-0,099175492;-0,096211875;0,149997452;-0,084236097;0,336989376;0,252975505;-0,070323131;-0,013460808;0,230769761;-0,08786695;-0,097732387;-0,097866967;-0,101216351;-0,093448962;-0,087215578
-0,467008509;-0,066089552;-0,035854987;-0,042149382;-1,145926756;-0,033555941;0,46915947;-0,115155771;-0,095406921;-0,101070055;-0,111187311;-0,055679049;-0,110502584;-0,092709512;-0,110097273;-0,032906322;-0,237137949;0,361972546;-0,016729753;-0,101297403;-0,103837626;0,402349853;1,047942506;-0,047671949;-0,053785484;-0,040112161;-0,680399417;-0,10954842;-0,106220913;-0,097300424;1,996448406;0,033684629;-0,128110241;-0,691479037;0,396033357;-0,106699377;1,640065098;-0,032268242;0,142060399;-1,904294918;-0,096306979;-0,112085117;0,137890047;-0,111230171;-0,099698754;-0,105439073;-0,417744114;-0,02249569;-0,246620175;-0,717221953;-0,103379198;-0,020161179;-1,523801895;1,862185422;0,255434955;-0,215947668;-1,135071244;-0,101380982;-0,11067751;0,35572266;-0,229962881;-2,240310193;-0,887853855;-0,043366364;-0,037219833;-0,019463487;-0,418603718;-0,099612559;-0,109848527;-0,027554553;-0,069231116;-0,098055641;-0,110865369;-0,112276011;-0,246673997;0,615534201;-0,226539924;-1,058065287;0,555514192;-0,12996278;-0,097331509;-0,110387747;-0,10843491;0,640451577;-0,09932708;0,044628997;0,413523262;-2,099309386;-0,112239765;0,055776638;0,097641869;-0,099714561;-0,109548097;-0,10109065;0,168769424;-0,099345824;-0,520469706;-0,106184067;0,27806346;-2,294316812;-1,781067567;-0,068106443;0,284617938;-0,11035351;-0,079546929;-0,264006882;-0,21938409;-0,107396013;0,598927218;-0,103848621;-1,455824101;0,274297061;-0,105476582;1,233402311;-0,456553047;1,064701306;0,611804645;1,247589288;-0,235973588;-0,009160216;-1,037002298;-0,263385108;-0,107222355;-0,40084695;-0,03561692;-0,103904577;-0,162902495;-0,104961505;1,216108993;-0,10736397;-0,059534566;-0,113307276;-0,101077387;-0,096298738;0,005387622;-0,118620501;0,489977942;-0,10381254;0,006551822;0,511833271;0,301313404;-0,220627795;-0,111804408;-0,103553822;-0,017528708;-0,102541814;-1,745785186;-0,099228322;-0,190160495;-0,007311819;1,285995501;0,414300175;-0,443818854;-0,102491148;0,768945647;-0,099575338;-0,107333286;-0,262474511;-0,105399874;-0,099509829;-0,095181442;-0,096697073;-0,106905393;-1,125151564;0,543977105;-0,872510092;2,226188913;-0,080883756;-0,107388507;-0,105902514;0,209771523;-0,285080162;-0,112957842;-0,100703792;-0,111841685;-0,066004299;-0,203652461;-0,62489635;-0,096103554;-0,147695358;-0,052946665;0,953616854;0,874166427;-0,9222271;0,394011468;-0,096776403;0,336029979;-0,109596743;-0,061264341;0,121249083;1,171003705;-0,107522252;1,565517773;1,188385854;-0,103411872;0,388906434;-0,05961438;-0,102381885;-0,097132497;-0,076240992;-0,441807242;-0,103378853;-0,109517498;0,714047718;-0,037175188;-0,102680685;-0,101046958;-0,046400376;-0,106634483;-1,472678079;-1,267728338;-0,104053528;-0,100982727;-0,098135756;-0,097185848;0,002934572;-1,65490269;-0,044510469;-0,654338997;-0,109648264;-0,09997914;-0,102618131;0,971461041;-0,108854158;1,075084405;0,207163363;-0,084823058;-0,066962562;0,207444067;-0,106787654;-0,111199789;-0,111248257;-0,10708784;-0,099827329;-0,105576049
-0,435065282;-0,059454197;-0,040539161;-0,025754404;-0,046340066;-0,042905053;-0,074522937;-0,091442211;-0,084425933;-0,084437235;-0,082981233;-0,054247258;-0,098491306;-0,082777944;-0,101195694;-0,060026961;-0,052582437;-0,055153141;-0,048874525;-0,093210922;-0,086551739;-0,051470224;-0,053172423;-0,047188741;-0,057595115;-0,040660936;-0,045845247;-0,09231777;-0,048784686;-0,099732311;-0,030930114;-0,084407771;-0,046979886;-0,046267844;-0,043295139;-0,085262656;-0,048101403;-0,034914159;-0,060149758;-0,053446963;-0,099602634;-0,086620833;-0,039907208;-0,096176694;-0,094604369;-0,094813791;-0,028098734;-0,007323986;-0,047125858;-0,06886605;-0,087714953;-0,025782376;-0,040540761;-0,035426924;-0,043732613;-0,065822733;-0,0433611;-0,095357437;-0,096204598;-0,048774627;-0,032221233;-0,044844449;-0,041316907;-0,047794256;-0,057648846;-0,00028357;-0,043120195;-0,100689387;-0,089656837;-0,032737155;-0,06113246;-0,097190816;-0,098616268;-0,039523386;-0,033079105;-0,076514703;-0,037589688;-0,051420175;-0,058062903;-0,035293186;-0,08365344;-0,096358646;-0,082369434;-0,044869181;-0,084261103;-0,044648588;-0,036005144;-0,032897651;-0,10123497;-0,031603943;-0,044818661;-0,088277298;-0,096336556;-0,086018152;-0,056845305;-0,077260735;-0,041263047;-0,063274727;-0,026131124;-0,053486615;-0,040600466;-0,057841457;-0,048950403;-0,089666913;-0,053162556;-0,051688224;-0,033774626;-0,082577619;-0,044885864;-0,094701996;-0,05379539;-0,047338469;-0,090460402;-0,054030232;-0,05421561;-0,045080399;-0,03098718;-0,046355339;-0,068493102;-0,039936013;-0,050743655;-0,055493012;-0,09201974;-0,058945837;-0,020289814;-0,077447321;-0,057535293;-0,088298844;-0,033146948;-0,091751612;-0,074050907;-0,086631164;-0,09184777;-0,091769249;-0,038161841;-0,048690698;-0,041936983;-0,095868927;-0,041648422;-0,041512456;-0,076707183;-0,05044664;-0,099957216;-0,098502186;-0,038530834;-0,046494125;-0,052722597;-0,097305288;-0,049934187;-0,024936824;-0,040322659;-0,078436399;-0,05021867;-0,087975511;-0,040774315;-0,083721869;-0,086539836;-0,079977362;-0,087551002;-0,098068589;-0,097171037;-0,090708974;-0,086881726;-0,027221975;-0,046326775;-0,046828932;-0,043443508;-0,064379825;-0,09050117;-0,098386615;-0,045553292;-0,054714606;-0,094696733;-0,097989824;-0,093226523;-0,046620914;-0,027594291;-0,057235581;-0,097187901;-0,04508221;-0,033006248;-0,049799569;-0,057572907;-0,059996781;-0,042410056;-0,088946737;-0,06815443;-0,085906632;-0,05367427;-0,045162163;-0,064920581;-0,086211894;-0,028919421;-0,059326947;-0,095307384;-0,054549028;-0,036178718;-0,086080789;-0,09027991;-0,07463305;-0,067297623;-0,084947937;-0,09500073;-0,035399917;-0,03948783;-0,094066428;-0,098848408;-0,051464998;-0,085126818;-0,042680888;-0,044278973;-0,088732816;-0,084968758;-0,098675109;-0,094921261;-0,011356748;-0,029516082;-0,044373247;-0,057376781;-0,094045957;-0,083649465;-0,093986062;-0,033646017;-0,087892729;-0,056512032;-0,061389951;-0,060230336;-0,040910686;-0,064744782;-0,098911267;-0,089896831;-0,095231084;-0,090454228;-0,094870933;-0,091695565
-0,405186973;-0,056386055;-0,01503045;-0,016398047;1,10446007;-0,016498912;-2,118025852;-0,073649491;-0,091431468;-0,075150753;-0,0869603;-0,053436877;-0,082322433;-0,080754818;-0,087168758;-0,020184262;-0,381227239;-2,913631465;-0,082556579;-0,092312272;-0,085853411;0,163773281;-0,185908554;-0,028136326;-0,072869781;-0,02521443;0,106792881;-0,082145841;-0,024995042;-0,09043037;-0,654075067;-0,434524099;-0,170267477;-1,444204442;1,983144518;-0,074847429;-1,442676039;-0,025506921;-0,597801265;-2,824594619;-0,088470151;-0,080932419;-0,434993586;-0,080409759;-0,081283806;-0,086465859;0,023940697;-0,001354536;-0,12048514;-0,339400205;-0,084638165;-0,007235343;-0,749057578;-0,267583786;-0,677328276;0,430439601;-1,382037352;-0,083311175;-0,090738129;-0,131656304;-0,227991352;0,668844003;-1,099434898;-0,011855827;-0,037038637;0,003713452;-0,733908877;-0,077419241;-0,084399516;-0,029546411;-0,059909465;-0,079794823;-0,090645915;-0,083573314;2,59814014;-0,563078406;0,025416648;0,7885762;0,571429822;-2,297724604;-0,087644287;-0,087463644;-0,075972386;1,057809074;-0,092462607;-0,84890814;1,054076629;-1,249626071;-0,084446872;0,09431585;-0,176449485;-0,092268664;-0,087935663;-0,084953259;1,20874987;-0,038692557;-0,199857493;1,484612038;1,723997277;1,339515083;-0,388175996;-0,052589653;-0,032092983;-0,085228497;-1,054131362;0,036803521;1,322028452;-0,075424795;1,43268299;-0,08304144;1,152244828;-0,150508757;-0,084145336;-1,627378562;0,921455204;0,287719611;0,758732621;0,977293825;-1,293335319;0,028672135;-0,013504233;-0,752917371;-0,076807168;-1,271446891;-0,024074443;-0,088236192;2,122172829;-0,077726041;0,469918966;-0,084940631;-0,072763867;-0,083813434;-0,089116853;-0,088033263;0,066471602;-0,386956739;-0,529672761;-0,090651512;0,175371796;-0,083023154;-0,719425844;-0,116068525;-0,089770932;-0,087313731;0,049727394;-0,004052584;1,761529668;-0,09238234;1,660139638;-0,00806211;0,688143568;-0,455436939;0,196859829;-0,081796243;-0,474242571;-0,091126082;-0,090674344;0,038755012;-0,076750339;-0,092784243;-0,08882516;-0,088634949;-0,086926249;-0,920167754;-0,922710414;-0,239156287;-0,525816859;-0,063832113;-0,089401059;-0,089250718;-0,332260177;-0,201376549;-0,082861528;-0,091454569;-0,08356518;-0,057423831;-0,84189218;0,045190074;-0,075961212;-0,010119587;-0,009845244;0,297443013;-1,000628563;0,199339883;1,287925255;-0,081668744;-0,393377334;-0,078375044;-0,050989417;0,833438342;-0,221549058;-0,077595619;-1,098766825;0,331010529;-0,091400144;0,117486003;-0,023208899;-0,07573933;-0,092895642;-0,066990387;-0,234412094;-0,087346146;-0,076386974;0,6589294;-0,037263783;-0,080559017;-0,089596246;-0,16324915;-0,080383403;1,834019894;-0,550871624;-0,076439309;-0,088429661;-0,089546474;-0,084816632;0,005004414;-0,424917684;-0,038105265;-1,020299809;-0,089896119;-0,073278379;-0,088984182;-0,751058757;-0,086348976;0,904479147;-0,007995899;-0,073341211;-0,056990145;2,360723641;-0,080813234;-0,076524235;-0,086361247;-0,090439063;-0,080641177;-0,086003647
-0,352183484;-0,056451624;-0,029793463;-0,034017997;-0,053940198;-0,031057446;-0,069025373;-0,100062576;-0,094529653;-0,09172355;-0,095078633;-0,065282538;-0,092459279;-0,084271936;-0,086480579;-0,044699123;-0,061576284;-0,052779713;-0,03693773;-0,102049341;-0,101230239;-0,053752897;-0,039234584;-0,048474963;-0,059751625;-0,030388636;-0,040921603;-0,095994924;-0,047704803;-0,098892211;-0,030467355;-0,08348338;-0,041323342;-0,044798683;-0,040262942;-0,085291707;-0,059942583;-0,028994026;-0,046939213;-0,047572901;-0,088221345;-0,092687706;-0,035634196;-0,101869147;-0,099400775;-0,086208148;-0,025931759;-0,005616135;-0,045974814;-0,065974492;-0,093500873;-0,021322094;-0,027361769;-0,035374451;-0,039674764;-0,067334455;-0,05113118;-0,099703201;-0,091566898;-0,045338381;-0,030730197;-0,058537533;-0,044569636;-0,03600441;-0,05365526;-0,006124732;-0,036701918;-0,088953058;-0,083867821;-0,025297401;-0,072107577;-0,099114126;-0,08749808;-0,053251238;-0,038556334;-0,06792454;-0,043387472;-0,039796586;-0,055998709;-0,024472472;-0,08849606;-0,089315006;-0,079145284;-0,044732593;-0,092502985;-0,058978232;-0,03772107;-0,023304136;-0,089156117;-0,025712357;-0,061433896;-0,085945026;-0,099130089;-0,088808081;-0,061394215;-0,074391962;-0,049966741;-0,061407924;-0,037039612;-0,042378114;-0,042185863;-0,063031132;-0,048595126;-0,09620527;-0,062901349;-0,057125766;-0,032699765;-0,095746657;-0,057897978;-0,095524912;-0,05505575;-0,05946401;-0,087509073;-0,060914073;-0,056938122;-0,04850971;-0,024154608;-0,041547071;-0,068257084;-0,046275171;-0,059239269;-0,057361661;-0,093216009;-0,052073291;-0,02987006;-0,082723524;-0,049339334;-0,091107939;-0,035648691;-0,094848171;-0,068744647;-0,090147143;-0,090717623;-0,089713279;-0,054945588;-0,052728346;-0,039919858;-0,088128848;-0,037437148;-0,040671588;-0,089041171;-0,047016217;-0,096467725;-0,089512139;-0,046183717;-0,039984966;-0,060828314;-0,094136562;-0,063359277;-0,015443123;-0,031703282;-0,068241481;-0,047168912;-0,097285997;-0,043560648;-0,0862601;-0,096413985;-0,081482584;-0,087073883;-0,092486224;-0,094124918;-0,087359418;-0,082733459;-0,031075439;-0,05710132;-0,039896614;-0,045606533;-0,064939865;-0,096026793;-0,086458319;-0,051366691;-0,051691816;-0,093435299;-0,100371441;-0,099677473;-0,054374068;-0,038653546;-0,053278346;-0,095884473;-0,046392003;-0,032236314;-0,04570845;-0,052728581;-0,06539029;-0,042228918;-0,101682091;-0,063078324;-0,087361331;-0,052403006;-0,049554474;-0,055630861;-0,101991065;-0,040861713;-0,054457793;-0,094632464;-0,048996521;-0,046905493;-0,091845634;-0,092874165;-0,081711548;-0,067002392;-0,098713007;-0,101066539;-0,043979823;-0,032411323;-0,087658388;-0,09605067;-0,044760719;-0,092197252;-0,042494236;-0,043289384;-0,102038934;-0,089099654;-0,094091063;-0,096619164;-0,007124453;-0,029616075;-0,031641068;-0,052800807;-0,100447894;-0,085841447;-0,092801178;-0,042203761;-0,086796961;-0,061175928;-0,063073547;-0,059456885;-0,040873817;-0,051021318;-0,088744292;-0,09007159;-0,093162131;-0,094310468;-0,092551288;-0,0889679
-0,281847813;-0,067068857;-0,03683848;-0,026832139;0,169088942;-0,130569004;-0,12828789;-0,09640548;-0,098434789;-0,107706897;-0,093501466;-0,086254283;-0,094984404;-0,102147359;-0,09147366;-0,097119437;0,247456719;0,63845319;0,012563829;-0,092813871;-0,104577337;-0,501938274;-0,162356315;-0,026343862;-0,067216034;-0,0290957;1,326556874;-0,107913943;-0,108423806;-0,096038779;-0,477967948;-0,080700217;-0,057833547;0,358077087;0,13960602;-0,096965454;0,700681852;-0,015391117;-0,360803905;0,536543803;-0,104134337;-0,088721204;-0,635088454;-0,107539685;-0,105701104;-0,095297281;-0,000239831;-0,011356248;-0,127326464;0,303819285;-0,107083603;-0,021511819;1,386640697;-0,31338184;-0,277178277;0,415766576;1,06178432;-0,091245931;-0,092662267;-0,766951423;0,510093108;-0,665061917;-0,846595635;-0,039032998;-0,049257345;-0,003291867;-1,343714457;-0,108167895;-0,102736828;-0,028930777;-0,081726612;-0,094666188;-0,09695631;-0,07988271;-0,225490912;-0,462359935;0,139703926;-0,257003321;0,526392707;-0,331339324;-0,106631891;-0,09492059;-0,099713704;0,229372235;-0,10093456;-1,194497563;0,393647859;-0,517061403;-0,09193838;-0,752751143;-0,172673846;-0,102721594;-0,106056449;-0,097476134;-0,518294307;-0,092128153;-0,821805114;0,378503451;0,499337083;0,580508386;1,951893783;-0,067371452;0,420328768;-0,097483224;-0,162104245;0,157703272;-0,330092415;-0,088153649;0,34535197;-0,101061659;-1,200466088;0,890693483;-0,108182925;0,172851015;-1,848600966;-0,199731322;0,165268755;-1,231728639;-0,5643262;-0,326548373;0,880305941;0,343491895;-0,104013543;-0,799635192;-0,029176058;-0,080333791;0,629388756;-0,093923213;0,821824452;-0,091655246;-0,074035542;-0,097021596;-0,097081274;-0,093417832;-0,151100923;0,557427501;-0,663281578;-0,101294642;1,191270342;-0,432667016;-0,564528963;0,07934402;-0,099104541;-0,091882647;0,103953882;-0,094835438;-0,499028226;-0,096853957;-1,540129278;-0,035377829;0,051266722;-0,532699147;0,683312886;-0,098798382;0,054118373;-0,083668901;-0,102867686;0,268801111;-0,101962993;-0,100176164;-0,096906453;-0,104665459;-0,09423747;1,383793441;0,617974604;1,127359284;-1,513922829;-0,040171209;-0,099219551;-0,104602121;0,152163981;-0,577040656;-0,096385129;-0,101699976;-0,107480575;-0,061720529;-0,543652882;-1,414414523;-0,100354064;-0,122470467;-0,124027061;0,205278479;0,337341502;0,046125371;-0,427931054;-0,097232474;-0,426255026;-0,095782002;-0,051327275;0,972964535;-0,124427111;-0,108789315;0,34622867;0,112453066;-0,103216843;-1,143829002;-0,043091898;-0,093741292;-0,105679482;-0,080285552;-0,155770166;-0,094079405;-0,107169678;-1,195445436;-0,042771918;-0,098447309;-0,09800627;0,067480693;-0,108168077;-0,140160637;0,754679927;-0,094627255;-0,096084891;-0,100097803;-0,100529249;-0,011100094;1,171038648;-0,045895429;-0,046006673;-0,094131237;-0,095272484;-0,092311905;-0,459146663;-0,093368527;0,288725456;-0,123555981;-0,038525916;-0,094024937;0,433913272;-0,101246803;-0,100854044;-0,091118922;-0,094762565;-0,095737739;-0,106849807
-0,357907707;-0,05837097;-0,036494554;-0,036102531;-0,873940132;-0,044156401;-0,699671659;-0,103630381;-0,105024706;-0,104408308;-0,096905552;-0,051068561;-0,100705269;-0,094772211;-0,09633134;-0,063859832;-0,764062984;0,904555331;0,013490931;-0,103877935;-0,100373565;0,054501886;-0,881324743;-0,051537906;-0,06747503;-0,039037815;-1,819512852;-0,105003634;-0,071914831;-0,096961499;-0,776852018;-0,375381408;-0,339224353;1,695884533;-0,360779811;-0,094307665;-1,170291318;-0,026077733;-0,17587792;0,482808782;-0,090111012;-0,103888926;2,2173153;-0,104677937;-0,089375214;-0,091224556;-0,25580678;0,003039696;-0,019002449;0,284974493;-0,088811359;-0,028365993;-3,417899767;0,709038046;0,316848639;0,276200248;2,137294974;-0,093658894;-0,102639315;-0,319714486;0,124936257;2,322979774;1,341570416;-0,057043863;-0,066193812;0,000468163;0,678306265;-0,088994404;-0,093429956;-0,026253425;-0,06155927;-0,10257277;-0,105054283;-0,066719494;-0,052629534;-0,634422632;0,030952261;-1,968397345;-0,452651082;1,287072568;-0,099493608;-0,102317337;-0,09024077;0,570896707;-0,101933295;-1,870788185;0,523297243;2,188839887;-0,094913285;0,883293843;0,103013646;-0,089007809;-0,093146116;-0,099778397;0,069972772;-0,077414066;-0,376912179;1,822973226;1,255840917;0,516665906;-1,697218714;-0,062183047;0,380266935;-0,092586513;-1,662313683;0,042220628;-0,639330262;-0,089118167;1,089591556;-0,090795802;-0,696962698;-0,369790242;-0,098694926;1,037194547;1,140149432;-0,216474289;-0,066754266;0,697240749;-0,785385084;-0,194670039;0,881882517;0,821485268;-0,103420784;0,075233557;-0,016337462;-0,079548756;-0,242402009;-0,097137843;-0,808674069;-0,106321337;-0,107965042;-0,093478578;-0,105131406;-0,092008193;-0,091631437;0,685570024;0,276935804;-0,092770717;0,66372773;0,33582619;-0,52988564;-0,096247476;-0,105255936;-0,103218733;-0,179515704;-0,090031548;0,864679863;-0,093433298;-0,371219125;-0,033336487;-0,53523037;-0,279044199;-1,534543441;-0,091580462;-0,723099767;-0,081791218;-0,09673314;0,150616386;-0,095889131;-0,106837726;-0,102927373;-0,103615043;-0,098317315;1,097130479;-1,244371333;-0,05989308;-0,014109926;-0,046304461;-0,095183509;-0,097727086;0,234214823;-0,115409915;-0,094863466;-0,097664794;-0,096119855;-0,064206973;-0,179931112;-0,71414569;-0,098955918;-0,09034672;-0,051577848;0,709898774;0,641005617;0,096525688;1,841449274;-0,092883842;0,362000323;-0,083280125;-0,039863434;1,260449672;-1,052370135;-0,099454279;0,176710452;0,719667523;-0,10409323;-0,586145646;-0,053270301;-0,10247074;-0,091384194;-0,075384877;0,043780344;-0,093967854;-0,092782741;-1,837555778;-0,027872642;-0,09643751;-0,101155234;0,036427524;-0,107816918;-0,043657177;-0,037548311;-0,101865358;-0,103384978;-0,097639958;-0,101926763;-0,002065134;0,795059161;-0,029824854;-1,215899308;-0,104460137;-0,092656259;-0,103397183;-1,506729881;-0,100893615;1,33949101;0,123356525;-0,062198625;-0,09319932;-1,623372849;-0,101501048;-0,106927913;-0,103561952;-0,096281806;-0,103519048;-0,09632207
-0,470180254;-0,057644211;-0,029925836;-0,030815745;-0,044026235;-0,030474502;-0,066564675;-0,088601497;-0,098918109;-0,100920977;-0,092176246;-0,067410653;-0,096870105;-0,083983248;-0,089497281;-0,049336717;-0,057006682;-0,047011219;-0,036339145;-0,091457758;-0,094948319;-0,0536292;-0,05081156;-0,037010419;-0,065654086;-0,027724861;-0,04242528;-0,093309607;-0,044771613;-0,089506592;-0,046098442;-0,077142015;-0,053334246;-0,04393029;-0,041748127;-0,09394401;-0,057439839;-0,024781381;-0,06227841;-0,055232903;-0,088964114;-0,085963743;-0,038946539;-0,085973604;-0,092697442;-0,096504076;-0,029488182;-0,006377765;-0,044000174;-0,061889234;-0,086667299;-0,010344222;-0,03291258;-0,036023541;-0,042872393;-0,071377853;-0,043547462;-0,090966285;-0,090054952;-0,048782154;-0,032230011;-0,052031373;-0,037366926;-0,043466562;-0,045604539;-0,00786821;-0,036003751;-0,101554363;-0,098554937;-0,019571703;-0,057996516;-0,093575027;-0,085693323;-0,047694786;-0,029639797;-0,066813888;-0,036556441;-0,05466267;-0,055180213;-0,028453955;-0,090947369;-0,092885355;-0,086235892;-0,048186703;-0,101255149;-0,055528311;-0,036930902;-0,027193931;-0,091285649;-0,028354547;-0,045631964;-0,087019878;-0,092850421;-0,084858612;-0,052192202;-0,075403242;-0,039463371;-0,056495128;-0,036688149;-0,041547235;-0,039139659;-0,063431655;-0,060520257;-0,090859338;-0,058391395;-0,049379765;-0,031404365;-0,081936361;-0,047790051;-0,100373796;-0,0508198;-0,056507374;-0,096926483;-0,055952456;-0,050616486;-0,048343691;-0,033475747;-0,031259432;-0,077613035;-0,0398053;-0,049536286;-0,055559056;-0,087688845;-0,05492902;-0,029633664;-0,079359877;-0,055882813;-0,089543284;-0,031742063;-0,098007265;-0,068857191;-0,089876497;-0,079760739;-0,096143214;-0,054667572;-0,048411441;-0,048248827;-0,098923461;-0,042031871;-0,039014015;-0,074125714;-0,046747982;-0,101373479;-0,092603044;-0,044623046;-0,043426455;-0,047808596;-0,085759502;-0,056636423;-0,02154037;-0,041795881;-0,077472327;-0,054951396;-0,088944133;-0,043826665;-0,092675634;-0,088214048;-0,074066234;-0,087233574;-0,086962183;-0,094318003;-0,092096356;-0,089219923;-0,029940327;-0,054322377;-0,038776974;-0,040857346;-0,052986106;-0,096699228;-0,094034609;-0,054043585;-0,055116434;-0,091488032;-0,089238918;-0,100822889;-0,043661237;-0,042633277;-0,066061955;-0,099725264;-0,044563017;-0,032656991;-0,051610978;-0,044299767;-0,065246381;-0,034048788;-0,101607759;-0,058181537;-0,091646312;-0,04488756;-0,04587968;-0,05322293;-0,093514137;-0,029346361;-0,054012019;-0,100356992;-0,053208;-0,043471529;-0,089691773;-0,100856589;-0,072428889;-0,072118817;-0,097628109;-0,090773418;-0,042078588;-0,041077919;-0,094126004;-0,091216705;-0,03995316;-0,088260666;-0,035096728;-0,051098934;-0,094664044;-0,088460905;-0,096474027;-0,094862676;-0,00556845;-0,026700409;-0,035484026;-0,059032264;-0,098944211;-0,089624201;-0,088079318;-0,037728147;-0,099165093;-0,06301728;-0,064192936;-0,06519685;-0,040525116;-0,064420469;-0,101969311;-0,088511499;-0,09272672;-0,094953295;-0,100128153;-0,083627829
-0,34453235;-0,062150569;-0,029848891;-0,013517374;1,815814431;-0,019726379;0,398057966;-0,060928871;-0,063632783;-0,077495903;-0,05629096;-0,029338422;-0,060970595;-0,06827334;-0,06399585;-0,01013686;-0,095762604;-2,305551857;-0,114612587;-0,075291955;-0,067235306;-0,166987261;-0,340303342;-0,033875459;-0,032890341;-0,051284824;0,286440214;-0,077413542;-0,083619108;-0,067566974;-1,596895582;-0,074029214;-0,306649537;1,462715093;1,461857177;-0,058885032;-1,630218422;-0,021467076;1,398400341;1,060335808;-0,067397712;-0,072744362;0,910057815;-0,075030149;-0,072337328;-0,065430068;-0,169924248;-0,003035253;0,014882135;0,220769304;-0,064986008;-0,01346451;-0,460375787;0,192598825;-0,221034671;-0,134523374;-0,827065805;-0,071108436;-0,075813502;0,086545243;-0,155177753;0,831971644;0,827656321;-0,050431144;-0,005929993;-0,005380391;-1,674250432;-0,063485378;-0,071550339;-0,01540833;-0,045092583;-0,065429377;-0,076125518;-0,071200224;0,240446105;-0,678050395;-0,012309658;-0,673598914;0,769899034;-0,254656714;-0,075089332;-0,061533506;-0,061592446;-0,032789379;-0,073876657;-0,358253548;1,076552037;-0,140307595;-0,070632326;-0,486832043;0,25895258;-0,073118357;-0,064877052;-0,069721048;-0,730583661;-0,068028418;0,85501164;-1,925429052;0,519229909;-1,555559021;-0,514309734;-0,043682512;0,19126405;-0,075057212;-0,783839445;-0,028182224;-0,553803245;-0,064083685;0,459734771;-0,061586378;0,908256703;1,902406027;-0,066050724;0,781531262;-1,755977358;1,222835681;1,888075199;0,179412917;-1,364035511;0,138555255;-1,247246139;-0,511687883;-0,065199248;0,940238035;-0,022643183;-0,059562777;-2,407200295;-0,074505897;1,71757091;-0,075003852;-0,05872455;-0,069147858;-0,073737875;-0,070095976;-0,097469989;-0,064248077;0,137248019;-0,060943454;-1,41884835;0,181115181;-1,193587403;-0,070176786;-0,064449218;-0,064905245;-0,305799853;-0,074485944;-0,920349452;-0,069134507;-0,104135449;-0,018906096;0,454133183;-0,19086903;0,474881634;-0,070759277;-0,707656894;-0,062108286;-0,07622124;0,245611339;-0,068519951;-0,071924869;-0,073752847;-0,07788804;-0,073680733;-0,186792306;1,610857384;-0,00384537;-0,790995323;-0,027632501;-0,060596854;-0,06484151;0,091878993;-0,25673526;-0,075702151;-0,078471233;-0,076035619;-0,04209239;0,217597258;-2,05031029;-0,072210845;-0,034750421;-0,00811885;0,653667173;1,250898544;-0,799520812;0,316498363;-0,067555333;-0,633328925;-0,058947405;-0,050962463;-0,834305717;-0,457330052;-0,06950105;-0,777546244;-0,304000418;-0,067914436;0,400993329;-0,021545075;-0,077046229;-0,076605606;-0,055149639;0,023821607;-0,074371129;-0,074336427;0,588450889;-0,024823252;-0,07183658;-0,073898983;0,041941826;-0,069825745;0,235692238;0,745000651;-0,061496234;-0,06665459;-0,075697051;-0,062382449;-0,009305893;0,703904723;-0,011414542;0,00536917;-0,076364968;-0,075506574;-0,06062197;0,145977302;-0,075215655;0,298633587;-0,132281898;-0,055195438;-0,127143455;-0,248653129;-0,063992768;-0,072931423;-0,061082316;-0,067428603;-0,068127718;-0,077307251
-0,306557409;-0,071351729;-0,031896906;-0,021219202;-0,049722733;-0,039877884;-0,075163986;-0,095833668;-0,099713042;-0,099140591;-0,088423728;-0,064970429;-0,095051463;-0,081403183;-0,08592376;-0,053515069;-0,050072556;-0,05908393;-0,05212675;-0,086915364;-0,099477012;-0,050232229;-0,053575732;-0,0439467;-0,066872783;-0,038645938;-0,047070023;-0,098573512;-0,048785939;-0,088607985;-0,031349498;-0,082186676;-0,053500277;-0,03242438;-0,045227792;-0,091801281;-0,043202713;-0,029670607;-0,049035813;-0,042305734;-0,090783354;-0,092400129;-0,046993739;-0,09823943;-0,090700742;-0,096195294;-0,040613858;-0,009524784;-0,050296288;-0,05832646;-0,087591454;-0,024545484;-0,034365665;-0,035638045;-0,039004767;-0,069680562;-0,040324466;-0,095747945;-0,08574001;-0,045782853;-0,040453078;-0,0466711;-0,031278179;-0,037871803;-0,055130469;-0,003084563;-0,050775367;-0,097669288;-0,084543799;-0,02567561;-0,074285618;-0,09529845;-0,097122625;-0,043287374;-0,041542519;-0,080788248;-0,043175605;-0,045120353;-0,052958817;-0,028558021;-0,098975885;-0,089691105;-0,086913627;-0,042270128;-0,085117371;-0,055827036;-0,034364082;-0,03177994;-0,087282562;-0,029259914;-0,049379129;-0,088655994;-0,09139143;-0,099032689;-0,054446986;-0,07028701;-0,041718121;-0,056941234;-0,039147682;-0,046281686;-0,036975519;-0,068692737;-0,056434026;-0,100552625;-0,055058906;-0,056499959;-0,021296015;-0,079860428;-0,042830979;-0,098190942;-0,054649281;-0,052618581;-0,101382846;-0,054518352;-0,043236142;-0,044019231;-0,028297588;-0,046111493;-0,069272749;-0,042849395;-0,055117699;-0,059056088;-0,092298189;-0,049768491;-0,027375837;-0,084340428;-0,051046688;-0,088152393;-0,038658961;-0,09912732;-0,061132376;-0,082147514;-0,081644002;-0,096428386;-0,047701786;-0,060597598;-0,042125428;-0,094361409;-0,045358129;-0,04981613;-0,083825111;-0,044198126;-0,089793619;-0,085393592;-0,036804246;-0,049069822;-0,056105512;-0,089527624;-0,060730473;-0,012332279;-0,045251238;-0,08033687;-0,046544293;-0,093936013;-0,044168535;-0,09506925;-0,097920696;-0,078095151;-0,093982035;-0,099079753;-0,092965702;-0,10117387;-0,085825595;-0,036795937;-0,046112915;-0,047067416;-0,04297144;-0,06105452;-0,086154904;-0,085304713;-0,053687146;-0,062032648;-0,090901315;-0,09266107;-0,101285774;-0,048941732;-0,03745223;-0,052806773;-0,09458877;-0,052736383;-0,038853935;-0,049961001;-0,058176197;-0,072493848;-0,030499566;-0,098822513;-0,062767924;-0,082231409;-0,053759547;-0,035156776;-0,054610653;-0,096461151;-0,03213197;-0,062567458;-0,101972538;-0,055170715;-0,043964757;-0,095761439;-0,085680209;-0,08160523;-0,072052542;-0,090423865;-0,100409206;-0,047718531;-0,038637883;-0,09947928;-0,085799516;-0,054720188;-0,089173127;-0,036581714;-0,047393039;-0,085428445;-0,095637716;-0,100951839;-0,096714475;0,001867785;-0,026917647;-0,034269649;-0,047821199;-0,100049039;-0,094877483;-0,084763255;-0,031730822;-0,099313345;-0,061603597;-0,064168666;-0,067503976;-0,051653831;-0,06232854;-0,090520407;-0,095005023;-0,086043828;-0,085315328;-0,099930502;-0,093373762
-0,189153707;-0,037163195;-0,017659754;-0,028045708;-0,193018773;-0,037058692;-0,05659719;-0,067864292;-0,061582102;-0,06409423;-0,064677975;-0,029939761;-0,062957989;-0,056304538;-0,054794283;-0,015507202;-0,882554049;0,383728529;-0,165098446;-0,061993398;-0,056161229;0,339153112;0,598149348;-0,018107454;-0,072872938;-0,007712468;0,318933496;-0,056473814;-0,129944548;-0,054308209;-1,79804455;-0,274123103;-0,34171412;-0,556315488;-0,349111048;-0,060621236;0,618006556;-0,017492383;-0,81020745;0,668319955;-0,060793329;-0,059970592;-2,067376629;-0,063024782;-0,059207707;-0,058565636;0,127727451;0,002880453;0,113433684;-0,702716484;-0,055185041;-0,02033865;-0,415097662;-0,602231429;-0,264761613;1,377302852;-1,197409273;-0,055307489;-0,063299578;0,39494146;-0,142152698;0,572932913;1,251563347;-0,041935503;-0,009369945;-0,009702355;1,518530479;-0,054513274;-0,054653143;-0,015342783;-0,044227936;-0,068217713;-0,059270251;-0,040030362;-0,215247992;-0,096794208;-0,265928647;0,427556784;0,292682917;-1,198059689;-0,052942257;-0,051386701;-0,05030513;1,24006066;-0,060272408;0,085853981;-1,662562342;-0,024723126;-0,057743504;-0,570394089;-0,045776633;-0,051537373;-0,056898164;-0,056548916;-1,894091833;-0,055196105;0,660606744;0,789418801;-2,07927214;-1,549765971;-0,890775003;-0,046426214;-2,041316438;-0,067057874;-0,880351111;-0,340267859;-0,396184459;-0,051218218;0,024732011;-0,065897164;0,48109643;-1,651683834;-0,060033581;-1,077405015;-0,840036369;3,248364446;-0,83562954;0,778598386;1,091415274;0,013965143;-1,126935979;0,647173412;-0,067444528;0,576172584;-0,01679318;-0,059344626;-1,359367966;-0,061756818;-1,612284841;-0,060471348;-0,041502418;-0,066924891;-0,045018682;-0,066163312;-0,13202743;-0,211970861;-0,917535057;-0,0570021;0,390861207;-1,008540343;0,579956921;0,199504554;-0,067002935;-0,057206569;0,152320307;-0,042076261;1,411951379;-0,061080376;-1,233233675;-0,0257829;-0,039401667;-0,350664507;-0,372117778;-0,055438509;0,401395664;-0,053833094;-0,068543862;-0,864535349;-0,05840643;-0,057075308;-0,064016962;-0,057622134;-0,049875534;-0,440556379;0,062632347;0,682927434;0,361742542;-0,044721909;-0,057128068;-0,06203517;0,012120194;0,498732359;-0,064827438;-0,057519057;-0,051601604;-0,023850385;0,984826788;0,643436638;-0,068609589;0,060393229;0,011150391;1,885689831;0,289649826;0,054206156;-0,196911278;-0,056668652;0,31261691;-0,061502889;-0,025562675;-0,791904045;-1,805396403;-0,055376009;-1,155237887;-1,072181737;-0,068178218;-1,303208961;-0,024139961;-0,061357634;-0,065380794;-0,053868861;-0,23166251;-0,066682217;-0,053871954;0,405463687;-0,018992665;-0,065372767;-0,064530049;-0,116594587;-0,060077352;-0,277114511;-0,707668426;-0,067649672;-0,068132816;-0,053404;-0,05736035;-0,004430006;-0,842227895;-0,014392019;1,584957523;-0,060367957;-0,055954424;-0,048428208;0,127729301;-0,051956512;0,126634526;0,070688368;-0,010708294;-0,061703074;-0,804313102;-0,06368669;-0,052431182;-0,063536628;-0,067370835;-0,051110985;-0,062488296
-0,247603792;-0,057770881;-0,039871866;-0,030587509;-0,05194317;-0,035678875;-0,066522791;-0,087343544;-0,095119184;-0,087145555;-0,082091648;-0,065034803;-0,098529783;-0,094232843;-0,088107051;-0,054307068;-0,060294598;-0,060959595;-0,041373518;-0,092452123;-0,097223976;-0,059562006;-0,053512446;-0,045474041;-0,060007112;-0,037454156;-0,038321372;-0,092935338;-0,042198942;-0,098716218;-0,035983397;-0,077943375;-0,048424147;-0,034469284;-0,042607722;-0,081912982;-0,050048704;-0,033203466;-0,059977064;-0,050055421;-0,090361285;-0,095985605;-0,032841336;-0,092283962;-0,085942656;-0,088140329;-0,038435781;-0,000770993;-0,048923606;-0,063517898;-0,087016123;-0,016516018;-0,029664077;-0,042259404;-0,039869689;-0,077653728;-0,048426015;-0,097300105;-0,087632277;-0,053245639;-0,040745318;-0,052637415;-0,045265313;-0,038718932;-0,049725077;-0,01385378;-0,038814647;-0,091099679;-0,086603478;-0,020159611;-0,059367336;-0,098076807;-0,087732785;-0,051353059;-0,031832117;-0,072490522;-0,040931591;-0,051592469;-0,055634508;-0,037813283;-0,092505889;-0,100920421;-0,084839406;-0,05345405;-0,096898729;-0,05059651;-0,032723116;-0,028767657;-0,094478682;-0,033146969;-0,0615116;-0,097299825;-0,087068227;-0,095291688;-0,055609138;-0,08578036;-0,054798628;-0,051263712;-0,031460765;-0,05497374;-0,036834132;-0,065700531;-0,063235684;-0,091498716;-0,058396142;-0,054622295;-0,022583974;-0,094099747;-0,047648817;-0,091441718;-0,045788202;-0,04455764;-0,096547923;-0,047264617;-0,050629469;-0,03563936;-0,038865157;-0,043318367;-0,078755554;-0,037627006;-0,059590828;-0,050100422;-0,090681415;-0,058685549;-0,025755649;-0,094140599;-0,052881155;-0,093459082;-0,047011259;-0,088870151;-0,067295694;-0,091744444;-0,09422875;-0,091232853;-0,04189933;-0,049000975;-0,038491609;-0,100768116;-0,038770898;-0,049902523;-0,080224632;-0,037755033;-0,100895499;-0,089945842;-0,049708969;-0,042857002;-0,048835666;-0,101787571;-0,056068698;-0,011686474;-0,040075043;-0,066746938;-0,059182911;-0,090797436;-0,050261174;-0,086104229;-0,10122596;-0,070027062;-0,096096789;-0,102262169;-0,093503096;-0,098512787;-0,082779739;-0,034243926;-0,046189346;-0,037232467;-0,041785895;-0,058868554;-0,09161894;-0,09157299;-0,048396386;-0,055422429;-0,086967094;-0,097742325;-0,096946625;-0,060531612;-0,041365081;-0,067403923;-0,095515487;-0,047100494;-0,032586514;-0,056132747;-0,053465077;-0,069375608;-0,042279987;-0,086370683;-0,073028805;-0,083709708;-0,054522214;-0,03586196;-0,058671761;-0,09179111;-0,038244685;-0,062012288;-0,092712826;-0,05740602;-0,041111903;-0,100112599;-0,08858998;-0,075809019;-0,066896661;-0,092899068;-0,095576385;-0,042892901;-0,036172616;-0,101405721;-0,098300197;-0,050788524;-0,095614302;-0,049023188;-0,049869972;-0,095908741;-0,087525863;-0,086180979;-0,094179039;-0,000425634;-0,030680674;-0,046779619;-0,057525406;-0,099738539;-0,089899079;-0,094557079;-0,044068666;-0,095022935;-0,064659491;-0,060294967;-0,0663428;-0,041032159;-0,060045972;-0,102820613;-0,094378252;-0,095489391;-0,100312233;-0,094746931;-0,084234999
-0,428162639;-0,076777185;-0,025114026;-0,03189948;-1,564273916;-0,001014316;0,514449558;-0,108359451;-0,100850854;-0,099470814;-0,102912237;-0,071086028;-0,107234403;-0,101869272;-0,099073955;-0,093863724;0,025200516;-0,174943358;-0,088954773;-0,096674253;-0,096711775;-0,001889133;-0,702505791;-0,056946637;-0,092001922;-0,031338077;-0,932449392;-0,110573236;0,04215635;-0,108018119;0,030786037;-0,417347428;-0,436635785;-0,127170035;-0,825908084;-0,107087783;-0,842901223;-0,037110797;0,907359462;1,309080729;-0,110517121;-0,1089233;1,292459878;-0,104467453;-0,096813544;-0,113018255;-0,210228462;0,000838163;-0,043252;-0,189806664;-0,09939007;-0,02679983;1,029708549;-0,733477071;0,087250245;0,654322396;1,598825343;-0,096946589;-0,106648834;-0,306379344;0,165276917;-2,505515124;-0,771633124;-0,050878945;-0,06342079;-0,009570969;-1,241688438;-0,112828248;-0,107858336;-0,031834505;-0,059481712;-0,111526803;-0,11540444;-0,095126469;-0,162909058;-1,598233624;-0,01398637;2,368896551;0,738563171;-2,430799648;-0,102208288;-0,098607499;-0,104892153;0,617527461;-0,09661844;1,965345684;0,503782109;-0,82169153;-0,108098949;1,06876416;0,078692267;-0,10927645;-0,101323954;-0,102268226;0,856892884;-0,078215955;-1,887909086;0,615942891;-0,062876973;0,665188319;-0,690337749;-0,066094393;-0,015838538;-0,110003962;0,436843898;-0,037238917;-0,818453365;-0,112027854;1,13973108;-0,097272687;-0,866025268;0,266339617;-0,103045767;-0,39477658;0,636457297;0,863861512;-0,907982574;1,042614623;0,071090797;-0,096160079;1,529835753;-0,776592276;-0,100966914;-0,984403736;-0,017393292;-0,106308195;-0,086674258;-0,097104144;-0,445484905;-0,104140902;-0,062077441;-0,098316576;-0,105705548;-0,101435758;-0,1269826;-1,246967805;0,436965313;-0,09770243;0,27207187;-1,410380029;-0,841750707;-0,365965693;-0,112544068;-0,109867069;0,028299046;-0,088269498;1,078367129;-0,113045303;0,424268678;-0,009309847;-0,03938396;0,625246387;-0,675085753;-0,105635091;-1,382871681;-0,090812504;-0,109526401;-0,050966977;-0,100618411;-0,110350506;-0,102321808;-0,099654048;-0,099270134;1,051154083;0,782369654;-2,373632663;0,60804202;-0,050854981;-0,111403864;-0,097263413;0,147564045;0,062111325;-0,108786654;-0,106215134;-0,104270027;-0,068276974;-0,79999982;0,167374413;-0,104961112;-0,074999665;-0,057631271;0,747635502;-1,415460816;-0,179783459;-1,009146341;-0,101206557;0,281758049;-0,101470341;-0,040080114;-0,14845784;0,750839346;-0,10995617;1,320895423;-1,122094092;-0,102384339;-0,895679695;-0,041623561;-0,099387458;-0,113186464;-0,089576602;-0,078722506;-0,111566488;-0,104488583;0,788613374;-0,033821579;-0,111533534;-0,111967793;-0,01748204;-0,109207381;-1,688668922;-0,059084423;-0,10461471;-0,102169758;-0,099064993;-0,109232619;0,003359688;-0,78118094;-0,042385585;-0,712300474;-0,103906924;-0,11078246;-0,095348855;-0,610368868;-0,108572065;0,878188939;0,292048722;-0,100885545;0,03584288;1,539957692;-0,10841459;-0,112624758;-0,105613628;-0,105059924;-0,099569387;-0,097002064
-0,332110272;-0,060854443;-0,038923847;-0,019964751;-0,05145233;-0,044986065;-0,068041945;-0,091062596;-0,097566728;-0,098398722;-0,085720811;-0,052735546;-0,092693721;-0,093097161;-0,095111452;-0,057395617;-0,058629511;-0,056599222;-0,039408118;-0,094943897;-0,088865457;-0,05194023;-0,046748976;-0,04957768;-0,07299897;-0,029871441;-0,038305757;-0,091067108;-0,049038489;-0,085706706;-0,033702932;-0,078733559;-0,037861998;-0,045478167;-0,05123913;-0,083975381;-0,046408023;-0,021576253;-0,054719919;-0,043557629;-0,097759577;-0,085753714;-0,038693959;-0,085608262;-0,094268063;-0,087964815;-0,035837799;-0,01447305;-0,044716457;-0,064644883;-0,101472249;-0,012198813;-0,029040631;-0,041314296;-0,040907882;-0,065545193;-0,042698749;-0,094551186;-0,091713633;-0,049946187;-0,036513901;-0,053265655;-0,037239786;-0,04741385;-0,051056592;-0,003051683;-0,043816969;-0,099833088;-0,097050851;-0,032052814;-0,068615756;-0,08838328;-0,096881525;-0,053077379;-0,043661092;-0,078179787;-0,048883952;-0,054567718;-0,053705831;-0,024299188;-0,095691396;-0,095475027;-0,084572714;-0,055986167;-0,101284158;-0,055478718;-0,027109309;-0,03910876;-0,092126912;-0,026642622;-0,059130251;-0,086568831;-0,091037581;-0,098293927;-0,058050425;-0,072688257;-0,047472299;-0,058527339;-0,029244367;-0,048569446;-0,028757432;-0,059991835;-0,056620124;-0,086907876;-0,064188208;-0,057496024;-0,029149455;-0,092294381;-0,045402412;-0,100971197;-0,042708214;-0,05303072;-0,102634427;-0,0637121;-0,056570565;-0,034112303;-0,02886839;-0,042468306;-0,064736615;-0,045174588;-0,053432716;-0,059472865;-0,101117089;-0,05097713;-0,024540048;-0,089742486;-0,050324419;-0,088593445;-0,03981488;-0,096412932;-0,067710273;-0,097124914;-0,082333332;-0,084351332;-0,045667171;-0,051511322;-0,047698571;-0,096058507;-0,050953853;-0,047830621;-0,078186854;-0,037701784;-0,0967547;-0,099468887;-0,038882509;-0,048030102;-0,05101545;-0,093930029;-0,060422207;-0,010639304;-0,042873993;-0,07842183;-0,052510256;-0,089102248;-0,045007858;-0,091725437;-0,093500859;-0,082750255;-0,099603803;-0,100333982;-0,091122892;-0,095903111;-0,080583271;-0,041277622;-0,051550269;-0,04080733;-0,048195746;-0,051233985;-0,088842539;-0,099671438;-0,045902931;-0,057818732;-0,087855853;-0,096632557;-0,096355172;-0,051668358;-0,043827504;-0,063714972;-0,092690543;-0,048793566;-0,034173602;-0,043469502;-0,056245612;-0,056613208;-0,034854168;-0,096051078;-0,059116704;-0,085032017;-0,039372091;-0,039883709;-0,058319406;-0,092615708;-0,034675313;-0,054671202;-0,097760262;-0,056164257;-0,04251233;-0,098325428;-0,096117361;-0,072152697;-0,066499661;-0,099593131;-0,096925294;-0,036869219;-0,041085388;-0,089296909;-0,088510395;-0,044808826;-0,091058238;-0,037931168;-0,052128573;-0,098532347;-0,090588782;-0,089493794;-0,083937507;-0,010089343;-0,028555165;-0,03972321;-0,049359045;-0,097020983;-0,090145671;-0,09590666;-0,03412688;-0,084834948;-0,055069064;-0,061749121;-0,074932789;-0,051603484;-0,058418505;-0,09204726;-0,087498213;-0,096442494;-0,086008058;-0,101657415;-0,091247266
-0,386506548;-0,071566418;-0,014183217;-0,013307435;1,204164176;-0,024133115;-0,673840778;-0,080978377;-0,09012893;-0,077961777;-0,075534093;-0,061080946;-0,074430025;-0,077171984;-0,079265382;-0,026223549;-1,689663194;1,45135477;-0,096279945;-0,091240141;-0,081905551;-0,324170982;1,17360271;-0,029087107;-0,03875259;-0,049242121;0,184192046;-0,07947645;0,087224515;-0,08076874;0,49610377;0,278086476;-0,391383394;-0,441704157;-0,927475704;-0,074095956;-1,495461646;-0,020129985;0,931810857;-1,240910231;-0,081041256;-0,080829291;-0,249562444;-0,086684893;-0,091132196;-0,077519787;0,114014667;-0,007587904;-0,128724759;-0,072531487;-0,092295649;-0,001642164;-0,333017014;0,814601334;0,032187258;0,341284347;-0,619161793;-0,080469046;-0,085323707;-0,31535783;-0,143691038;0,903280881;-1,194985952;-0,022544932;-0,038130597;-0,000415432;-1,30520648;-0,089691411;-0,078109887;-0,020979088;-0,058493131;-0,08069055;-0,080162954;-0,058247189;-2,695138902;-0,610603033;0,044869077;0,096792464;-0,850768674;0,895598904;-0,079034016;-0,075388363;-0,079847978;-1,9110918;-0,088414724;-0,883455169;-0,713481537;-0,457792031;-0,083460272;-0,121019148;-0,036192934;-0,076799302;-0,082829092;-0,080759996;0,15614983;-0,07061569;1,108754195;0,035833441;-2,501489421;-1,462519808;-0,234678398;-0,05018955;1,186485989;-0,083464628;-0,134236001;0,07449471;0,406525707;-0,082413887;0,299207846;-0,079026223;0,871453742;1,272332011;-0,086304497;-0,2090113;0,761078106;0,191321292;1,252533531;-0,02774284;1,265768997;-0,119316716;-0,230930733;1,172434443;-0,08760703;1,084797091;-0,020858828;-0,077282064;0,682707458;-0,087150947;0,091596275;-0,091461493;-0,057712282;-0,087014584;-0,089077817;-0,074707934;0,027996684;-0,35121412;0,811576581;-0,077214131;-0,855673742;1,688524159;0,564329114;-0,197048488;-0,077794987;-0,080659771;-0,119438021;-0,077622259;2,249833121;-0,081617003;-1,13549528;-0,019174531;-1,372606886;-0,796308757;0,145684785;-0,078952526;-0,445504757;-0,082062661;-0,07895855;-0,604593397;-0,08438571;-0,088109203;-0,08409986;-0,074805578;-0,072816294;-1,035754295;-1,297962547;-0,424456773;0,504997397;-0,060749363;-0,082083725;-0,079253079;-0,090686469;-0,007450825;-0,081291132;-0,083648263;-0,088445316;-0,038425423;-0,724142851;0,912717935;-0,085214114;-0,079345172;-0,069927887;-0,063595702;0,139228922;0,261142926;-0,874736346;-0,092821671;-0,570551666;-0,076980331;-0,061114509;-0,24703169;0,65446479;-0,0926711;-0,148122088;0,42830169;-0,080710943;0,401295483;-0,037073268;-0,089694379;-0,0779473;-0,060699721;0,035886137;-0,081264602;-0,077597324;-0,188025419;-0,035628642;-0,081688491;-0,091165383;-0,159689228;-0,089849638;-2,128023495;-1,064519008;-0,084545319;-0,091242723;-0,084765433;-0,090509446;4,53E-05;-1,408097248;-0,010079897;1,044592107;-0,084305224;-0,077148798;-0,078535127;-1,048028911;-0,082807435;-0,270528976;-0,852921279;-0,063674506;-0,08548761;-0,585276946;-0,091238399;-0,085695144;-0,076492835;-0,082001284;-0,089915683;-0,087646695
-0,36408978;-0,059633986;-0,02751013;-0,032958009;-0,052107834;-0,033474509;-0,074144073;-0,09270407;-0,097663235;-0,088215162;-0,092569448;-0,057996423;-0,096206058;-0,091160968;-0,100111024;-0,051405513;-0,050215735;-0,047271572;-0,043212115;-0,09643589;-0,092855871;-0,053910445;-0,039894175;-0,046377383;-0,073379263;-0,041995641;-0,03625946;-0,099925881;-0,040194975;-0,092546779;-0,038227615;-0,083740156;-0,053434642;-0,046162292;-0,04000579;-0,091169203;-0,051134534;-0,027250572;-0,05068592;-0,05086091;-0,085773293;-0,085630684;-0,047645334;-0,09689849;-0,086628231;-0,099164463;-0,026008984;-0,007996939;-0,039594121;-0,069716618;-0,092247115;-0,011805899;-0,035930833;-0,035214572;-0,034243185;-0,076546036;-0,045536241;-0,092835022;-0,090192821;-0,050175173;-0,034491098;-0,060251746;-0,033751714;-0,051374027;-0,043443322;-0,007445325;-0,040585414;-0,091843423;-0,089478125;-0,026078145;-0,073753054;-0,086397525;-0,084691321;-0,041085723;-0,034490764;-0,074784401;-0,033075572;-0,045945479;-0,058632091;-0,036126196;-0,097676025;-0,100040777;-0,082072742;-0,053606474;-0,090940197;-0,059916844;-0,030247269;-0,025231711;-0,0918126;-0,028299747;-0,061131733;-0,086160474;-0,09356122;-0,095045552;-0,049266722;-0,081802623;-0,053017502;-0,060856482;-0,028619557;-0,04049255;-0,042261217;-0,068543781;-0,054406336;-0,090895478;-0,054279714;-0,043975644;-0,029996575;-0,092368508;-0,056553279;-0,085614501;-0,050396787;-0,054756553;-0,097521971;-0,062083932;-0,055640677;-0,035344797;-0,03193682;-0,035899429;-0,066440438;-0,040176047;-0,047839539;-0,055690281;-0,087393425;-0,057483572;-0,037661717;-0,083328984;-0,054393413;-0,094917002;-0,0360717;-0,101602083;-0,067323749;-0,090604603;-0,088728608;-0,097200034;-0,052901426;-0,056684269;-0,048168527;-0,099710271;-0,044386427;-0,045868298;-0,085976641;-0,039667484;-0,098106786;-0,084889581;-0,042102695;-0,046062049;-0,046868522;-0,097043541;-0,055590168;-0,018215838;-0,03189207;-0,074997433;-0,054364435;-0,09968842;-0,046059372;-0,094124569;-0,092852315;-0,078857157;-0,083679207;-0,097825886;-0,092800832;-0,095979888;-0,079138927;-0,036700509;-0,055690074;-0,034892227;-0,047103206;-0,064413031;-0,085682149;-0,091585555;-0,053863542;-0,066589414;-0,091360676;-0,092340107;-0,097396843;-0,050377093;-0,040092697;-0,056203582;-0,100913917;-0,050632162;-0,036214358;-0,050378907;-0,052267602;-0,060499127;-0,037504515;-0,095450275;-0,060342236;-0,095183867;-0,037759372;-0,046591306;-0,064484042;-0,088017822;-0,026644071;-0,068069338;-0,093693904;-0,046040784;-0,040110649;-0,087905652;-0,09092757;-0,070724764;-0,072043715;-0,090164297;-0,098278223;-0,032370793;-0,040453286;-0,098043651;-0,092150455;-0,037760863;-0,091288533;-0,04369636;-0,04620477;-0,093008687;-0,100760617;-0,093516948;-0,098086067;-0,001497743;-0,02795409;-0,038815861;-0,05143933;-0,08788377;-0,086258261;-0,089736293;-0,040207438;-0,088346893;-0,059770789;-0,059138788;-0,059709243;-0,04275652;-0,061093141;-0,089382677;-0,090100383;-0,086500239;-0,09133166;-0,092248396;-0,092826439
-0,227883545;-0,036400209;-0,013858746;-0,020191221;-0,326032932;-0,087505304;0,146647502;-0,049008986;-0,063088748;-0,04989475;-0,055506176;-0,029800998;-0,057708488;-0,047556447;-0,061442225;-0,021413696;-0,982310141;0,172811592;0,131853766;-0,063545254;-0,059814007;0,189975177;2,480074425;-0,012803621;-0,02526346;-0,021297616;-0,991637596;-0,06142453;-0,106784221;-0,047412721;0,766810912;0,027194163;0,420046287;-2,553230926;-0,598156803;-0,05153773;0,899490635;-0,003510241;-0,662722543;1,318833432;-0,057462824;-0,048477439;0,343103954;-0,050983008;-0,060535089;-0,059419579;0,297695828;0,001985138;-0,196604145;-0,439813192;-0,048241195;-0,017139814;-0,079964427;-0,02073351;-0,686829146;-2,281512356;1,14562379;-0,054385519;-0,055942101;0,117258059;0,023276667;-0,194503981;0,951282823;-0,032421416;-0,019128025;-0,01475433;-0,503174321;-0,062153236;-0,058346933;-0,005979362;-0,037880023;-0,049559046;-0,060473668;-0,01870932;0,014516199;0,078057778;-0,200526982;1,470688448;-0,448076164;-0,414722026;-0,052876658;-0,05211086;-0,059482673;-1,50436143;-0,058162598;-1,352516357;-0,185129231;-0,195817649;-0,04790368;-0,80362065;-0,482237667;-0,060935971;-0,053020867;-0,063481401;1,969068245;-0,067646253;-1,221680271;-1,481357311;-0,977121571;-1,294972422;0,929694914;-0,043847982;-1,33998745;-0,058784924;-0,7693876;-0,181161788;-0,185619002;-0,051290699;-0,321618004;-0,056648119;1,108561028;-1,464187221;-0,062149651;-0,664902219;-0,174685818;1,795386326;-0,908998286;-1,473976463;-1,72550829;-0,157686569;-1,247434979;-0,225613007;-0,049493829;0,455769492;-0,017017107;-0,061046067;-0,678531584;-0,048273411;0,859799037;-0,052269173;-0,02469003;-0,064201733;-0,054197229;-0,056258421;-0,083643219;-0,686670115;-1,053725068;-0,050499491;-0,172240402;-0,683479286;-0,015378568;0,118582503;-0,058900487;-0,058482344;0,069099273;0,030755682;0,90238554;-0,053468382;1,231137006;-0,009479144;0,280497498;-0,518222705;-0,469755899;-0,055347123;0,126296243;-0,0600705;-0,051977384;-0,291832769;-0,05067541;-0,048963174;-0,05795461;-0,053292794;-0,047935376;-0,090956783;-0,499734229;-0,624251573;0,149962537;-0,063681861;-0,049146483;-0,063807652;-0,371763414;-0,186011228;-0,04769521;-0,059451156;-0,062202164;-0,043312862;1,095056109;0,177896687;-0,062339895;-0,064458234;-0,050560675;0,244060876;1,365806052;-0,598631867;-0,770197321;-0,062353899;0,768195016;-0,061300304;-0,023147082;0,876802516;-0,471537041;-0,049447442;-0,759087333;0,172882317;-0,058629913;1,150135891;-0,028681038;-0,047709716;-0,060356174;-0,038423007;-0,340879394;-0,050647117;-0,057516969;-0,656613997;-0,016613486;-0,063210647;-0,048082316;-0,214611375;-0,055455405;0,571957143;-1,267612372;-0,05156651;-0,053153195;-0,063260563;-0,049523136;-0,007645366;-0,44693082;-0,013045111;-1,080122496;-0,062781085;-0,063124109;-0,049127635;0,385528573;-0,055493535;-0,260936641;0,673903139;-0,106543239;-0,007829658;0,900078378;-0,047977751;-0,057698961;-0,061171901;-0,059949605;-0,052716629;-0,04965603
-0,32045533;-0,063386414;-0,018296183;-0,023174423;0,515956908;-0,043904083;-1,539942898;-0,072749268;-0,067225918;-0,080706733;-0,080901729;-0,040502469;-0,078104914;-0,07179586;-0,082275688;-0,055948995;0,839483992;0,007175857;-0,06389311;-0,068704187;-0,080867386;0,121856657;-1,133838597;-0,034111712;-0,064393665;-0,018166562;-1,04485745;-0,073223278;-0,19351092;-0,069611656;0,665615733;-0,116908302;-0,966131841;0,071839704;-0,614674711;-0,076318198;-1,127650433;-0,026129769;-0,064715254;-0,716349068;-0,075669735;-0,06670927;0,523719529;-0,079956821;-0,076072812;-0,071663215;0,420630979;-0,00831658;-0,277115237;-0,6012461;-0,071568557;-0,009787796;0,076839522;0,918507508;-0,356072175;-0,816517526;0,126761092;-0,076553397;-0,067945504;0,29120242;0,249229095;-0,80068251;-1,895530761;-0,00780413;-0,029711185;-0,008686846;-1,129156071;-0,08478284;-0,068453339;-0,018640226;-0,040592402;-0,068139722;-0,071474566;0,009217504;0,274603311;0,273495878;-0,176244436;0,732711377;-0,787754045;0,676594919;-0,081277739;-0,076391015;-0,074464891;-0,00721539;-0,071684588;1,046941848;-0,329609989;-0,218764426;-0,077156394;1,986038671;-0,584397267;-0,071444894;-0,067340275;-0,07341335;0,229269725;-0,069448334;-0,029772556;-0,893558866;1,297281483;0,927592789;0,650079658;-0,048717069;0,700359146;-0,076065935;-0,757073171;-0,348657441;-0,819718626;-0,06410205;-1,099180883;-0,066527588;-1,624184462;2,214514488;-0,0696194;-0,037329677;0,538731538;0,146107424;0,333335748;-0,006357095;-1,785019392;-0,175057252;0,761675016;0,022278366;-0,069664237;0,544677661;-0,031772461;-0,061957778;0,077118673;-0,080141109;1,608865831;-0,081960537;-0,049912961;-0,061371485;-0,081156775;-0,068924584;0,032055184;-0,68529246;-0,455409147;-0,06956149;-0,670815283;-0,31747838;0,488115564;0,067117016;-0,070614656;-0,080169981;-0,156184607;-0,064269228;0,774260289;-0,075924046;-0,009262735;-0,006415414;0,589485963;-0,683473333;-0,66242251;-0,078166414;0,630061191;-0,066659951;-0,08375006;-0,272931022;-0,079509134;-0,075645082;-0,065982371;-0,067089451;-0,068805224;0,187990811;-0,291292604;-0,872873158;-0,122288875;-0,040331273;-0,080236448;-0,079548969;-0,06717828;-0,07829166;-0,082607317;-0,074983806;-0,077184577;-0,040776172;0,705655784;0,574214458;-0,079430568;-0,137086756;-0,101221968;-0,640257231;0,389162268;-0,732490348;-0,946040621;-0,07480139;-1,456563176;-0,068738239;-0,041589158;1,7952061;-1,677302418;-0,072295578;0,42822878;-0,25751444;-0,067939893;0,749122376;-0,047311653;-0,079429584;-0,082511921;-0,053491593;-0,618605977;-0,081225811;-0,07056804;-0,718035399;-0,028787096;-0,074544061;-0,077029143;-0,204846283;-0,079643042;0,138182857;1,477877664;-0,07833941;-0,074555538;-0,07797057;-0,081973945;-0,011619942;-0,895867003;-0,034321739;0,220155852;-0,083409931;-0,078377116;-0,064956979;1,433612521;-0,068178062;-1,372551403;-0,310760334;-0,115638112;-0,109194888;-0,372549961;-0,076998013;-0,079718144;-0,067033912;-0,075455481;-0,081203367;-0,075329155
-0,381624904;-0,061901477;-0,042134687;-0,024528137;-0,054737241;-0,040405146;-0,060689254;-0,097159167;-0,086166287;-0,097115786;-0,084130185;-0,055675722;-0,093902404;-0,084746284;-0,092757912;-0,053943134;-0,048114021;-0,058095658;-0,042511105;-0,08721496;-0,088739756;-0,048561721;-0,041470455;-0,036204496;-0,062671448;-0,039548356;-0,047558172;-0,100478815;-0,041288929;-0,098286236;-0,03771065;-0,08635951;-0,049799757;-0,043538165;-0,05061746;-0,09447269;-0,045673779;-0,0306226;-0,048434041;-0,048636343;-0,092718349;-0,099127181;-0,046830299;-0,091303395;-0,085703094;-0,089086463;-0,038348149;-0,00176666;-0,051844847;-0,063255428;-0,095225871;-0,019394007;-0,03174013;-0,038500538;-0,033890243;-0,073292909;-0,043575978;-0,095220015;-0,097453493;-0,052973276;-0,040028342;-0,045938619;-0,030345354;-0,042877704;-0,044401137;0,000266126;-0,037615336;-0,098374612;-0,088949357;-0,030721973;-0,067837027;-0,092718114;-0,096776594;-0,050960323;-0,029157508;-0,07062429;-0,042529777;-0,039853604;-0,062835944;-0,027081919;-0,088346722;-0,099536507;-0,083073991;-0,051302248;-0,097641691;-0,055737549;-0,034676614;-0,035676783;-0,092243533;-0,026337193;-0,053641934;-0,091112393;-0,081933098;-0,099324505;-0,050345016;-0,082456757;-0,050973119;-0,056918389;-0,025032105;-0,054530957;-0,034901717;-0,069000359;-0,056655285;-0,100365197;-0,0600619;-0,055699327;-0,036997054;-0,092180919;-0,056036672;-0,090248212;-0,047761825;-0,045029153;-0,089263931;-0,048176119;-0,051923317;-0,040767518;-0,03054103;-0,035611403;-0,074309571;-0,037165263;-0,051364506;-0,056347443;-0,099098634;-0,04939885;-0,02354155;-0,093775216;-0,046324931;-0,092709197;-0,034560401;-0,085269589;-0,062410161;-0,094807158;-0,084399768;-0,091049607;-0,05191621;-0,044322238;-0,048045018;-0,099623943;-0,039949805;-0,045996223;-0,079124906;-0,042263772;-0,097672331;-0,098608803;-0,039568801;-0,05420284;-0,060874794;-0,091590012;-0,047793066;-0,024682363;-0,040027521;-0,069265789;-0,045130311;-0,093874583;-0,051799539;-0,092843335;-0,088204816;-0,072440778;-0,096821434;-0,099235156;-0,097595383;-0,084856804;-0,089071744;-0,027413729;-0,047577541;-0,042476929;-0,048996166;-0,055264397;-0,094540614;-0,090668834;-0,054154555;-0,051718285;-0,090653812;-0,085124731;-0,092946096;-0,044327154;-0,03227335;-0,062888694;-0,090960255;-0,039403327;-0,03701356;-0,057773398;-0,055090634;-0,070645259;-0,0341415;-0,097217631;-0,068681831;-0,095082458;-0,045650053;-0,046668582;-0,053920722;-0,097834617;-0,036428785;-0,063515606;-0,096906962;-0,051256563;-0,043853001;-0,092390948;-0,093717006;-0,08125674;-0,067079432;-0,098739477;-0,093693968;-0,042023162;-0,026849288;-0,08736084;-0,084509854;-0,039276064;-0,09295599;-0,039380236;-0,05469366;-0,100876003;-0,086130382;-0,093620865;-0,089494183;-0,009128235;-0,032025497;-0,034298835;-0,053511671;-0,095611689;-0,0830413;-0,093120888;-0,043535374;-0,091599275;-0,055406941;-0,067859122;-0,058187886;-0,045563943;-0,053992324;-0,088046106;-0,096635679;-0,095217467;-0,09925513;-0,100573465;-0,081626461
-0,374022533;-0,057862565;-0,022504193;-0,032306387;-1,219564401;-0,095275035;0,974764743;-0,086891292;-0,0832359;-0,084546826;-0,081306421;-0,044164971;-0,091127919;-0,083101853;-0,081243985;-0,043185383;-0,79531651;-0,408610192;-0,117355466;-0,080994476;-0,085225306;0,266743513;1,195097567;-0,01919112;-0,028896107;-0,020314124;0,328489047;-0,092533952;0,030961604;-0,08118568;0,231355206;-0,005797102;-0,394056172;-0,979558567;0,352384793;-0,078865113;0,019463106;-0,032795623;-0,713455797;-0,461370839;-0,085410768;-0,091909112;-1,273838776;-0,09445583;-0,090306038;-0,08085748;-0,432484745;-0,015047816;-0,025351827;-0,293504287;-0,087247054;-0,008935596;0,964419214;-1,436977499;-0,199655477;0,380057781;-0,996379125;-0,079481847;-0,084077719;0,28650207;0,000425554;1,095357249;-0,659926266;-0,054835222;-0,017136917;-0,016302883;-0,173122643;-0,081516887;-0,08146699;-0,011870458;-0,066968394;-0,094232634;-0,085211786;-0,049093645;0,683234965;0,113365079;-0,413761708;-0,787662026;0,039402227;-0,773427793;-0,077609311;-0,080174968;-0,087901393;-0,594907679;-0,08088719;-1,871470444;-0,88628253;-0,849950878;-0,095016421;1,201325823;0,087319159;-0,089845626;-0,082968763;-0,086673546;0,805789963;-0,067641502;0,571152241;-0,423246018;-1,443892859;-0,89992912;-0,915019057;-0,064497552;0,596636831;-0,084464803;1,189204923;-0,318881145;0,556488527;-0,097498199;0,545722782;-0,084032539;0,624528554;1,099025591;-0,088975523;0,768622336;-1,009158402;-1,304125723;-1,487836668;-0,175382713;0,209814161;0,08209036;0,440626969;1,316372291;-0,087649071;0,210303922;-0,038106249;-0,068484044;-1,130361011;-0,091019986;0,722138889;-0,084289735;-0,051513796;-0,09730826;-0,092894941;-0,089336049;-0,252474288;-0,33891114;1,670132745;-0,092012091;0,164981355;-0,42162472;0,328837429;0,16228655;-0,093659373;-0,078052049;-0,006718472;-0,056783209;-0,145547375;-0,089927578;0,110147325;-0,001574651;-1,120607235;0,263374918;-0,969166397;-0,08978451;-0,515846591;-0,087717409;-0,092203258;-0,245508615;-0,085319045;-0,087063525;-0,076710898;-0,085365082;-0,083371166;-0,393989856;0,61028397;-0,721695948;-0,25872119;-0,053991038;-0,081870657;-0,094215797;-0,364616788;0,37899518;-0,088317798;-0,081771715;-0,086526856;-0,04099665;-0,581397361;0,338484874;-0,084634987;-0,038486839;-0,091526629;-0,343458545;-0,517544237;-1,084860562;-0,204008526;-0,09097669;0,603448553;-0,084337635;-0,063726746;1,559895865;-1,32681286;-0,080818351;-0,201131967;-0,461086844;-0,091131517;0,922362478;-0,04324483;-0,081103969;-0,094140679;-0,06017474;0,009862941;-0,0924219;-0,088767116;-1,201159173;-0,031712422;-0,091496071;-0,090481255;-0,057113522;-0,08432604;2,252583366;-0,511929805;-0,094856416;-0,082719122;-0,092696322;-0,093697875;0,006926364;1,14130277;-0,048341305;-0,14326257;-0,084322006;-0,081170622;-0,082235667;-0,401844516;-0,084347108;0,661738041;0,156530904;-0,054045569;-0,086572156;-0,505426323;-0,094725473;-0,084924342;-0,089690273;-0,079483428;-0,082344619;-0,073696683
-0,526943592;-0,075854315;-0,030837681;-0,029841254;-0,196433641;-0,100423163;-0,521810197;-0,115641636;-0,109084998;-0,105578744;-0,117970232;-0,063230178;-0,111413013;-0,101755591;-0,108066442;-0,021950895;0,510951439;0,895704449;-0,033579508;-0,109808139;-0,109850354;0,139187219;-2,215998681;-0,037015114;-0,059204819;-0,028643969;2,098459935;-0,109611443;-0,166317943;-0,111131395;1,249627113;-0,086902116;-0,471268897;3,421194152;1,934698925;-0,104097384;-1,108103292;-0,024913411;-0,822220859;-0,141230714;-0,112035096;-0,115064329;1,498867065;-0,111843526;-0,102043225;-0,104279684;0,310349867;-0,01022832;-0,290401586;-0,41632664;-0,103126362;-0,012960752;0,558795246;-1,700512306;0,029651904;0,582321436;0,50902792;-0,103454296;-0,106955082;0,139123998;-0,020666572;-0,249103557;1,749207719;-0,02517059;-0,033778991;-0,009549175;1,090239208;-0,112418163;-0,109914651;-0,028447845;-0,069432228;-0,111429106;-0,11070216;-0,054398548;0,193290368;-0,224078908;-0,253002249;-0,636039472;-0,445735384;0,742271118;-0,101995099;-0,101959082;-0,111363746;2,084743728;-0,109415735;0,795970322;-1,92870242;-0,743185258;-0,103545863;-1,73720833;-0,213611116;-0,109429924;-0,101152502;-0,109399882;-0,942562461;-0,091756648;-0,678994705;0,616316594;-0,242626559;0,250880449;0,309294861;-0,069393962;0,899344963;-0,112511145;0,085802505;-0,302617749;0,231688854;-0,1005509;0,161079817;-0,102911819;1,548964344;-0,142551747;-0,105235412;0,565857362;-0,379600587;-0,419729259;2,015970194;1,913505614;1,672544582;-0,185087043;0,559083462;-0,025608623;-0,101346494;0,846591507;-0,044894895;-0,102666493;0,719063999;-0,104363048;1,154674636;-0,110143077;-0,084518989;-0,110712656;-0,103821198;-0,099527505;-0,148892538;-0,445200708;2,150107785;-0,107461495;-2,861296577;0,183511854;0,427732859;-0,014087626;-0,109953026;-0,111313226;-0,088453285;-0,062491079;-0,624794478;-0,113118393;-2,485482793;-0,010075048;0,523964819;-0,499688331;-0,448179184;-0,105995388;-0,160535661;-0,125164173;-0,103636939;-1,408458752;-0,10326816;-0,101553609;-0,112326657;-0,106868556;-0,107302155;-0,303231057;0,081762297;0,346055821;0,085571436;-0,053976933;-0,113716696;-0,104648088;-0,01674652;0,25882925;-0,100537956;-0,105567605;-0,108272074;-0,05969681;-0,139774355;2,070240249;-0,106917961;-0,128755269;-0,11051623;-2,07386825;-0,964735532;-0,686798052;-0,819109534;-0,109545828;-0,348485713;-0,114552047;-0,059758231;2,894579207;-2,679065315;-0,113659313;-1,860971289;-1,023019885;-0,11118974;-1,595100384;-0,055994028;-0,109368226;-0,114408471;-0,067924811;-0,35214863;-0,10616705;-0,113447101;-0,355564506;-0,036242901;-0,110963882;-0,102195793;-0,163643971;-0,109659947;0,836767733;-2,745819167;-0,101748215;-0,102892628;-0,115889476;-0,114418915;0,001641572;0,601944606;-0,033040345;0,370534804;-0,109414475;-0,121384858;-0,103792973;-0,562151231;-0,109243064;-0,336939541;-0,539153279;-0,074048535;-0,086726259;-0,594672758;-0,110529033;-0,113259431;-0,100618093;-0,112061042;-0,109263524;-0,101132501
-0,475279615;-0,071995147;-0,025515773;-0,021908843;-0,038393721;-0,030992072;-0,069752778;-0,099877302;-0,098478072;-0,084889383;-0,086681358;-0,059019596;-0,085478798;-0,082602229;-0,096635272;-0,055371276;-0,052756071;-0,049285437;-0,049022082;-0,097165875;-0,09862386;-0,059340095;-0,041927811;-0,03728404;-0,066060563;-0,036277354;-0,037892652;-0,091273473;-0,037547461;-0,09010646;-0,042442508;-0,073624719;-0,053207411;-0,037523027;-0,038887253;-0,084800607;-0,050249551;-0,019694446;-0,058849421;-0,051394002;-0,090507143;-0,087120573;-0,034142349;-0,097374166;-0,095069404;-0,094424175;-0,040126725;-0,005760234;-0,051349338;-0,064907624;-0,086010924;-0,022324965;-0,026807866;-0,035333185;-0,032426701;-0,067666005;-0,048477047;-0,096026385;-0,090957765;-0,044455562;-0,036295766;-0,052793112;-0,037042382;-0,040609697;-0,046893836;-0,000679908;-0,043333497;-0,098868797;-0,084473732;-0,022823496;-0,065449218;-0,0863834;-0,084689599;-0,050123849;-0,027590539;-0,068177368;-0,035046653;-0,054484265;-0,06577464;-0,02538741;-0,08632797;-0,094658087;-0,081229555;-0,047476005;-0,089773851;-0,058692034;-0,031736367;-0,02591541;-0,094458045;-0,026263442;-0,060222705;-0,094535647;-0,089077475;-0,091459876;-0,061852506;-0,077682168;-0,053326376;-0,055385781;-0,034578006;-0,051759258;-0,040264805;-0,069103788;-0,06022819;-0,08794564;-0,06111447;-0,045832139;-0,031225693;-0,082333177;-0,056070332;-0,092241012;-0,046136005;-0,047703943;-0,087110303;-0,055569834;-0,055329328;-0,04595517;-0,031502047;-0,036810548;-0,066408132;-0,045205194;-0,045325578;-0,064099483;-0,085758077;-0,053716857;-0,028511674;-0,079197212;-0,058932882;-0,096414569;-0,032091751;-0,085868692;-0,06487299;-0,094947477;-0,094789006;-0,08646082;-0,05235159;-0,054499754;-0,045717884;-0,092976912;-0,047897823;-0,036145439;-0,071886677;-0,040669705;-0,088531058;-0,09319171;-0,0359368;-0,048272404;-0,056679215;-0,089593643;-0,052254766;-0,026823332;-0,044144296;-0,069347225;-0,059069286;-0,10121006;-0,047785609;-0,094252302;-0,098899522;-0,072172184;-0,097282575;-0,100345675;-0,098541962;-0,095926389;-0,089694252;-0,036618461;-0,050456537;-0,048072739;-0,04747771;-0,052305817;-0,090245412;-0,101268655;-0,055951201;-0,061838588;-0,09424011;-0,099681486;-0,091316642;-0,04706191;-0,042837524;-0,06238069;-0,087842254;-0,0457391;-0,036909625;-0,041783922;-0,048201549;-0,058448998;-0,0378289;-0,097001046;-0,070035821;-0,082748457;-0,03869882;-0,043289003;-0,055384699;-0,097838557;-0,038150268;-0,067645626;-0,098984988;-0,042940966;-0,0400581;-0,097591034;-0,101715721;-0,077526093;-0,062129566;-0,087473035;-0,09270126;-0,049203633;-0,027122203;-0,091686029;-0,101140705;-0,049954085;-0,07939395;-0,034283006;-0,054125956;-0,090850622;-0,091582664;-0,098743017;-0,097479682;-0,006536959;-0,026373248;-0,046530446;-0,049746609;-0,090917282;-0,096549925;-0,088786126;-0,037790462;-0,088746671;-0,062602643;-0,060892694;-0,073284195;-0,0470527;-0,060405554;-0,085168882;-0,08889107;-0,088218072;-0,087211231;-0,087543469;-0,087783855
-0,3943981;-0,075724847;-0,056563777;-0,036316693;0,023863517;-0,034933539;-1,114139106;-0,110249027;-0,106760469;-0,113381827;-0,111940409;-0,052074052;-0,109492214;-0,112937278;-0,120511663;-0,068969137;-0,237137998;-0,484611714;0,08183614;-0,107925963;-0,118466469;-0,164091025;0,811755939;-0,059427148;-0,054915078;-0,025552509;0,729187178;-0,108236075;-0,027245256;-0,117889154;-1,271120542;0,135078261;0,076580182;-1,265812893;-1,247917955;-0,116645113;-0,120955927;-0,02657362;-1,464846043;-0,640940027;-0,120425624;-0,110270468;-0,418356935;-0,11597459;-0,107958868;-0,117843729;-0,19554111;0,002830566;0,085193308;-0,646190904;-0,116893671;-0,030420421;-1,277816111;-0,820676845;0,571916037;-0,440065864;2,315194783;-0,109970848;-0,107243163;-0,257149474;-0,444113609;1,129525229;-0,582236247;-0,071241932;-0,042382695;-0,004339073;-0,571301486;-0,115251151;-0,106637205;-0,032563959;-0,077144513;-0,106870831;-0,117285133;0,014473482;0,645330354;-0,632747189;0,000476254;-1,389141843;0,433297673;0,731793886;-0,111500627;-0,110754699;-0,111911127;-0,915127706;-0,119575255;1,33388095;1,432685788;0,466500317;-0,105947256;0,208715313;0,003983002;-0,116574907;-0,115715454;-0,103722877;0,177031148;-0,06282207;-0,622423716;0,254129702;-0,512616598;-0,039085692;-0,723398714;-0,079041744;-1,304381072;-0,111016072;-0,48488075;0,207160465;-0,56926682;-0,103327794;0,569657667;-0,115558595;-0,983161261;0,154182566;-0,104951727;-1,199818122;-1,75256122;0,040165174;0,134385557;1,413365024;0,085404286;-0,22440743;0,639298176;0,136969706;-0,117599311;0,377832712;-0,031080808;-0,108177537;0,591175347;-0,115212397;-0,464538926;-0,110485937;-0,084028099;-0,10379838;-0,121598139;-0,115610089;-0,166654883;0,146670609;0,41190102;-0,119275627;0,709202229;1,873184003;0,045942776;-0,331925987;-0,109899898;-0,11316049;-0,138989297;-0,021946835;-1,350718221;-0,104075055;-0,382059513;-0,016484439;0,016229864;0,147003266;1,835146277;-0,117726124;0,238441699;-0,125099559;-0,107898091;-0,613203264;-0,102936976;-0,107531277;-0,114431504;-0,109286319;-0,115253199;1,4160434;0,416223738;-0,134237105;0,009549038;-0,047091856;-0,105340295;-0,117361982;-0,208458013;-0,468122448;-0,117706251;-0,109873594;-0,110165995;-0,077339275;-0,718265192;0,839572127;-0,112581023;-0,014397168;-0,072308566;0,972767549;-1,12911373;0,210466961;-0,191326502;-0,119927022;0,920346409;-0,1157189;-0,062346803;1,438204604;-0,152218692;-0,118492135;-1,120372676;-0,726183029;-0,109492176;1,033730934;-0,026479959;-0,109024178;-0,110228151;-0,092099508;-0,069515713;-0,109072065;-0,113008595;0,692384612;-0,03401907;-0,118608246;-0,110582144;-0,027046533;-0,120966245;-0,919638249;0,311963428;-0,112806815;-0,103247164;-0,112848558;-0,109799012;-0,013984174;1,795480649;-0,03422236;0,266371721;-0,115853275;-0,119731787;-0,11154268;1,724546873;-0,110754998;0,321379836;-0,641529597;-0,015291586;-0,011344457;0,287859964;-0,116145492;-0,109952566;-0,113236253;-0,103656115;-0,110750417;-0,104193689
-0,322482868;-0,067043816;-0,033994448;-0,035310243;-0,055075537;-0,043015846;-0,063178271;-0,100021799;-0,09594026;-0,096604707;-0,081988504;-0,060433453;-0,088714;-0,08383515;-0,099396335;-0,049729033;-0,049411422;-0,05610211;-0,035610196;-0,091035589;-0,088799696;-0,058834865;-0,049844226;-0,046472593;-0,066435275;-0,031247479;-0,045527203;-0,08602268;-0,035909357;-0,101595857;-0,043551456;-0,08068578;-0,043828016;-0,036053429;-0,038128686;-0,080735282;-0,057382781;-0,024730944;-0,0615623;-0,045090836;-0,094407446;-0,088499842;-0,038294759;-0,097700176;-0,089286188;-0,092813372;-0,031728214;-0,008951488;-0,052108703;-0,059723769;-0,087116734;-0,011646171;-0,02679589;-0,0366943;-0,038708199;-0,063719254;-0,042045226;-0,088352659;-0,08796556;-0,05388997;-0,038755635;-0,055922122;-0,040061418;-0,042298754;-0,057652161;-0,012079102;-0,035165087;-0,094291336;-0,099392941;-0,021991432;-0,060131401;-0,099768696;-0,100338001;-0,039856257;-0,03710697;-0,067097407;-0,038031144;-0,041391381;-0,061400374;-0,035118855;-0,087325522;-0,088103279;-0,093470148;-0,052703772;-0,101847058;-0,048504846;-0,03600079;-0,03574547;-0,089224912;-0,03766741;-0,052906301;-0,096717974;-0,087826029;-0,099643606;-0,062412341;-0,086178293;-0,048526665;-0,059623365;-0,041348169;-0,055726984;-0,031765379;-0,065935598;-0,063286723;-0,095122973;-0,056651461;-0,04650854;-0,033626393;-0,089209956;-0,04901179;-0,098097087;-0,050834199;-0,04936063;-0,089935552;-0,049030615;-0,056607563;-0,037153711;-0,030165799;-0,045832033;-0,075783434;-0,047862815;-0,044804845;-0,056150694;-0,088786535;-0,05325506;-0,030227988;-0,090146656;-0,050907872;-0,099296265;-0,048583549;-0,094755807;-0,074567641;-0,083699748;-0,089563206;-0,091280915;-0,041724973;-0,05242264;-0,039998919;-0,092831001;-0,0502242;-0,044511305;-0,088937216;-0,05276518;-0,096645162;-0,101024329;-0,044439502;-0,045297859;-0,052873847;-0,100723314;-0,06275106;-0,011746282;-0,032369964;-0,065466501;-0,049088113;-0,10119219;-0,048279254;-0,095069339;-0,087714888;-0,077774242;-0,098442387;-0,093435017;-0,090119704;-0,098020513;-0,095545262;-0,038222471;-0,051944395;-0,036444249;-0,038623643;-0,058486295;-0,085825914;-0,092288158;-0,046345947;-0,052803991;-0,098129992;-0,087108837;-0,090117614;-0,047577383;-0,034102565;-0,059760453;-0,094890419;-0,051446124;-0,047738048;-0,058154765;-0,052792951;-0,058426561;-0,041533265;-0,094246283;-0,071181162;-0,083087296;-0,04324107;-0,033906494;-0,060798994;-0,101392706;-0,031343608;-0,05636257;-0,099448076;-0,053001336;-0,036168883;-0,094401496;-0,088297729;-0,075633192;-0,072153208;-0,096897384;-0,089040366;-0,049019121;-0,028597627;-0,095539506;-0,097547313;-0,046887768;-0,079799039;-0,045195405;-0,049091052;-0,099156137;-0,086594044;-0,091198019;-0,090253882;-0,009376119;-0,042145128;-0,038569312;-0,060431845;-0,098083862;-0,085824995;-0,093528639;-0,04380094;-0,088643868;-0,0605918;-0,062795548;-0,06215354;-0,044037588;-0,067168326;-0,095013754;-0,092558377;-0,093916896;-0,088365093;-0,092552361;-0,087239774
-0,247704061;-0,057751217;-0,046292653;-0,022104943;-0,233614461;0,00375154;1,37357394;-0,092275906;-0,084456573;-0,085470473;-0,084438313;-0,043038358;-0,090594997;-0,096204859;-0,094939478;-0,036626736;1,113863312;0,214708898;-0,155257497;-0,084763986;-0,095969477;-0,408627382;0,557860899;-0,029446283;-0,068454236;-0,045823231;-0,359801979;-0,093093429;-0,004493364;-0,094192502;-0,822720313;-0,118138059;0,017752629;-0,284893486;-1,158757226;-0,081084877;1,257344798;-0,025028045;1,025839723;0,641051466;-0,083860943;-0,093608924;-0,546986033;-0,087124209;-0,097607873;-0,092604381;-0,135280545;-0,01364465;-0,074457212;0,610653303;-0,097992699;-0,022031314;-1,651615438;-1,530953649;0,356928167;-1,176516461;-1,921637465;-0,095302549;-0,101193685;-0,412886874;-0,148625441;0,807039632;-0,950308965;-0,038617077;-0,035970128;-0,012985564;1,440606113;-0,095654677;-0,099088368;-0,030363843;-0,062242285;-0,092294282;-0,094296205;-0,074825767;-1,30437997;-0,367340976;-0,067253833;-2,311031859;-0,254890199;-0,71519276;-0,100568915;-0,095801313;-0,09597296;1,759224962;-0,096950961;1,877319097;-1,209529335;-0,508202267;-0,099747924;0,289061886;-0,066157645;-0,085757207;-0,100424965;-0,087133098;-0,300324126;-0,08996318;0,330186146;-0,446734619;-0,938704641;1,269586016;-0,852094435;-0,068905677;-0,107188577;-0,093517231;0,731650362;0,042685895;0,8930178;-0,083882329;1,047980579;-0,099559828;-1,271252178;1,466491602;-0,086266929;0,096783591;0,464579889;-1,104514764;1,623050478;-1,220261894;-1,076601788;-0,097271914;-1,647101529;-0,359378906;-0,099059903;-0,194064635;-0,018318635;-0,082454888;0,992922491;-0,0907636;-0,686101451;-0,096622626;-0,060053599;-0,088097097;-0,087709318;-0,083861555;-0,013370752;0,59139752;-0,327482212;-0,090257596;0,386572093;-2,087706695;0,32414797;-0,034539145;-0,08924036;-0,095833515;-0,119209261;-0,086974336;-0,289841964;-0,08927709;0,111594736;-0,017981805;-0,082395916;-0,633932732;-0,896892265;-0,087464687;0,018845398;-0,096670936;-0,091730186;-0,177231024;-0,089341898;-0,098723849;-0,095494194;-0,097539448;-0,094911668;2,098455537;-1,043896656;1,247936599;-0,474065089;-0,054461201;-0,097574958;-0,08435279;-0,098185916;-0,271808212;-0,100861275;-0,090171896;-0,097161059;-0,064329228;-1,082767137;-0,62679339;-0,098999268;-0,09086113;-0,06539108;0,979174548;-1,119095887;0,042850162;-0,133592072;-0,098461435;-0,428319137;-0,099162409;-0,036992286;-0,051602416;0,196062871;-0,088459909;0,482494173;0,931093069;-0,097024041;-0,983250747;-0,029724578;-0,097418791;-0,088510468;-0,083208792;-0,136815874;-0,09827805;-0,092775757;0,901415146;-0,028132299;-0,085937951;-0,086343208;-0,058646236;-0,088791386;-0,512502105;1,595941041;-0,086817246;-0,088493251;-0,091143329;-0,098267923;-0,008723641;-2,111049253;-0,025936741;1,651857294;-0,098642197;-0,082984572;-0,088281892;-1,51780829;-0,095646793;0,309527603;0,005623214;-0,044663511;-0,062754236;0,93801715;-0,099719845;-0,095368734;-0,083943182;-0,090229318;-0,101847122;-0,083746255
-0,293861165;-0,072381689;-0,038191021;-0,026049144;-0,050739453;-0,030536974;-0,062977971;-0,086027396;-0,094384259;-0,101431997;-0,087289928;-0,068517397;-0,091880068;-0,092707011;-0,094754209;-0,048361776;-0,04905508;-0,053368987;-0,049429152;-0,094414784;-0,086408642;-0,052079564;-0,047876606;-0,053021271;-0,066639805;-0,031132742;-0,046594834;-0,088032285;-0,041381101;-0,087996823;-0,044703893;-0,074955276;-0,052731958;-0,031904029;-0,050242612;-0,090538083;-0,053022459;-0,025606357;-0,049359695;-0,055538317;-0,102685913;-0,086760045;-0,032728261;-0,100625113;-0,097779921;-0,087557078;-0,04074992;-0,013491363;-0,047610584;-0,068075752;-0,096976663;-0,013397663;-0,026043994;-0,035398875;-0,045562591;-0,076132917;-0,043301569;-0,087075926;-0,101897513;-0,046260777;-0,029244649;-0,048741156;-0,032306903;-0,044703244;-0,055942176;-0,000195005;-0,040961635;-0,090230877;-0,094072699;-0,016590343;-0,076065325;-0,093100659;-0,091925527;-0,043505266;-0,026774158;-0,079532636;-0,04438385;-0,056717033;-0,055259345;-0,027395639;-0,087473942;-0,089580477;-0,084309476;-0,048317298;-0,094623948;-0,04836202;-0,030423314;-0,038661751;-0,088148518;-0,039344766;-0,06309244;-0,101294927;-0,096626298;-0,092770764;-0,051328559;-0,083314465;-0,045976135;-0,055594302;-0,039689168;-0,054475983;-0,042320701;-0,073973021;-0,065586828;-0,096902961;-0,050828497;-0,052614262;-0,031082166;-0,090250123;-0,05943188;-0,086648819;-0,048578407;-0,051332542;-0,097288401;-0,056123477;-0,05838862;-0,037905984;-0,030532938;-0,034833162;-0,073406123;-0,040135058;-0,058111682;-0,050112971;-0,087629178;-0,055680611;-0,021648145;-0,078758513;-0,06107593;-0,093241848;-0,042535056;-0,092261273;-0,063426425;-0,081770859;-0,084261398;-0,089873373;-0,042362291;-0,050740092;-0,045822163;-0,099497657;-0,043305562;-0,035426778;-0,074076286;-0,05315977;-0,095919711;-0,102569289;-0,034103108;-0,052369959;-0,057809355;-0,085365407;-0,060945423;-0,013801339;-0,03137164;-0,076556443;-0,058879489;-0,091538308;-0,053014048;-0,08232211;-0,08765345;-0,071910616;-0,08814549;-0,091279778;-0,096808827;-0,092658049;-0,09228507;-0,029804825;-0,049200565;-0,042858101;-0,042213956;-0,064865096;-0,086724784;-0,091003431;-0,05897862;-0,051855515;-0,093548016;-0,102301323;-0,088411799;-0,059192494;-0,034063644;-0,060929577;-0,09632597;-0,049679274;-0,038382931;-0,054559071;-0,053234806;-0,06386953;-0,041697906;-0,086743581;-0,060157414;-0,085526955;-0,043432873;-0,04139518;-0,056401549;-0,099662807;-0,036199918;-0,061583746;-0,088753805;-0,053708824;-0,043797918;-0,089395688;-0,088378452;-0,069128148;-0,062748184;-0,099692683;-0,093149333;-0,036580931;-0,042468407;-0,100942641;-0,102838913;-0,043600682;-0,094287965;-0,043438135;-0,049143735;-0,095818986;-0,093580108;-0,102687411;-0,096680245;-0,001635204;-0,040745508;-0,032604669;-0,057411669;-0,086697312;-0,084762393;-0,095740308;-0,035935778;-0,093499628;-0,05814033;-0,065990304;-0,074055109;-0,037229491;-0,066586389;-0,101691721;-0,096736738;-0,086252298;-0,101391574;-0,101561385;-0,091025511
-0,439671026;-0,097131483;-0,03940456;-0,045568601;-1,013598124;-0,041061945;-0,160754931;-0,141537333;-0,133287595;-0,140940657;-0,131552121;-0,075823629;-0,135304873;-0,125641898;-0,139861868;-0,06095027;-0,72383684;-1,500885057;-0,313378579;-0,133721465;-0,125689106;-0,509969262;1,714645991;-0,055813723;-0,073978734;-0,043348374;0,362610389;-0,136766874;-0,216154293;-0,135917372;-0,259097209;-0,640693092;-0,146815445;-0,003828014;-0,889479668;-0,13591458;-0,383631553;-0,052948855;0,203687266;1,053661217;-0,125805217;-0,143312535;-1,300038656;-0,14087791;-0,140682515;-0,1353885;-0,233573741;0,003752503;-0,148870129;-0,133243021;-0,130184776;-0,025118795;0,295317999;-0,658318934;-0,125482952;-0,358479394;-0,939294998;-0,141414192;-0,134446302;0,021654935;-0,381514591;0,471295304;1,210329237;-0,069080201;-0,067742743;-0,008671464;0,829709084;-0,140477938;-0,139453117;-0,022299175;-0,100467409;-0,143679894;-0,134199055;-0,054654103;0,269885519;0,066076679;-0,374393426;0,968269368;0,466199609;1,62662778;-0,124753312;-0,131375732;-0,133887016;-0,736783477;-0,12629746;-0,085252155;1,709728991;-0,757189588;-0,13168091;-1,608004267;-0,007127709;-0,126521557;-0,138970524;-0,127094254;0,807295206;-0,120079451;-0,657812419;0,152926458;-0,62811375;-0,052318944;-0,479998147;-0,096223652;0,698568789;-0,134115722;0,608006002;-0,034580422;0,943965511;-0,133660658;0,300815138;-0,139192126;0,442218379;-1,480390493;-0,135569001;1,533612277;-0,948463522;-0,921758805;-0,770024861;1,497241488;-0,143268347;0,209914923;-0,723360116;-1,219948906;-0,138927323;-0,348535282;-0,044361083;-0,134534611;0,509817344;-0,138208049;-0,393919226;-0,138027589;-0,109270981;-0,129372505;-0,119997483;-0,125220588;-0,049862489;0,205404079;0,950920046;-0,13616981;0,923065629;-0,963259648;0,078282464;-0,129854718;-0,134031698;-0,13808687;0,094368058;-0,099574256;1,325797939;-0,134727857;0,937875514;-0,01364759;-0,39984111;0,209715415;0,765682913;-0,140374128;0,500221414;-0,138328388;-0,134983659;-0,611518221;-0,132521162;-0,129938001;-0,128782802;-0,127989889;-0,142257578;-0,176224426;-0,985091737;0,569327095;0,276313502;-0,10471123;-0,138645116;-0,135376628;0,202785681;-0,188521058;-0,126805292;-0,139453416;-0,132532261;-0,031397945;0,791284461;-0,342817637;-0,139393445;-0,07653492;0,018795216;1,065689753;-0,668627793;-0,078741006;1,838675267;-0,13773431;-0,336482537;-0,133175324;-0,065108799;-0,544756199;0,547276651;-0,140200107;-0,131373988;0,835811664;-0,138729591;-0,445322042;-0,054817657;-0,141490104;-0,136714908;-0,098178545;-0,355268726;-0,125989862;-0,137674646;0,407870249;-0,026101224;-0,129606259;-0,135124394;-0,028947933;-0,117053311;-0,331052813;-1,047480341;-0,142904379;-0,138177907;-0,130480981;-0,128487065;-0,002592142;1,348380431;-0,055768187;-0,935073648;-0,135868771;-0,137851611;-0,138815009;1,044126669;-0,139222047;0,847251877;-0,979555315;-0,076340909;-0,038547796;-0,541728388;-0,134912831;-0,135136287;-0,14197061;-0,131206208;-0,138267346;-0,128984422
-0,436424026;-0,060385789;-0,041377271;-0,019426987;-0,050772368;-0,041185444;-0,073048302;-0,09839088;-0,088543029;-0,092526723;-0,088047919;-0,055408015;-0,096513743;-0,088212175;-0,092309239;-0,049528323;-0,057767893;-0,055451551;-0,037221802;-0,089250399;-0,09661452;-0,052724113;-0,043886614;-0,035369453;-0,064809435;-0,0340683;-0,046315535;-0,086025526;-0,040998164;-0,094820528;-0,033126227;-0,089172643;-0,039928826;-0,036075906;-0,054266987;-0,094214455;-0,054611017;-0,024789003;-0,056179026;-0,045181293;-0,090527492;-0,087837201;-0,040370793;-0,090116676;-0,097232754;-0,09515029;-0,027416909;-0,012728926;-0,041695137;-0,061030759;-0,095644782;-0,018415999;-0,025626291;-0,028990069;-0,044424324;-0,075672258;-0,039033155;-0,093298812;-0,08712088;-0,052646705;-0,042508772;-0,045025963;-0,040687706;-0,05106087;-0,042306185;-0,000755781;-0,035383027;-0,099919187;-0,090077298;-0,017791913;-0,074499494;-0,090339552;-0,10013579;-0,0519575;-0,038172428;-0,079790403;-0,033246965;-0,043003598;-0,058988747;-0,024186001;-0,100219224;-0,089895833;-0,082089267;-0,046840807;-0,09738928;-0,05926363;-0,041797217;-0,030098076;-0,095308908;-0,029603807;-0,047230958;-0,096254699;-0,097863431;-0,091323255;-0,04863246;-0,084362827;-0,040847891;-0,052795221;-0,033992296;-0,046139299;-0,036437516;-0,073104199;-0,054432728;-0,090479552;-0,053194054;-0,055526261;-0,031583593;-0,094882307;-0,045609731;-0,099035994;-0,05406654;-0,052812146;-0,085250691;-0,051389296;-0,05615008;-0,045431012;-0,034823653;-0,032736953;-0,073245363;-0,0453617;-0,043003355;-0,059239347;-0,096446852;-0,05011098;-0,035273804;-0,081767856;-0,058682256;-0,095275844;-0,043871792;-0,098236276;-0,061046499;-0,088311948;-0,089008401;-0,089982007;-0,046429818;-0,053041996;-0,043228593;-0,094000999;-0,036261825;-0,047738697;-0,071095812;-0,040996064;-0,092575635;-0,100289634;-0,039037172;-0,047930753;-0,04631005;-0,089602837;-0,051896043;-0,018671872;-0,042256131;-0,06963601;-0,054353512;-0,089656543;-0,044003163;-0,085554117;-0,085094604;-0,068390887;-0,086313969;-0,100479243;-0,087688344;-0,090976204;-0,088789417;-0,041083486;-0,047264697;-0,037353199;-0,04442083;-0,060851034;-0,096666979;-0,091398708;-0,049199048;-0,059789239;-0,088123919;-0,083865518;-0,094222002;-0,05544288;-0,04093388;-0,059371039;-0,089915171;-0,050832348;-0,032695368;-0,053773408;-0,057271328;-0,063232733;-0,038045668;-0,088979752;-0,066300946;-0,091790699;-0,042663442;-0,043718462;-0,054293161;-0,085065507;-0,032521955;-0,060915717;-0,100587371;-0,050573038;-0,040361686;-0,090727893;-0,091833218;-0,079557318;-0,065195823;-0,100208607;-0,098797426;-0,037822134;-0,029862483;-0,097752783;-0,096704272;-0,044142567;-0,088917229;-0,0376119;-0,045106772;-0,091452256;-0,099331418;-0,100918713;-0,086358928;-0,005949409;-0,040966627;-0,038145773;-0,051331033;-0,08582639;-0,097082533;-0,081060986;-0,044881364;-0,08440994;-0,061844524;-0,056257302;-0,064452948;-0,040774934;-0,062598384;-0,099472749;-0,099553015;-0,08854323;-0,099401336;-0,097764856;-0,079189177
-0,355906107;-0,058389797;-0,051728615;-0,030095333;0,504886144;-0,081581448;-0,573938471;-0,087955009;-0,087195569;-0,098919586;-0,08973359;-0,046358069;-0,096698405;-0,094530591;-0,0956738;-0,066790108;0,989077821;0,898108229;0,066051419;-0,098903923;-0,098597277;-0,227952818;-1,602405164;-0,036573208;-0,06611232;-0,039197538;-1,162594375;-0,098362156;0,003239559;-0,093638892;0,928091175;0,005206889;-0,171615619;1,15957987;0,931439972;-0,079780108;-1,646416513;-0,007285108;0,392222259;0,701660822;-0,094567611;-0,090544118;1,389458292;-0,091865999;-0,085930056;-0,086752931;-0,402052151;0,004439598;0,079135853;0,059108802;-0,095374851;-0,018765434;1,331231267;-0,130011951;-0,150735276;-0,555392662;-0,576365655;-0,084135496;-0,085292374;0,005638264;0,005084411;-1,62315809;-0,410238795;-0,055378187;-0,067821731;0,002282777;-0,421722295;-0,086523496;-0,095819902;-0,026097234;-0,067061662;-0,086847967;-0,093053329;-0,012636031;0,423087983;-0,267692186;-0,169955743;0,059360828;-1,186455408;1,92630862;-0,098011296;-0,08520092;-0,087553937;-0,748951837;-0,08436645;-0,853546572;-0,599868781;-0,179644887;-0,093225623;-1,880609727;0,203858424;-0,084740644;-0,086795259;-0,090308209;-0,471326764;-0,07648298;-0,391141438;-1,704940696;-0,858623219;0,041370172;-1,629906623;-0,072727405;0,071239631;-0,089129609;-0,172937693;-0,208471233;-0,703587682;-0,076926379;1,129717383;-0,090996949;0,396513305;-0,482703081;-0,089784835;0,161596019;0,226068885;-1,270021355;-0,560307327;0,310135394;0,460292526;-0,17164576;-0,922040302;1,436262205;-0,092832012;1,198072998;-0,029196929;-0,088976425;-1,027514594;-0,08619638;-1,438793053;-0,0931433;-0,052610334;-0,085329825;-0,095136592;-0,091358387;-0,066103247;0,466827233;-0,236289876;-0,094008511;1,241223396;-0,709151665;-0,054848495;-0,211607895;-0,097438558;-0,097677211;-0,27171339;-0,032574978;-1,429526598;-0,089004234;1,167129976;-0,027401204;0,221084533;0,4397023;-0,642900344;-0,097101965;1,291078365;-0,08174043;-0,100665695;-0,288094172;-0,08462181;-0,085518343;-0,088614151;-0,096787386;-0,095339667;0,409942322;0,214558707;2,938358405;0,573670043;-0,035159717;-0,097312968;-0,087885196;-0,067796438;-0,507884576;-0,092236391;-0,096888576;-0,098765631;-0,056936568;-0,183766374;-0,726090108;-0,093766311;-0,076585371;-0,055289057;1,477629588;0,716545386;-0,661935869;-0,88080643;-0,089148519;-0,878622824;-0,078541777;-0,045322786;-0,638350924;0,29805648;-0,091287309;0,9845113;-2,88529607;-0,089146593;0,323003734;-0,032486327;-0,084544431;-0,086903677;-0,06973162;-0,302412513;-0,090778781;-0,097040578;1,261288394;-0,028337317;-0,091444235;-0,085387985;0,121924417;-0,088031226;-0,650852894;0,907132852;-0,094448074;-0,085144149;-0,085666318;-0,090945447;0,001565367;0,001206191;-0,047978934;0,466306566;-0,085719277;-0,085093409;-0,077263426;1,565572244;-0,087564078;1,030657342;0,006940311;-0,065712843;0,035583845;-1,674093281;-0,084405112;-0,089172976;-0,086093524;-0,089988871;-0,093811197;-0,086298581
-0,338474027;-0,068251784;-0,038197269;-0,032099063;-0,055344901;-0,032173896;-0,073620558;-0,08601399;-0,087191303;-0,092680129;-0,08350715;-0,052623434;-0,088825278;-0,088028154;-0,092214375;-0,049360417;-0,05491479;-0,055550588;-0,051044275;-0,086540742;-0,091153218;-0,050304573;-0,04721041;-0,041874068;-0,066318497;-0,044755172;-0,040336314;-0,096079545;-0,048309324;-0,090270702;-0,0412636;-0,084712884;-0,051371764;-0,037293762;-0,0517451;-0,089780175;-0,057502368;-0,026288551;-0,049696503;-0,053958786;-0,094793933;-0,092965183;-0,033607556;-0,088883414;-0,086314852;-0,092315134;-0,027830687;-0,005934443;-0,053571243;-0,062027841;-0,085965699;-0,014726982;-0,030004964;-0,035641682;-0,033979636;-0,072596;-0,045812192;-0,097819241;-0,101353617;-0,04842054;-0,040863679;-0,05123018;-0,039262157;-0,043359539;-0,052015304;0,001164961;-0,045023891;-0,09264188;-0,091901438;-0,017990939;-0,068934581;-0,090438824;-0,102052969;-0,052537155;-0,030524653;-0,081308135;-0,035480705;-0,049084637;-0,064210349;-0,024115897;-0,095637;-0,085857931;-0,093578397;-0,041466386;-0,087934196;-0,052855308;-0,038627322;-0,023180288;-0,098560449;-0,027430281;-0,056867599;-0,098459;-0,087043524;-0,086423617;-0,062401938;-0,083855966;-0,043634341;-0,051072079;-0,032970787;-0,055779362;-0,035658542;-0,059552294;-0,057616977;-0,097627249;-0,05123523;-0,043931945;-0,022173321;-0,088140349;-0,049971609;-0,091335592;-0,040620134;-0,054125883;-0,097491462;-0,059502668;-0,047687525;-0,035399576;-0,03248501;-0,03387329;-0,068490106;-0,037290126;-0,045934714;-0,061851388;-0,097626255;-0,05234615;-0,030938281;-0,084595299;-0,052363204;-0,09187707;-0,037595983;-0,101187403;-0,06290684;-0,091828245;-0,080435913;-0,089238378;-0,040156568;-0,04736905;-0,050724156;-0,09463858;-0,036334742;-0,042913986;-0,084492266;-0,040821627;-0,08811577;-0,087591189;-0,043172549;-0,049146823;-0,056974231;-0,089325909;-0,053192571;-0,023807391;-0,034235039;-0,06881504;-0,050063451;-0,098263588;-0,052002347;-0,087934813;-0,09056847;-0,069453057;-0,089162223;-0,085864942;-0,099958911;-0,087555642;-0,079121946;-0,040598307;-0,05758727;-0,040523746;-0,042166181;-0,065010556;-0,088682219;-0,098558557;-0,054155756;-0,062753819;-0,091271992;-0,101880973;-0,087299541;-0,059978172;-0,039550561;-0,062749575;-0,101293124;-0,043791857;-0,038989603;-0,050394721;-0,058419911;-0,065403317;-0,038272279;-0,090889983;-0,071875505;-0,086633463;-0,038764343;-0,044657287;-0,058950285;-0,089706692;-0,029371864;-0,068187011;-0,101838965;-0,045473171;-0,034254339;-0,100151537;-0,100745988;-0,084438049;-0,070376253;-0,101629319;-0,091694422;-0,03876565;-0,034728742;-0,099672315;-0,088803975;-0,044088266;-0,085174121;-0,037098369;-0,056601921;-0,091233135;-0,098093842;-0,0982047;-0,092162358;-0,001862057;-0,028319272;-0,037779413;-0,050474014;-0,101425729;-0,098094522;-0,095698;-0,038537545;-0,10025274;-0,052827576;-0,069469078;-0,067755307;-0,035573301;-0,053612059;-0,093859116;-0,092092817;-0,09468898;-0,098273404;-0,098247288;-0,092348925
-0,217850667;-0,042109717;-0,01692776;-0,012733542;1,608584206;-0,013270599;-0,533156097;-0,066541804;-0,053830033;-0,06715907;-0,061306426;-0,039880852;-0,057787064;-0,062784974;-0,064416206;-0,055359849;1,148297376;0,374988424;-0,137743222;-0,06699762;-0,061020725;-0,07490567;0,201018574;-0,020979213;-0,04946364;-0,0156401;-0,26888896;-0,066993368;-0,074920056;-0,069393491;-1,089689522;0,084669311;0,023402037;0,539910605;0,379420899;-0,054155967;1,296479415;-0,012873465;-0,237235892;-0,541065447;-0,069713272;-0,056988338;-0,883252864;-0,058095366;-0,06344518;-0,068628341;0,440012822;-0,00985778;-0,068228843;-0,036434131;-0,06930836;-0,004138805;-0,250934145;1,454645087;-0,099201049;-1,010793141;-0,026669256;-0,056050088;-0,057612952;0,089861567;-0,029077946;0,189562115;1,517599985;-0,017461224;-0,059471385;0,00379292;0,806108143;-0,058904865;-0,053448984;-0,009930148;-0,034071545;-0,066624849;-0,062580254;-0,062927248;-0,632661425;-0,063801383;0,081956587;1,014821547;-0,246536216;-1,107571887;-0,056227052;-0,071240478;-0,057622148;0,036283839;-0,070241515;0,357758766;0,741505652;-0,944583969;-0,056597312;1,259294049;-0,610442951;-0,068928704;-0,064651906;-0,058423178;0,668582607;-0,061054077;1,540581871;0,30242202;-0,700316542;0,406621608;1,214980091;-0,036873348;0,851690452;-0,071359147;0,016252611;-0,084289435;-0,073122374;-0,074642513;0,69453985;-0,061812937;1,373286021;-2,189153397;-0,061151026;-0,604586909;-0,805628361;-1,544267261;0,662138633;-1,793437218;-1,158832158;-0,004585218;-1,374638794;-0,636014418;-0,06413492;0,132002609;-0,020402274;-0,065471125;1,028721693;-0,068905282;-0,834747737;-0,059212955;-0,037172885;-0,050776023;-0,057549839;-0,059451277;-0,011471084;-0,589868572;1,236928159;-0,067629905;1,247795384;0,014676885;-0,169295056;-0,019833589;-0,06289879;-0,060660848;0,197757079;-0,020191764;-2,713981205;-0,062826761;0,210118107;-0,016386351;-0,3869701;-0,394813316;-0,078311843;-0,069126495;0,580975677;-0,059499714;-0,066005416;-0,26709962;-0,061111;-0,06615924;-0,062255336;-0,063035311;-0,066027721;-0,96547203;-0,27059835;0,287017678;-1,310163622;-0,070416997;-0,058687851;-0,056807038;-0,063207673;0,355419115;-0,056676296;-0,060743264;-0,059061564;-0,039449274;-3,190534767;-2,1000557;-0,070103319;-0,011078649;-0,02882456;0,837965717;0,0300174;-0,364830506;-1,688683065;-0,055353054;1,005802928;-0,068889514;-0,050188178;-1,098536655;0,40097406;-0,061218317;-1,283159558;-0,926054604;-0,054773359;1,281148155;-0,02622506;-0,066107061;-0,06957281;-0,036094813;-0,214493307;-0,056153537;-0,05899092;-1,192198496;-0,015191793;-0,070466375;-0,070716493;-0,214413005;-0,061846784;0,076618476;-0,572662919;-0,067392169;-0,065422939;-0,061933714;-0,05340113;0,003644414;0,212451867;-0,033017417;-1,767987561;-0,065503204;-0,061479063;-0,060687115;-0,275939709;-0,059859588;1,719154988;0,230487848;-0,072672039;-0,051702517;-1,568154439;-0,055474987;-0,064882501;-0,069496953;-0,065597327;-0,055199734;-0,063107938
-0,310046676;-0,063296966;-0,042443782;-0,025181651;-0,045796778;-0,030287672;-0,075436943;-0,089082275;-0,088989167;-0,100321332;-0,094036807;-0,062441963;-0,09469259;-0,094268183;-0,093451433;-0,061428834;-0,047810038;-0,060178671;-0,038507909;-0,10110423;-0,087081295;-0,051670811;-0,053541769;-0,046418123;-0,06850452;-0,031748822;-0,037884238;-0,101342121;-0,051475628;-0,093095087;-0,041068023;-0,075876731;-0,038931308;-0,04169863;-0,04619696;-0,081308779;-0,053970299;-0,033414305;-0,061673816;-0,052823619;-0,101548704;-0,091690065;-0,03509537;-0,099181483;-0,090669098;-0,091592541;-0,030720393;-0,005351187;-0,040146964;-0,070913366;-0,090750139;-0,023538619;-0,037401573;-0,038079862;-0,035730305;-0,076218566;-0,039763228;-0,086377668;-0,099827755;-0,045978449;-0,037107655;-0,045714522;-0,046437265;-0,052120815;-0,041471676;-0,007195719;-0,039421348;-0,094863737;-0,09404332;-0,018308554;-0,071195635;-0,096793875;-0,097899771;-0,044192246;-0,036893511;-0,07871837;-0,032140167;-0,042241352;-0,055183239;-0,023841889;-0,094679437;-0,08931397;-0,090854346;-0,041772241;-0,090112236;-0,060988706;-0,031192285;-0,028919251;-0,093555875;-0,038855784;-0,061479887;-0,088516621;-0,101000028;-0,094478399;-0,050987167;-0,080980446;-0,050773481;-0,054538555;-0,041233688;-0,045382591;-0,040474361;-0,066582997;-0,061655849;-0,089250062;-0,055017164;-0,044707285;-0,036735039;-0,082013459;-0,045567006;-0,091535118;-0,043320395;-0,047495569;-0,101507509;-0,063108796;-0,048426113;-0,043353233;-0,036353168;-0,040103117;-0,074640603;-0,038420307;-0,05408018;-0,049918939;-0,101554383;-0,048010658;-0,023768233;-0,080197669;-0,056239977;-0,102151997;-0,042211503;-0,091613592;-0,074283857;-0,090856639;-0,083946589;-0,098441386;-0,049553605;-0,044882092;-0,040760789;-0,101572059;-0,036901937;-0,047128523;-0,088474366;-0,047799812;-0,089889462;-0,090792235;-0,042274809;-0,049447426;-0,051372123;-0,100374946;-0,047411006;-0,026331406;-0,031915196;-0,071955951;-0,050328852;-0,087731698;-0,046087678;-0,092279508;-0,093240549;-0,074672677;-0,090982211;-0,097585551;-0,084153226;-0,097938279;-0,079070762;-0,029435637;-0,057425506;-0,044764408;-0,048829095;-0,057707876;-0,084754919;-0,101393712;-0,057568748;-0,0670238;-0,096525274;-0,08806459;-0,101643867;-0,056815318;-0,031893979;-0,05258808;-0,094806779;-0,046207238;-0,04684876;-0,044671267;-0,048709627;-0,072550043;-0,038623595;-0,093560696;-0,05913921;-0,08759373;-0,046792157;-0,040618407;-0,056861524;-0,092155526;-0,025994041;-0,062960875;-0,086202969;-0,044324717;-0,032333754;-0,088699299;-0,102458648;-0,067905008;-0,060981881;-0,086836919;-0,087480934;-0,040153635;-0,030447226;-0,096241837;-0,097482937;-0,04363229;-0,083121504;-0,042873711;-0,053265341;-0,092617693;-0,091450066;-0,097288754;-0,091658654;-0,010488187;-0,027476433;-0,030959744;-0,057510681;-0,08992165;-0,094346531;-0,089657123;-0,034772012;-0,099119662;-0,06752325;-0,065343339;-0,064948076;-0,039461236;-0,059381355;-0,095868879;-0,091541677;-0,098577116;-0,092824163;-0,091938457;-0,096927246
-0,192119089;-0,044788246;-0,016151932;-0,008778355;-1,677667219;-0,034824172;-0,353164514;-0,064722128;-0,063287762;-0,069451003;-0,059345994;-0,039158964;-0,072535988;-0,068659731;-0,063199754;-0,064074442;-0,404693467;-0,70978477;-0,162658847;-0,077122187;-0,0747292;-0,120852029;-0,475772567;-0,022747935;-0,047869332;-0,030897774;-0,315023961;-0,067910564;-0,089020243;-0,074097355;-1,590853641;-0,222422336;-0,023587282;-0,736941607;-0,563745746;-0,067408003;1,683586113;-0,024353766;0,655752563;1,143901779;-0,076678237;-0,063343684;-1,862304563;-0,072046115;-0,062180872;-0,061419305;-0,181798842;-0,007385614;-0,101092709;0,074539993;-0,071326675;-0,008530077;-0,306408336;-0,679134588;-0,478361186;0,174691714;0,559959912;-0,061318836;-0,065521069;-0,070313262;0,06764443;0,575067129;-0,817638336;-0,025463083;-0,042472765;0,000222558;1,463818366;-0,065804149;-0,070276755;-0,011151861;-0,037466642;-0,075131387;-0,060749796;-0,004133394;-0,511631807;-0,339546276;-0,069019949;0,663693212;0,269104315;-0,704972697;-0,069165032;-0,06063411;-0,064439274;0,304877081;-0,075232958;1,362395855;0,625960591;-1,177109065;-0,060836504;0,625444535;0,241104569;-0,063126601;-0,071671416;-0,070836149;-0,23882857;-0,059555145;0,306515173;-0,946449548;0,385691652;1,802899694;1,569427556;-0,048107726;-0,817937073;-0,073920989;-0,469471613;0,00313338;0,562704221;-0,071048154;-1,665038141;-0,059636946;-1,601665532;0,754465855;-0,075547611;-0,587190116;0,757718032;0,500947043;0,425239935;0,873215217;-0,571911358;0,157537533;0,308629872;-0,873871585;-0,077963186;1,001421583;-0,007014878;-0,065242146;0,25126666;-0,072557552;0,382876795;-0,06392736;-0,039938527;-0,056530072;-0,071440036;-0,067493388;-0,061295227;-0,744834843;0,099342496;-0,061853609;-0,60972732;0,945672817;-0,525145792;0,259348232;-0,076021758;-0,06203921;-0,326582103;-0,038293442;-0,491945975;-0,071705337;-1,7315822;-0,003131715;-0,085072602;-0,113461647;-0,298513037;-0,073554712;-1,074249163;-0,064050826;-0,077764878;-0,068960722;-0,072021843;-0,072527278;-0,074921231;-0,07378896;-0,066878535;-0,10837295;1,834930111;-0,64790816;-0,593349565;-0,038460183;-0,073628647;-0,067487386;-0,271963957;0,101201083;-0,076356608;-0,069956197;-0,07704426;-0,02968116;-0,202553261;0,992588311;-0,063908353;0,037968723;0,029788115;-1,374584169;0,530925507;-0,371052502;0,531535317;-0,068486035;-0,147394552;-0,07745712;-0,016008421;-1,016934279;-0,114539074;-0,070357747;-1,473406557;0,303678638;-0,068456057;0,422497362;-0,020237459;-0,076345652;-0,063442398;-0,051232369;-0,008148362;-0,070234454;-0,07744647;0,226055821;-0,022996928;-0,069012328;-0,077415283;0,042044536;-0,062467987;-0,114284769;-0,243887597;-0,075864613;-0,073481297;-0,07609087;-0,070557745;-0,002830655;0,121323275;-0,029069842;-0,522936719;-0,072915228;-0,077285767;-0,074295836;-0,811026966;-0,064748179;0,738927669;-0,359636298;-0,058731534;-0,080746579;0,833998939;-0,066340967;-0,069632966;-0,068725294;-0,073459575;-0,076832757;-0,068349634
-0,416840424;-0,067361581;-0,026592137;-0,028870638;-0,040719953;-0,039562557;-0,075636319;-0,089740721;-0,096636521;-0,097202824;-0,083866988;-0,064568129;-0,082120264;-0,088504525;-0,08511312;-0,053158472;-0,048619146;-0,050492298;-0,042336678;-0,094518068;-0,096566338;-0,058535386;-0,051889313;-0,039025743;-0,062636552;-0,040349941;-0,047641887;-0,093621186;-0,044626012;-0,095133682;-0,035017929;-0,082952027;-0,047341009;-0,03362695;-0,048150763;-0,093314042;-0,046061224;-0,03141062;-0,060438409;-0,052261234;-0,095750061;-0,09122069;-0,038602044;-0,084015097;-0,100655968;-0,099129434;-0,0347023;-0,003769017;-0,042924846;-0,058417639;-0,100013133;-0,009088301;-0,040304613;-0,029375724;-0,039874463;-0,070979982;-0,050104019;-0,086379516;-0,088623628;-0,053657036;-0,041854617;-0,049116767;-0,044331389;-0,043176947;-0,057662787;-0,009579322;-0,039424974;-0,084339068;-0,08312378;-0,025740347;-0,069738117;-0,087848879;-0,098185846;-0,050212053;-0,042297484;-0,065295276;-0,042406381;-0,048846492;-0,061047439;-0,025859445;-0,095312186;-0,098229786;-0,087291448;-0,041267;-0,099551954;-0,051359356;-0,033424218;-0,025533772;-0,084504678;-0,034927862;-0,053960396;-0,096001152;-0,08622627;-0,084207287;-0,051505999;-0,072105327;-0,054436355;-0,050309924;-0,025082703;-0,040880062;-0,032285541;-0,061917983;-0,060906335;-0,09057989;-0,061998489;-0,055924118;-0,022831341;-0,080080609;-0,05331587;-0,091622849;-0,052011052;-0,052760029;-0,085552091;-0,052716351;-0,042460744;-0,04639535;-0,039494165;-0,036061864;-0,074665136;-0,045055532;-0,052460609;-0,060065457;-0,085501505;-0,049546067;-0,024939414;-0,087237047;-0,058433427;-0,100320594;-0,035109979;-0,085091355;-0,069754135;-0,090731517;-0,078910019;-0,087140253;-0,053857723;-0,045811864;-0,046347798;-0,097504482;-0,048845775;-0,03935459;-0,085951986;-0,043453728;-0,085254939;-0,098341798;-0,042858751;-0,041405286;-0,061305414;-0,099933231;-0,054944467;-0,02121618;-0,040541331;-0,072445866;-0,056828178;-0,089009492;-0,041340043;-0,090553206;-0,093239619;-0,07593747;-0,09103255;-0,090352098;-0,087461166;-0,09848453;-0,083231757;-0,040016595;-0,050326124;-0,040605768;-0,0338881;-0,062231779;-0,099020709;-0,092079942;-0,050700722;-0,064895254;-0,098012952;-0,084286665;-0,084687465;-0,059033135;-0,0277213;-0,055947927;-0,093262489;-0,048363881;-0,036590855;-0,056182976;-0,058736795;-0,063600809;-0,040164209;-0,084242441;-0,067944904;-0,084476333;-0,043202808;-0,042783456;-0,066177618;-0,099486304;-0,037853069;-0,068909214;-0,091748688;-0,053057237;-0,041396245;-0,085342483;-0,089480408;-0,082674214;-0,070723129;-0,100307654;-0,092919471;-0,033345691;-0,041214579;-0,096839999;-0,092415888;-0,045000187;-0,094024135;-0,047287036;-0,04939818;-0,094062032;-0,092165905;-0,096890095;-0,09434365;-0,012931944;-0,027068509;-0,04332647;-0,058520739;-0,094717937;-0,095356349;-0,079688606;-0,042770763;-0,094815818;-0,057079474;-0,054140511;-0,064803953;-0,043044006;-0,051344355;-0,096912044;-0,093544028;-0,099501633;-0,087377674;-0,096592406;-0,087365105
-0,380320837;-0,068884531;-0,035219152;-0,033302833;0,957313657;-0,058268317;-1,251501829;-0,095908598;-0,0951783;-0,104162078;-0,089125071;-0,070252331;-0,094740103;-0,08641357;-0,101151014;-0,063705817;-1,778534833;-1,002921713;0,016627409;-0,10646226;-0,105285139;0,26767259;0,464724527;-0,056022186;-0,092502453;-0,020203912;0,899046703;-0,093560738;-0,114958697;-0,093571383;2,018264611;-0,221715643;-0,249449601;1,383745641;-0,601839893;-0,095649457;1,028422636;-0,022375662;0,636970079;1,131538508;-0,106207515;-0,089896526;-0,62288296;-0,103065955;-0,09570264;-0,104031968;0,141782797;-0,008466632;-0,168262933;-1,058061241;-0,096519158;-0,020475492;-0,175582645;0,203689815;-0,019025873;-0,765788316;1,290812876;-0,103191695;-0,093766534;0,194119446;0,026066414;0,171155178;0,8616578;-0,048679089;-0,063799974;-0,009406369;1,537470202;-0,097765985;-0,088119524;-0,028538184;-0,055754407;-0,105545349;-0,099547575;-0,043303571;-1,286048953;0,04340522;-0,102906113;-1,56208947;-2,576807947;-1,198992408;-0,098661522;-0,104718181;-0,091961683;0,071531517;-0,093862476;-1,177040674;-0,623497399;0,874667839;-0,091162329;-0,533710841;-0,457117657;-0,090854268;-0,093587581;-0,102911927;-0,510058484;-0,07660641;0,211903909;-0,778129155;2,74742452;0,769535824;0,559658233;-0,061516727;-0,429778205;-0,102393304;0,477683993;-0,13608911;1,061538887;-0,092774266;-1,267773769;-0,100704417;0,512268041;0,139343735;-0,104388692;-0,884394778;-0,550615713;-1,822538832;-0,239662517;-0,043363577;0,867162421;-0,010848219;1,985138014;0,066652699;-0,105967792;-1,298509998;-0,040049254;-0,103724209;0,178879844;-0,094978527;1,4517154;-0,095237205;-0,083503835;-0,085878954;-0,10095931;-0,099180877;-0,123285975;-0,688667998;-1,857394046;-0,100464224;1,216037133;1,602765012;0,024916321;0,002403348;-0,106499687;-0,09949476;0,168279143;-0,015624313;-0,281708935;-0,09753998;-0,900915371;-0,027066717;1,022246135;-0,273493612;-0,685322895;-0,093008056;0,483683525;-0,100128062;-0,097601365;-0,196005024;-0,091322939;-0,095883226;-0,104456312;-0,091201067;-0,093608299;-0,642706308;-1,540211268;0,676560431;-1,653049907;-0,083221283;-0,09490855;-0,098855359;-0,134436331;0,101890649;-0,103713801;-0,104680067;-0,096282203;-0,059847799;1,499215801;0,15793055;-0,103462548;0,002838147;-0,048693376;1,825109242;0,42478726;0,075397819;1,068536993;-0,102775672;-0,639887407;-0,10762865;-0,048501393;-0,631423686;1,397513048;-0,099631417;0,556787137;1,454262277;-0,093950501;-0,923413464;-0,057019319;-0,097438135;-0,093502749;-0,084135673;-0,376200965;-0,100130384;-0,105335336;-0,27086183;-0,032745361;-0,101407621;-0,100206484;-0,127320552;-0,090409428;-0,958007988;2,000406663;-0,094308273;-0,092839707;-0,102216133;-0,096047711;-0,009216807;-0,248381831;-0,05415398;-0,803479392;-0,096115461;-0,099153459;-0,086834913;-0,051482687;-0,104643476;-2,488495623;-0,754858291;-0,07123969;-0,058651253;1,298788329;-0,098502927;-0,095901962;-0,090731884;-0,103138566;-0,101661913;-0,09061665
-0,34900472;-0,068673218;-0,033074562;-0,027602329;-0,041715727;-0,045166991;-0,075031182;-0,090504996;-0,089193892;-0,094886108;-0,089996522;-0,053589368;-0,096041152;-0,095836237;-0,099492926;-0,055859053;-0,059908457;-0,04939041;-0,041060755;-0,087488028;-0,097332323;-0,049759528;-0,042627361;-0,051330261;-0,061256557;-0,031993012;-0,042558197;-0,0956371;-0,045842503;-0,094580069;-0,031882583;-0,084069968;-0,045009404;-0,039026551;-0,044755068;-0,08129137;-0,046784554;-0,022993216;-0,053615757;-0,056898561;-0,096102793;-0,095310171;-0,033637067;-0,101258018;-0,0896234;-0,087831311;-0,027085044;-0,003684994;-0,042732302;-0,0638039;-0,098339221;-0,012977281;-0,037926874;-0,041363263;-0,036607239;-0,073609295;-0,046596856;-0,100185273;-0,087707988;-0,052136051;-0,039431145;-0,051653263;-0,034530191;-0,03600575;-0,044348276;-0,00979142;-0,047775147;-0,097593393;-0,093883217;-0,01950156;-0,060653958;-0,089011369;-0,097702168;-0,047090913;-0,037741583;-0,065915099;-0,033994667;-0,0457467;-0,053157518;-0,029077465;-0,089738799;-0,092179786;-0,092448046;-0,050741961;-0,093551944;-0,049124485;-0,028187197;-0,0373164;-0,087096281;-0,034436354;-0,048856629;-0,086639094;-0,087502987;-0,09104966;-0,056143556;-0,07730499;-0,042130043;-0,056905211;-0,039019421;-0,049678456;-0,034219426;-0,07416118;-0,054361513;-0,086066356;-0,063251403;-0,042899054;-0,032279421;-0,092499006;-0,045038287;-0,088936312;-0,046802426;-0,049633365;-0,09958344;-0,060455145;-0,044657231;-0,033383904;-0,03797393;-0,045869608;-0,063212425;-0,033469817;-0,059113905;-0,059616921;-0,101841406;-0,061579943;-0,031395699;-0,085189701;-0,059304986;-0,102226556;-0,046489243;-0,093132947;-0,073506269;-0,087219379;-0,085804847;-0,084592159;-0,041943598;-0,054510974;-0,043887584;-0,095173428;-0,044746963;-0,046019877;-0,075736105;-0,037175956;-0,101559852;-0,100236469;-0,033772244;-0,044237333;-0,051023755;-0,093377717;-0,047440582;-0,026377487;-0,035332433;-0,06772599;-0,060256165;-0,096591125;-0,055833084;-0,090628338;-0,100011908;-0,081802927;-0,091811477;-0,088682396;-0,083359993;-0,095349866;-0,089412924;-0,02830626;-0,052500691;-0,045246112;-0,035016688;-0,061213448;-0,090377492;-0,099761103;-0,051036055;-0,058657377;-0,08960548;-0,101288123;-0,091936151;-0,04542961;-0,036639742;-0,053603865;-0,085629536;-0,041754593;-0,0343681;-0,058421503;-0,05942839;-0,071698446;-0,040970929;-0,098577907;-0,068716641;-0,094297799;-0,047536803;-0,046595184;-0,05587655;-0,102446851;-0,03485388;-0,059011403;-0,094795602;-0,057640542;-0,042976365;-0,095175565;-0,095793505;-0,078846382;-0,066953094;-0,097932258;-0,10278;-0,044335222;-0,041563869;-0,089071396;-0,088394655;-0,046343312;-0,090483554;-0,040325713;-0,045251766;-0,099837525;-0,093069796;-0,100676517;-0,09713337;0,001865809;-0,031276739;-0,037251583;-0,052033781;-0,088656852;-0,090539902;-0,087287721;-0,033344031;-0,087650121;-0,050865048;-0,054366148;-0,062539471;-0,050873978;-0,058577974;-0,086315085;-0,096723924;-0,091756875;-0,087093733;-0,088178995;-0,096882573
-0,460306491;-0,070799609;-0,031379451;-0,04454014;-0,26128805;-0,072512581;1,029932309;-0,10516498;-0,099812362;-0,090446347;-0,096793199;-0,072523047;-0,091051475;-0,097258495;-0,097336665;-0,072637607;-0,378082394;1,546689841;-0,035470532;-0,09214332;-0,100237776;-0,588413628;-0,895594894;-0,047350774;-0,058896096;-0,03329145;-0,513970759;-0,089227821;-0,031399377;-0,095096206;-1,096308265;-0,130461953;-0,052581223;0,159883221;-0,736628569;-0,095963541;-0,832694244;-0,00653921;0,784180206;-0,560135167;-0,095930534;-0,101932263;-0,058803977;-0,095145897;-0,090718229;-0,09833907;-0,444706894;-0,000397592;-0,174934319;0,079795338;-0,105994429;-0,009542921;1,467931385;1,341278589;0,017362404;-0,593163493;0,593606161;-0,099746713;-0,103201096;-0,689486628;0,001722717;-1,675075328;-0,211268938;-0,061265534;-0,027031704;-0,007458431;-1,028539102;-0,090401854;-0,10408733;-0,029247308;-0,05553084;-0,090905113;-0,101724517;-0,05868343;0,26311956;-0,511888758;0,027528122;-2,229359621;1,130582529;0,957418993;-0,095156468;-0,100947934;-0,091911577;0,341454388;-0,104019338;-1,585772776;-0,00313413;-0,860521483;-0,092334362;-1,119935845;0,32822783;-0,092913682;-0,091598401;-0,091831714;0,891530981;-0,098512684;-0,884569902;-0,206167114;-1,029314362;0,959750911;-0,9953111;-0,06724184;-0,353347989;-0,096661724;-0,544676401;-0,010709053;-0,400672416;-0,081623737;1,396617386;-0,089363392;-1,762732292;0,294288839;-0,091217638;-0,099471901;0,408702158;-1,03888797;0,261836293;-1,704287127;-0,424503259;-0,16978558;-0,173366265;0,383719073;-0,093492206;0,001951505;-0,033942721;-0,096907892;-0,110822268;-0,103103428;1,830558789;-0,089063953;-0,073495972;-0,102050467;-0,105124348;-0,091417762;-0,067241765;0,5007397;0,612336713;-0,096634181;-1,408246645;-1,063356631;-0,12881337;-0,261622662;-0,09274825;-0,096244662;-0,041958766;-0,084313935;-0,175008999;-0,09441011;1,343332047;-0,030083896;-0,109782578;-0,222559704;1,367339314;-0,102775266;0,447251648;-0,093460829;-0,103565726;-0,500353366;-0,091264973;-0,100783289;-0,09744006;-0,093499374;-0,091654867;1,015322935;-1,423235731;-1,199154312;0,304357513;-0,029974221;-0,104678955;-0,10111589;0,100898849;-0,639105503;-0,100015392;-0,08994205;-0,091764287;-0,058580069;-0,892614118;0,647485621;-0,105910371;-0,110232113;-0,049102293;-1,636728443;-0,949977031;-0,309315814;-0,302752517;-0,106039616;-0,087437395;-0,083297512;-0,045759262;0,247894243;1,037744296;-0,099304106;0,159247619;1,386681787;-0,097133044;-0,536176891;-0,03934411;-0,093748883;-0,095856544;-0,079610155;-0,28069815;-0,098853878;-0,1055698;2,101397119;-0,033071908;-0,093595579;-0,106892051;-0,022842855;-0,086962665;-0,829118767;0,627188693;-0,101289553;-0,093833905;-0,106943551;-0,093974657;0,000213747;-0,589006088;-0,033115533;0,443890879;-0,102262181;-0,09753115;-0,094246358;-0,656592222;-0,092316155;0,572568917;-0,820151185;-0,047358755;-0,069222281;-0,111946531;-0,103548581;-0,098419666;-0,098666441;-0,094106397;-0,090743591;-0,104158517
-0,311768115;-0,062820822;-0,033840036;-0,031311378;-0,047295747;-0,044697326;-0,060933653;-0,093742502;-0,101074005;-0,090847405;-0,082273017;-0,060730268;-0,08429322;-0,093013856;-0,097092488;-0,049520766;-0,061041498;-0,043421966;-0,047455134;-0,102066284;-0,088154496;-0,053342917;-0,045488713;-0,043481828;-0,067119788;-0,028258618;-0,046743694;-0,101854833;-0,042024055;-0,089007737;-0,034735637;-0,086736726;-0,050853892;-0,032707633;-0,048524902;-0,08259622;-0,052311349;-0,023370834;-0,055538647;-0,050538665;-0,087113922;-0,100012216;-0,034857635;-0,086126465;-0,102235027;-0,090851105;-0,030178054;-0,009470474;-0,052287684;-0,056336983;-0,095366608;-0,009745183;-0,02919824;-0,031226251;-0,041156239;-0,078146192;-0,040407656;-0,101855342;-0,090237107;-0,039084268;-0,040102947;-0,061431762;-0,038614162;-0,047782725;-0,046556548;-0,001158076;-0,036857019;-0,099285847;-0,095324762;-0,018449783;-0,063636213;-0,091185898;-0,088735513;-0,046576549;-0,039898636;-0,081186553;-0,04213121;-0,050636371;-0,06741971;-0,032493587;-0,09202011;-0,101137856;-0,08551379;-0,046424819;-0,100518619;-0,052039561;-0,04258835;-0,040223713;-0,090590359;-0,028394203;-0,062776846;-0,090445036;-0,091154963;-0,088822352;-0,051555229;-0,072553235;-0,045551053;-0,048634499;-0,030103847;-0,05589474;-0,030377915;-0,062306342;-0,056936597;-0,100413936;-0,056072581;-0,042713396;-0,030331232;-0,081863261;-0,054385781;-0,086456538;-0,045817874;-0,050172566;-0,091667574;-0,052154737;-0,043306024;-0,048143636;-0,036295705;-0,038648356;-0,065099808;-0,04508089;-0,044441478;-0,062329156;-0,097294882;-0,05610016;-0,029819336;-0,095658283;-0,0621206;-0,093253387;-0,033764767;-0,090091364;-0,062952278;-0,094195469;-0,09628566;-0,097119424;-0,055653728;-0,047729649;-0,043762671;-0,096912518;-0,036404881;-0,037809203;-0,080443017;-0,043704331;-0,086044211;-0,093931065;-0,038056333;-0,052874678;-0,050960143;-0,092972319;-0,051152046;-0,017958041;-0,03294966;-0,075917478;-0,05306353;-0,096415943;-0,049635659;-0,088477871;-0,09556388;-0,07672959;-0,085549286;-0,098690107;-0,088358572;-0,099952933;-0,096355975;-0,032607172;-0,051159536;-0,04659101;-0,037619838;-0,050292356;-0,089751334;-0,101697982;-0,057758178;-0,058138808;-0,09713273;-0,100863508;-0,089814807;-0,046998526;-0,038131261;-0,059336054;-0,093686104;-0,039635091;-0,046757208;-0,047717531;-0,058591693;-0,069356934;-0,037263246;-0,089061389;-0,066853764;-0,082624845;-0,045892771;-0,045919178;-0,054549457;-0,097568703;-0,032726008;-0,057876435;-0,094635776;-0,043360985;-0,040555305;-0,100051809;-0,098897886;-0,078978259;-0,074607567;-0,097653377;-0,094805428;-0,039648678;-0,029613821;-0,101147717;-0,094864378;-0,046749724;-0,087483665;-0,048452408;-0,053560914;-0,10088126;-0,101210683;-0,088323496;-0,091815585;-0,001729328;-0,03212579;-0,040427569;-0,051921699;-0,101768786;-0,094006323;-0,088677581;-0,02961033;-0,09022433;-0,051055212;-0,060905725;-0,071598874;-0,040595527;-0,054772325;-0,094892107;-0,098106172;-0,092193135;-0,093044788;-0,097031127;-0,085461357
-0,253757311;-0,040310989;-0,014817194;-0,018526502;0,81820293;-0,033464098;0,555514867;-0,057001094;-0,065739415;-0,060162853;-0,058959744;-0,04717018;-0,054652492;-0,048091504;-0,062340824;-0,037059506;-0,646921713;-0,281503375;-0,033296907;-0,064920464;-0,053894739;0,109578241;0,196025766;-0,012779903;-0,041888495;-0,022745557;-0,119570052;-0,061751843;0,000457261;-0,060663783;-0,909704043;-0,194094098;-0,16375581;-0,77427153;0,564442822;-0,052820532;0,424523555;-0,008178876;-1,828905068;-1,435499043;-0,067015967;-0,061151662;-1,065785679;-0,06708563;-0,063555606;-0,064399968;-0,37517619;-0,001003735;-0,261654102;-0,27048566;-0,05223034;-0,003432467;0,93446247;-1,461855613;0,603415996;0,156819457;0,299766253;-0,057826419;-0,054884061;0,172625391;0,1461106;0,699187908;-0,588494821;-0,033331735;-0,030041645;-0,014522573;0,019061061;-0,053446153;-0,052301435;-0,012886272;-0,039470888;-0,054407843;-0,055654981;-0,003633353;-0,018745431;-0,112935644;-0,030798196;1,37101286;-0,404219966;1,356111232;-0,056868617;-0,058499332;-0,06398822;-1,13243987;-0,060698354;-0,949350971;-1,20206171;-1,504467135;-0,066437573;-0,517144194;0,299457986;-0,066295871;-0,057582754;-0,051283306;-0,05980903;-0,049442401;-1,861690363;0,596316619;-0,015187878;-0,432512196;-0,660263832;-0,044101434;-0,065932667;-0,056500177;0,275488999;-0,212922335;0,256884292;-0,061898426;-2,028759018;-0,052676063;0,107026782;-0,954251714;-0,063838089;0,971975082;0,275476393;-0,544106753;1,294167748;-1,200314768;0,184156308;-0,07569378;-0,221754842;0,075588489;-0,063711502;0,693496479;-0,025773805;-0,055154798;0,111334362;-0,052965421;0,848955838;-0,054833983;-0,041822427;-0,044380334;-0,057303921;-0,060794619;-0,11673406;-0,326557723;-0,146021234;-0,057267408;0,064111334;-1,746087602;-0,043359952;0,015464468;-0,067609003;-0,057438577;-0,044324629;-0,00079634;-0,340075133;-0,058175363;0,346145634;-0,008777987;0,213576634;0,379559534;-1,575383395;-0,067670866;0,006318339;-0,064306095;-0,066032835;0,344917312;-0,060243495;-0,053557708;-0,054227818;-0,061989341;-0,065972835;1,582725294;0,710159352;-0,699592121;-1,067324027;-0,020750233;-0,054871484;-0,067660902;0,147663598;-0,169557512;-0,067084798;-0,049829421;-0,052993935;-0,033038226;2,352405643;-0,019825101;-0,051833548;-0,068164772;-0,003040301;-1,866664718;0,250221647;0,019249654;-0,014396527;-0,064052808;-0,799677206;-0,063093976;-0,02032752;-1,098675193;0,473422611;-0,062539126;-1,384754638;-0,144552959;-0,061710617;-0,022503756;-0,02082569;-0,055869736;-0,059583478;-0,051897319;-0,174907317;-0,056857439;-0,066212698;1,696663863;-0,007516271;-0,057745052;-0,058392117;-0,018168126;-0,050078325;-2,242683522;0,182169926;-0,06594731;-0,057712323;-0,057459741;-0,056675454;0,001261306;0,488171216;-0,029033339;-0,710429978;-0,065031981;-0,05744333;-0,063536384;1,077953119;-0,055639547;1,931710091;-0,692662339;-0,038176971;-0,002655388;-0,300554692;-0,065700951;-0,05375137;-0,05750342;-0,06349921;-0,057045711;-0,060686527
-0,399865318;-0,050772993;-0,043358479;-0,026449498;-0,653172372;0,047214925;0,71883179;-0,074643822;-0,065770977;-0,072038147;-0,078969072;-0,065686679;-0,06448352;-0,069498722;-0,070584325;-0,040778217;-0,695900107;-0,642104422;-0,112753966;-0,06581101;-0,067691155;-0,637028085;0,086603257;-0,047915136;-0,051968065;-0,023416932;-1,609118321;-0,069852563;-0,019873898;-0,071343073;-0,251872385;-0,139056786;0,278648365;0,64869821;1,311813968;-0,07056187;-1,476184614;-0,040038585;0,158202217;0,516039308;-0,078829932;-0,073726212;-0,711708259;-0,06609167;-0,065134906;-0,069998229;-0,225348707;-0,019733762;-0,321137428;0,216919832;-0,075025523;-0,002649845;0,445745653;0,138225967;0,387043324;0,38457696;-0,818120566;-0,066342023;-0,070045913;-0,723308218;0,254549795;0,935748419;-0,518044159;-0,030918326;-0,05525194;-0,005354333;1,493420442;-0,068981234;-0,079591822;-0,026573843;-0,043812638;-0,073882512;-0,074599051;-0,068865689;-0,574788949;0,616236261;0,039289397;0,159956588;-0,35218561;-1,138706142;-0,07993708;-0,069742305;-0,078733358;-1,39202193;-0,071983629;0,804450105;0,104046142;1,374860977;-0,076469794;-0,63744121;0,100611777;-0,074677481;-0,068041683;-0,072564806;-0,034243739;-0,068631578;-1,200919166;0,435989123;-0,595424402;-0,887062641;-0,439440238;-0,047013216;0,652660627;-0,072492617;0,825970852;0,045549439;-0,88258767;-0,063765361;-0,705119137;-0,072840919;0,567028053;0,261159964;-0,072742233;-1,016698904;1,060163641;-0,603636309;-1,634006806;-1,065039412;0,537631131;-0,079465145;-0,832882311;-1,513714402;-0,079158894;-0,534481911;-0,036662164;-0,069567397;0,547429715;-0,072901422;-0,560363085;-0,074980078;-0,050256168;-0,072880801;-0,065530705;-0,071524494;0,152755616;0,234518988;-1,21160039;-0,080629302;-0,647966866;0,688703721;-0,090358809;-0,210262238;-0,071213629;-0,067954475;0,154262637;-0,006226691;-1,093359114;-0,065613267;0,256402488;-0,019258309;-0,379273223;-0,349054124;-1,037548919;-0,075671599;0,331446089;-0,067910946;-0,068860739;0,417502216;-0,078497903;-0,076998858;-0,070904987;-0,066887969;-0,064851147;-1,751996625;0,596732896;0,266770561;0,679021867;-0,046685574;-0,071546449;-0,076041725;-0,115494623;-0,534734851;-0,064334191;-0,075944741;-0,078055785;-0,017126235;-0,071328999;0,167039016;-0,077516533;-0,069366504;0,016857628;0,193591571;0,685134751;0,435159264;-0,629306057;-0,073473271;0,376630817;-0,069180023;-0,031515198;-0,436422189;0,611676009;-0,071799608;-0,545001875;0,62613443;-0,072062167;0,543380608;-0,017263388;-0,066620335;-0,078493036;-0,063899658;-0,121575158;-0,06565052;-0,074599587;0,804896765;-0,039291825;-0,065436705;-0,079434754;-0,114468168;-0,066242918;-0,844648438;1,100120743;-0,067748784;-0,072076864;-0,082508213;-0,061564625;-0,006366353;1,249255883;-0,024658729;-0,455771854;-0,069790579;-0,080736588;-0,064519921;-1,948607737;-0,071247845;0,550829749;-0,564177017;-0,023515882;-0,068343133;-0,750698417;-0,069219696;-0,068947873;-0,07122541;-0,067770889;-0,068858246;-0,066038743
-0,169720972;-0,050355665;-0,011886113;-0,012862074;-1,78970617;-0,025518396;-0,142732456;-0,067151653;-0,058013964;-0,070133739;-0,066444572;-0,048745247;-0,058194916;-0,063916745;-0,067862553;-0,009361497;0,345888986;0,144912322;-0,255856304;-0,070884745;-0,062196712;0,259678509;0,172426419;-0,007197354;-0,016835346;-0,023343684;0,688011251;-0,061471758;0,095711812;-0,056082747;0,796777475;0,170294368;0,063255497;-0,666673498;-0,620125129;-0,068537462;0,2393936;-0,032403133;-0,711186172;-0,507350638;-0,061989381;-0,070397648;-0,671376209;-0,058414078;-0,067681178;-0,06340545;-0,239592863;-0,010509913;-0,180027898;-0,755518969;-0,065366394;0,006295797;-0,605544691;-1,335022305;1,008597972;-0,374134956;-1,240548477;-0,059477502;-0,066793542;0,22075812;0,057223053;-1,060674858;-0,653370588;0,005901146;-0,019425247;0,00324746;-0,226152048;-0,058867998;-0,054357574;-0,027841913;-0,053503419;-0,061982968;-0,053054366;-0,05947671;-0,490766007;0,092612055;-0,243325595;-0,767215201;0,957965848;-0,58547191;-0,053904504;-0,05981601;-0,054285221;-0,045725745;-0,07006745;0,732646246;-0,388541084;0,76143317;-0,058733049;-0,273065641;0,380225374;-0,071245529;-0,069030897;-0,060883804;-0,081015434;-0,03856014;-1,882061055;0,192476052;-1,003940343;-0,677766817;2,314152388;-0,046763495;-0,998129977;-0,056687615;-0,8677748;-0,417937586;0,285714439;-0,067499231;-0,375370519;-0,063308141;0,350010401;-1,216224864;-0,068824043;-0,272040267;1,155882049;-1,285820941;-0,391680487;-1,09839496;0,327329186;0,0490513;1,069435698;-1,422336332;-0,067915829;0,524897708;-0,021777423;-0,057767134;0,207418634;-0,063964822;-0,507940012;-0,067588899;-0,045409655;-0,075133857;-0,070102211;-0,053702472;0,095770473;0,852050807;-0,616902236;-0,068963929;0,79030275;0,327985796;-0,016762093;0,201373817;-0,05811861;-0,071075946;-0,109577928;0,007639495;-0,630921052;-0,055883743;-0,056873061;-0,00369081;0,722567891;0,223435089;-0,700155684;-0,062693127;-1,34361273;-0,070997296;-0,058139968;0,256681732;-0,057933552;-0,06957385;-0,059401877;-0,064343202;-0,062407031;-0,35736918;0,68751155;0,308641618;-0,228398231;-0,067425746;-0,054013795;-0,056879697;-0,665959182;-0,12098927;-0,071653033;-0,066234364;-0,056751631;-0,02048588;-1,069213711;0,277666943;-0,064211398;0,018904886;-0,016862927;-0,774142684;-0,879768704;-0,507453357;-0,354431341;-0,06050135;-0,150723946;-0,065705619;-0,005109369;0,486676589;0,801525291;-0,068401731;-0,175023031;0,893672708;-0,059167187;-0,592298244;-0,034858237;-0,064274752;-0,05982017;-0,044191324;-0,137217906;-0,062063936;-0,062074003;-0,86111612;-0,008497161;-0,061288576;-0,065655783;-0,077072613;-0,060755593;1,044736536;1,067509614;-0,054859787;-0,070230556;-0,061611438;-0,060908055;-0,006067638;-0,657109748;-0,019239341;-0,320592118;-0,054246095;-0,07058105;-0,056077308;1,00265566;-0,054611337;-1,536178283;0,357600372;-0,103606073;-0,030111341;-0,121637607;-0,059365926;-0,059915688;-0,055180119;-0,065964058;-0,057150129;-0,060025081
-0,351691678;-0,061929272;-0,037764501;-0,028818805;1,093084352;-0,019506159;0,496537668;-0,084426861;-0,097949316;-0,092136707;-0,078843612;-0,06844649;-0,088496319;-0,077549792;-0,086756447;-0,042792166;0,486597619;-0,538952339;-0,017495921;-0,092125832;-0,088992356;-0,311173575;-0,52534278;-0,019949746;-0,046179573;-0,028602799;0,429814568;-0,088074226;-0,212826634;-0,087566246;-1,787232128;0,060661201;-0,834682782;-0,907451539;-1,309093577;-0,079040075;0,838838299;-0,005997038;-1,402850058;-1,14488139;-0,100242692;-0,083139633;0,154484046;-0,098314899;-0,094029146;-0,090584719;0,149844843;-0,002201966;-0,039280877;0,391115153;-0,085855435;-0,024350298;-1,295601465;-0,252414301;0,831125165;-0,866273521;0,308949242;-0,083116344;-0,095740511;0,034728466;-0,14628941;0,446137508;1,151659522;-0,026472176;-0,051633741;-0,006022522;-1,016876995;-0,086434882;-0,088454617;-0,022662014;-0,060607577;-0,093265942;-0,09632212;-0,020585827;-0,61465306;0,127086606;-0,065807427;0,064712524;0,219386965;1,500995612;-0,087923872;-0,084770503;-0,090287356;-1,015442083;-0,098314079;0,495064626;-0,763994752;0,971684747;-0,089161048;0,007962665;0,064397419;-0,095579399;-0,092184103;-0,094531701;1,546419035;-0,058860501;2,051297458;-0,221790645;0,041426094;0,920272455;-0,855741889;-0,067408233;-0,159732028;-0,097140665;-0,850779536;-0,108878724;-0,00017988;-0,082647276;-0,856370932;-0,091193173;-0,150316552;-0,915053623;-0,094479477;-1,199028176;-0,477402725;0,277894069;0,743598224;-0,796111025;-0,131862261;0,062102906;-0,123290014;-0,202744431;-0,094278031;-0,753306095;-0,018341925;-0,079519192;0,582146274;-0,09289843;-0,391081152;-0,097386004;-0,07219653;-0,070141189;-0,080185143;-0,094423844;-0,079342483;0,053760627;0,123353451;-0,087457907;-0,160794239;1,574424536;0,289817654;-0,067677569;-0,087506734;-0,087882134;-0,221352926;-0,082194033;1,086414626;-0,093249727;0,555451668;-0,020315335;0,287077717;0,655521216;-0,303998829;-0,083763629;0,067819021;-0,088567953;-0,09886364;0,435405534;-0,092717753;-0,094700669;-0,086498944;-0,088273326;-0,085177744;-0,235341123;-0,551591852;0,975850507;-0,768363376;-0,077344171;-0,087012608;-0,099366721;-0,047037234;-0,109471223;-0,096808149;-0,085482426;-0,087550535;-0,035112765;1,432121699;-0,543235939;-0,093806351;-0,050054692;-0,105959163;-1,144393521;-0,963010775;-0,271136557;1,011914321;-0,094516998;0,397109589;-0,090847918;-0,045476824;-0,944305444;0,723815939;-0,082621014;-0,058640523;-0,449390337;-0,09448291;-0,647837587;-0,034639102;-0,089331752;-0,083905142;-0,077618016;-0,197263089;-0,084035361;-0,08755758;-0,199983337;-0,015711323;-0,095306002;-0,084768453;-0,002568394;-0,089802967;1,386157628;-0,005051649;-0,091222678;-0,095927974;-0,08375207;-0,094868532;-0,006154444;0,057019377;-0,017245817;1,197614704;-0,095677981;-0,0845069;-0,09767914;-1,777133146;-0,085071572;-1,799233132;-0,664429373;-0,022562617;-0,047143891;-0,265863437;-0,08965484;-0,097176796;-0,08306403;-0,083294326;-0,098373596;-0,089833057
-0,438504096;-0,057929042;-0,034424961;-0,022476327;-0,042280587;-0,033572572;-0,065475654;-0,086554848;-0,095433568;-0,09972185;-0,086420931;-0,062409621;-0,095944064;-0,093126573;-0,095598431;-0,057914659;-0,06000307;-0,056784423;-0,050182712;-0,089269388;-0,096699588;-0,054962466;-0,052015112;-0,03977741;-0,057773842;-0,041730087;-0,051631532;-0,094071333;-0,044397035;-0,092574793;-0,035584996;-0,080447203;-0,042637253;-0,045415945;-0,046751328;-0,08775471;-0,053353386;-0,020024139;-0,051393047;-0,0454391;-0,094823646;-0,088337059;-0,04144131;-0,087471064;-0,100625604;-0,097174449;-0,031061699;-0,012430559;-0,044640296;-0,071383342;-0,096115825;-0,019614392;-0,040173855;-0,035752588;-0,031535245;-0,063164547;-0,051359764;-0,093227101;-0,09839283;-0,041817892;-0,030101076;-0,054369509;-0,036662436;-0,050850094;-0,054256831;-0,015796096;-0,041534892;-0,10067135;-0,086444487;-0,019215544;-0,058419595;-0,084656119;-0,090596724;-0,044059469;-0,033011812;-0,074695655;-0,039440106;-0,053562071;-0,068991789;-0,028177096;-0,094127815;-0,087156734;-0,095099568;-0,044790773;-0,093711373;-0,052683773;-0,032890604;-0,025561807;-0,097415872;-0,033016746;-0,053701692;-0,100320502;-0,085286105;-0,084583905;-0,051848536;-0,08415599;-0,044762797;-0,056558513;-0,027488667;-0,048965813;-0,037106163;-0,0580971;-0,061103476;-0,084099992;-0,059889623;-0,047210627;-0,029280265;-0,084932893;-0,054081077;-0,092858708;-0,04042819;-0,046414839;-0,089802058;-0,056309664;-0,044766931;-0,035010766;-0,032758179;-0,043820495;-0,077902332;-0,038800855;-0,045353654;-0,059984758;-0,089901407;-0,057253539;-0,025746713;-0,087351253;-0,047973487;-0,096802336;-0,033753579;-0,086874394;-0,067290458;-0,095264795;-0,095088445;-0,091580487;-0,042651975;-0,047737818;-0,035479114;-0,100156642;-0,049119177;-0,035677521;-0,078973935;-0,052571596;-0,093243559;-0,100319512;-0,038595208;-0,0382918;-0,051790353;-0,098176523;-0,051230564;-0,025540566;-0,044334871;-0,074184092;-0,048421444;-0,097325446;-0,04666233;-0,089142232;-0,09203552;-0,066996404;-0,098180376;-0,088226289;-0,093032499;-0,095352231;-0,086678308;-0,034226821;-0,04991993;-0,047135787;-0,049616376;-0,061819326;-0,084693397;-0,096060057;-0,042802097;-0,059249458;-0,098554747;-0,094574602;-0,087012112;-0,056964715;-0,030968285;-0,058409413;-0,091792672;-0,049837251;-0,03633859;-0,05524267;-0,043264987;-0,072276546;-0,039983419;-0,096698616;-0,059870844;-0,083897456;-0,038794484;-0,033393911;-0,062730695;-0,097957786;-0,039721068;-0,055348898;-0,085369598;-0,054484591;-0,042440106;-0,089074082;-0,098813235;-0,078434838;-0,065103298;-0,088566136;-0,088246552;-0,040804708;-0,025374232;-0,087679941;-0,101279497;-0,051005324;-0,09034631;-0,035646476;-0,044921904;-0,089510354;-0,092331125;-0,089807179;-0,096359447;0,000954999;-0,030397604;-0,040251764;-0,053247727;-0,09902032;-0,089738503;-0,083367625;-0,041212643;-0,093318551;-0,062367185;-0,066253644;-0,058488656;-0,044537519;-0,05821858;-0,100768318;-0,094526711;-0,085154746;-0,089034669;-0,096539163;-0,08542779
-0,40715395;-0,100781724;-0,039475928;-0,035154274;0,135513577;-0,077184165;0,159800549;-0,136053032;-0,135763552;-0,121554253;-0,121219592;-0,09087321;-0,122544209;-0,130829622;-0,12828247;-0,054852354;0,52099598;0,945204938;-0,114900185;-0,131645592;-0,122548355;0,230422851;-0,356509575;-0,056705968;-0,095687755;-0,041723396;0,914967627;-0,12515701;0,001518381;-0,136115016;0,894531292;-0,241101935;0,382670521;0,412022272;1,022973641;-0,111459421;1,038152952;-0,059862696;-0,519400068;-0,976327188;-0,130278027;-0,123339166;0,347844603;-0,122674643;-0,126262046;-0,123207527;0,194302811;0,004945666;0,014108356;-0,17113913;-0,126999489;-0,016816605;-0,044059604;-0,943060115;-0,316845796;-0,388948033;-0,783986943;-0,131269015;-0,130615627;0,203879233;-0,230786697;-0,395905763;0,656996727;-0,059908494;-0,088092582;-0,003756943;-1,095180008;-0,130285913;-0,129167099;-0,048315501;-0,082642598;-0,136250121;-0,125986345;-0,079602627;1,274219931;0,287789989;0,077910067;0,217629399;0,224043451;0,091307371;-0,119913531;-0,12481636;-0,122631842;-0,614896429;-0,128716787;-0,961206471;0,925772329;-0,040060451;-0,130032943;1,079928876;-0,265301552;-0,118156759;-0,134179309;-0,123318531;-0,519355784;-0,127101394;0,306845672;-1,216257379;0,602325413;-0,701296758;1,258448156;-0,088635148;0,493539522;-0,123742899;0,336339404;0,02286352;-0,224082151;-0,132401403;0,186661391;-0,132887852;0,613449168;-0,729749095;-0,12604094;0,542038774;1,248541022;-0,597847518;-0,090272839;0,207915368;-0,013283879;-0,075515277;0,418080877;0,426463877;-0,121765076;-1,071344463;-0,042785028;-0,117321993;0,084938841;-0,128822568;0,876026595;-0,121251962;-0,093020433;-0,129866012;-0,122363438;-0,124924385;0,000632163;-0,048030429;-0,050303202;-0,135568928;1,042845365;-0,866719397;-0,732276509;-0,068723856;-0,135015328;-0,129688173;0,088499348;0,003420031;0,203289128;-0,135506427;-0,163966903;-0,0081974;-0,721269986;-0,228912829;-0,092086102;-0,133209643;0,083694841;-0,125909727;-0,120580777;-0,034721087;-0,122962173;-0,134136318;-0,127153145;-0,130653665;-0,114762821;-0,793188826;0,792759598;1,548285615;-0,477157711;-0,087983762;-0,127719476;-0,129990324;-0,426213145;-0,065648838;-0,132454586;-0,121041601;-0,13062;-0,090720607;0,09148426;-1,560783935;-0,126704252;-0,014515537;-0,022720028;-0,524733201;0,340765659;0,376080845;0,622250097;-0,131272183;-0,2943949;-0,119669842;-0,046458545;-0,808488096;-0,481660723;-0,132363521;0,636045031;0,440756595;-0,132317383;-1,120094028;-0,069324237;-0,13161366;-0,131878172;-0,099604521;0,065584208;-0,13396254;-0,12505667;-0,236082983;-0,039308166;-0,122121532;-0,120531081;-0,180088097;-0,134301373;1,029958666;-0,51857953;-0,126645064;-0,131910643;-0,124486057;-0,119319706;-0,00335721;-1,283605367;-0,064886065;-0,459082997;-0,125600355;-0,127416084;-0,124345173;-1,000632062;-0,118562606;-0,759304446;0,223332112;-0,149643544;-0,007907105;0,289561375;-0,127465308;-0,134899333;-0,128418397;-0,130891162;-0,126792574;-0,127707133
