-0,268577275;0,485964169;-0,105325608;-0,057604948;-0,092246135;-0,054698158;-0,096937411;-1,286877033;-0,536309645;-0,144833287;-1,191487201;-0,042907568;1,656545297;-0,041893219;-0,118328923;1,94132043;-1,278633552;0,65044585;-0,533703906;1,460729492;-0,069156161;-0,065376359;-0,128414563;-0,786818367;-0,064401763;-0,125288879;-0,068724566;-0,088734895;1,217684834;-0,131804766;-0,05818264;-0,126423477;-0,011539072;0,725116064;-1,310209293;-0,086926167;-0,074701689;-0,100571407;-0,069745355;1,126332864;0,347459946;-0,059606659;-0,067876801;-0,027043506;-0,095141595;-0,101009539;-0,082530595;1,579364789;-0,043778026;1,616188579;-0,118870043;-0,082601167;-0,064365651;-0,06211059;-0,065841779;-0,130844097;-0,096224791;0,027041191;0,022667734;-0,141091579;-0,044718559;-0,017548356;0,028427386;-0,126508716;0,040987424;0,562929457;-0,031875589;-0,075576034;-0,53042861;-0,056923066;0,728668899;-0,038165891;-0,091473494;-0,008533927;0,047004667;-0,070869488;-0,10419822;-0,141587757;-0,104773238;-0,07673109;-0,787769676;1,016697621;-0,050456496;0,010994751;-0,070343853;0,968464769;0,317310161;-0,128901214;-1,270706434;-1,639200925;-0,066152986;0,200766358;-0,117223205;-0,094633561;-0,291642535;-1,336394156;-0,020090998;-0,60854373;-0,028490572;-0,065713271;-0,009908585;-0,085332412;-0,062210962;0,167451969;-0,125393043;-0,150245716;-0,121614191;-0,027045774;-0,146586733;1,025036895;0,032940073;-1,071544463;0,038921205;-0,109312846;0,305738001;-0,048313307;-0,487620441;-0,140775513;-0,57657801;-0,098690219;-0,064414942;-0,039406165;-0,315375793;-0,0748338;-0,079512191;1,249950685;-0,622016241;-0,092161031;6,61E-05;-0,046348851;-0,10292433;-0,140312727;-0,665417153;-0,045808618;-0,154541513;-0,10366306;-0,067374552;-0,084295949;-0,081892066;-0,060071432;-0,032944966;-0,076771277;-0,229700862;-0,069693997;-0,147375959;-0,050081447;-0,090335117;-1,011980542;-0,018669812;-0,051188796;-0,105482985;-0,045715571;-0,918106448;-0,119532215;-0,057407583;-0,10660581;0,040481679;-0,369815617;0,247424621;-0,048690721;-0,063125345;-0,031369817;-0,123388935;-0,136735637;-0,116615265;-0,025433113;-0,088315727;0,305208573;-0,112837952;-0,242931322;-0,084062946;-0,09217383;-0,004940212;0,874448922;-0,108256681;-0,764226106;-0,121024924;-0,124958511;0,70370171;-0,152316937;-0,115266976;0,678638504;-0,599567388;-0,047554739;-0,112156942;-0,944648798;-0,035510477;1,015984817;-0,303707204;-0,135947759;-0,140119826;-0,040296165;-0,125381742;-0,038923118;-0,059254079;-0,096009319;-0,651502188;-0,075768964;-0,110440331;-2,246812557;-0,032278618;-0,062083388;-0,081901401;-1,254815657;0,051658257;-0,049527816;-0,077927743;0,126838306;-0,052893511;0,144390116;-0,038525732;-0,013757435;0,952764697;-0,037805387;0,051130941;0,002694943;-0,053519906;-0,020385333;-0,039488198;-0,056099826;-0,078685446;-1,292726163;1,000540419;-0,018138155;1,328129126;0,160306803;-0,100601673;0,878957933;-0,33985352;-0,040183035;-0,063470558;-0,137524582;-0,151516441;0,072969287;-0,08261467;-0,805467917;-0,109805919;-0,091467469;-0,032188358;-0,101767137;-0,080486652;-0,089157177;-0,592583228;0,053501742;-0,094765127;-0,043657708;-0,069019505;0,482518869;-0,104380983;-0,068820112;-0,10372509;-0,094167096;-0,144982968;-0,060376087;-0,118794616;-0,086993207;-0,106716928;-0,095492004;-0,086548353;-0,082613831;-1,016494929;-0,157128728;-1,23076547;-0,491858889;-0,113464251;-0,105035064;-0,07344533;2,068368145;-0,077146412;-0,120648041;-0,014847687;-0,138136547;0,948175829;-0,045472623;0,603862322
-0,069742269;0,498756976;-0,093829201;-0,058317962;0,009660868;-0,071918287;0,027965223;0,731735426;-0,010524757;-0,007139849;0,900659864;-0,028189592;-0,621675178;0,003546456;0,007653274;-0,591283867;1,102786581;0,095052234;-0,724490711;-1,566795374;-0,011260924;-0,016896945;-0,046385947;0,00692874;0,021645503;-0,018157699;-0,061593739;-0,014417029;-1,177143228;-0,043491377;-0,042379097;0,00496643;-0,02767018;-0,134056975;-2,393763451;0,00677384;-0,094600477;-0,06792299;-0,013344301;-1,910151365;-1,172711033;-0,073043609;0,016602973;0,009542151;-0,076933435;0,002082547;-0,085492802;-1,722154677;-0,069258673;0,153264725;-0,177011676;-0,004928536;0,004630734;-0,097107831;-0,005693622;-0,097625238;-0,076412655;0,045436385;-0,079359327;0,005688196;-0,077532301;0,010414714;-0,108508926;0,011558527;-0,116513746;0,082760541;-0,059058652;-0,080293574;-0,798669929;-0,052414497;-1,307140546;-0,017292991;0,020738287;0,044285997;0,048602597;-0,075002684;0,026292002;-0,149876926;-0,023660122;-0,009194409;1,650983482;-0,591342833;0,02109192;0,022982144;0,02074954;-1,04277724;1,261360882;-0,010465844;0,029557437;-1,468714467;-0,016387144;-0,379657194;-0,027521051;-0,015434826;2,390566369;-1,72509871;-0,008339434;0,471405944;0,031083258;-0,063899272;-0,047312328;-0,053062411;-0,052020687;-0,132161952;-0,057971726;-0,085289015;-0,065867211;-0,002067454;-0,018222802;-2,177278084;0,016438014;0,730450953;-0,013357732;-0,048462005;-1,458429403;-0,020100895;-0,62809637;-0,101207667;-0,187131244;-0,033694991;-0,088238661;0,026297566;-1,607496268;0,015370173;-0,074194211;-0,336115519;-1,615601274;0,000778598;0,048697735;-0,010318293;-0,024081338;-0,031905354;1,12920572;-0,021251663;-0,028958547;-0,018836439;0,085929775;0,04485788;0,004820644;-0,064804376;-0,030863309;-0,019364172;-1,504873255;-0,015895539;-0,005476904;-0,08248342;0,052328101;1,717791363;-0,012281241;-0,065183136;-0,029260189;0,011653495;-0,192088011;-0,056803839;-0,025491485;-0,046892712;0,018276901;1,774803764;-1,629550331;-0,053855923;-0,044796459;-0,040164327;-0,001954162;-0,026230375;0,025492704;-0,034208186;-0,066802631;-0,122983178;-0,002957015;-0,910685386;-0,074978931;-0,009190898;-0,055963621;0,820665868;-0,065533283;0,972883857;-0,013700428;0,016092555;-0,875292621;-0,027699819;-0,056138246;1,377821155;-3,62977939;-0,010038293;-0,01071611;-1,685270508;0,110843038;1,270266776;0,062351282;-0,082776723;-0,057399713;-0,062274561;-0,079527997;0,04277996;0,025803789;-1,96938939;-0,677209309;0,014378313;0,033001006;-1,079160394;-0,007975651;-0,005490889;0,012538016;0,85165995;0,020903996;-0,050121912;0,061604682;0,879507064;-0,007780997;0,375332515;0,035185709;-0,0267738;2,008008278;0,008264999;-0,045123569;-0,014427294;-0,00774568;-0,092695668;-0,042677554;-0,007526528;-0,003042229;1,354074073;1,233034118;0,006133775;1,004019857;-0,013064637;-0,06355485;0,198992454;1,174043671;0,029855431;-0,077970783;-0,016931474;-0,054494852;-0,034912868;-0,094322286;1,070212275;-0,04539483;-0,10429462;0,039854103;-0,057698628;-0,019625524;-0,094160802;1,132537623;0,018547468;0,173778626;0,006787214;-0,026866946;0,633065724;-0,046934752;-0,108729197;-0,003159345;0,004646342;-0,072517758;-0,020415358;0,004981745;0,039166999;0,007210464;0,0290234;-0,041386788;0,152602439;0,122063915;0,000911914;-1,822802861;-0,244601199;-0,064112788;-0,052579116;-0,00299492;-0,345803722;-0,022372147;-0,096834082;0,019672368;-0,000543533;-0,700642852;-0,007407091;-0,032611099
-0,170255848;1,341530526;-0,123730167;-0,059073005;-0,113580661;-0,068852556;0,001513358;-0,689339712;1,282697867;-0,038531426;0,369929502;1,830972349;0,784961239;-0,016368407;-0,038884864;-0,784709046;-1,925927921;0,505899548;1,128219719;-1,632275318;-0,121552306;-0,119235247;-0,04604796;-0,030793659;0,016893628;-0,027247971;-0,003132673;-0,028115775;0,507285273;-0,093046671;-0,074445313;-0,019815753;-0,016188578;-0,354248834;-1,277446859;-0,061586593;-0,085971828;-0,053522144;-0,11537844;-0,420728345;0,511979083;-0,069922481;0,019133026;-0,08076974;-0,085994045;-0,095015273;0,012006667;1,07519399;-0,109877108;-0,865740712;-0,513901924;-0,063877751;-0,023605612;-0,092876992;-0,040297887;-0,080063841;-0,041430036;-0,01914536;0,007364437;-0,08566875;-0,065830553;-0,049682048;-0,092076595;-0,082254566;0,066946056;-0,200358293;-0,035687311;-0,026268166;1,536520358;-0,091191358;0,602998188;0,034720911;-0,039614412;-0,05904377;-0,004394325;-0,038065875;-0,080016865;-0,18659436;-0,086045913;-0,122521513;-0,858564104;0,3566909;-0,061721284;0,048761064;-0,048626376;0,785761247;-0,058215442;-0,030297625;-1,707006764;-1,907602286;0,002572907;0,521205172;-0,092807486;-0,107656884;-1,059883463;-0,622358967;-0,032684827;0,368413357;-0,090109324;-0,099644942;-0,045047583;-0,08781247;-0,05202473;0,023257744;-0,093529425;-0,082802725;-0,05014823;-0,038694314;-0,043372357;-0,412264453;0,042688035;1,070798565;0,029317917;-0,083764606;1,457937424;-0,113058648;-0,867341698;-0,119322509;-0,922165137;-0,083062133;-0,112454581;-0,075318839;-0,504012761;-0,061552639;-0,03615127;-0,273228998;-0,58968757;-0,036577427;-0,025268879;-0,087263601;-0,089938672;-0,081170566;-0,070236354;-0,083118542;-0,089811647;0,016032284;0,051760568;-0,077613628;-0,024434611;-0,077671359;0,040657218;-0,040015878;-0,161655567;-0,094114702;-0,063882654;-0,041275434;0,292337546;-1,056282483;0,00342138;-0,027488131;-0,074056072;0,00733564;0,248697198;-0,030814947;-0,029870654;-0,075954;0,005722777;-0,364564525;1,007523343;-0,010068163;-0,091152748;0,023877172;-0,043695732;-0,062079924;-0,044551764;-0,06369777;-0,048037564;-0,24227347;-0,012180378;1,432150749;-0,067767769;-0,027281699;-0,070287408;-2,883038141;-0,052201097;0,578259673;-0,040453638;-0,0316686;-1,360643339;-0,104379843;-0,092239894;-0,392840317;-0,261542341;-0,045329254;-0,010210566;-1,504847611;-0,147027581;-0,903657415;0,215965418;0,407650511;-0,014283935;0,009745872;-0,067192463;-0,034480307;0,011542394;0,606158951;0,31264205;-0,052556766;-0,011998481;0,642748197;-8,03E-05;-0,103794428;-0,058986462;0,172000935;0,013325646;-0,0371885;0,025481908;-0,795207258;-0,054796088;0,487576446;0,032434162;-0,066580159;1,610924192;0,018367453;0,020589366;-0,081007575;-0,069444059;-0,080227538;-0,063948094;-0,067460359;-0,085985206;1,123128523;-0,242794634;0,042310058;0,261361291;-1,122338938;-0,118116265;-1,007099419;0,681494032;0,012045661;-0,126103449;-0,075382145;-0,035520646;-0,040744239;-0,067311359;-0,951915058;-0,048717934;-0,063098798;0,023333636;-0,035628018;-0,096886428;-0,054540681;-0,684999027;0,024282831;0,366417312;-0,05069758;-0,081706653;-0,832813086;-0,01498054;-0,063482299;-0,012564254;-0,029378644;-0,039839454;-0,036325098;-0,071756844;-0,069523555;-0,038519243;-0,044994623;-0,102179897;0,029213124;0,049155024;-0,074104273;0,259259174;0,036849034;-0,040616366;-0,060312453;-0,045253365;0,116523799;-0,047278314;-0,04607136;0,009485119;-0,03237045;0,306270652;-0,059621863;-0,289014974
-0,283638713;0,520255884;-0,06700748;-0,119665281;-0,054689306;-0,045363154;-0,06685198;-0,019461666;0,831382014;-0,060663571;0,286572955;-0,091550319;-1,148706807;-0,117347421;-0,062992892;0,794710311;1,044203793;0,807985304;-1,453948144;-1,88023808;-0,137536911;-0,140710801;-0,150341488;-0,708311524;-0,002232675;-0,057753662;-0,098958841;-0,027686405;0,420529435;-0,094165185;-0,045991571;-0,122492106;-0,015899639;-0,423792772;0,11262113;-0,034812333;-0,101126619;-0,12449369;-0,097185814;-0,717619576;-0,489091645;-0,030437599;-0,030883278;-0,048795455;-0,080085623;-0,064425741;-0,138384882;0,389443099;-0,035542786;1,320894751;-0,205597474;-0,08635574;-0,110018899;-0,090733146;-0,066545695;-0,093764308;-0,144383029;-0,000972979;-0,015370654;-0,054974983;-0,080889102;-0,060509733;-0,073789302;-0,107626998;-0,273086695;-0,445330598;-0,078462617;-0,104115156;-1,322483046;-0,080003906;0,128232524;-0,008849259;-0,047898635;-0,076344145;-0,017331806;-0,104164566;-0,082614385;-0,080443226;-0,064296123;-0,060892795;1,675193788;-0,133797645;-0,016130885;-0,012096495;-0,14643374;-0,82486162;-0,309018369;-0,118751965;-2,04256382;0,422912978;-0,099809365;-0,228237764;-0,08606853;-0,101481154;0,289680119;0,878648785;0,001082844;-1,601979798;-0,074957524;-0,056449604;-0,047147413;-0,124124154;-0,064250292;-0,009525496;-0,078632175;-0,041612924;-0,080862969;-0,074117377;-0,119684005;1,046391833;0,015153032;-0,100025088;0,017736314;-0,091976975;-0,739598221;-0,078080947;0,101718236;-0,089078252;0,699445071;-0,099781749;-0,087675397;-0,034184384;-1,675198533;-0,105103553;-0,082063684;1,388617173;-0,754606019;-0,092590916;-0,026507553;-0,019610607;-0,050477475;-0,073856492;0,582643334;-0,081117362;-0,146217841;-0,036068345;0,01728586;-0,067557795;-0,057007968;-0,106614162;0,037377913;-0,095855418;-0,800738507;-0,108426676;-0,040780085;-0,034708249;0,86379043;0,698455759;-0,221685577;-0,030267052;-0,113168544;-0,024935076;-0,188125999;-0,070936798;-0,114458325;-0,089138482;0,009381649;-1,098455581;0,997700511;-0,019465607;-0,09965607;-0,038482961;-0,075083066;-0,090730053;-0,07134285;-0,065975568;-0,087892016;-1,373044789;-0,057129466;0,295663468;-0,110651886;-0,10436085;0,160890531;-0,378650379;-0,083629711;1,594922196;-0,1119078;-0,049630724;1,191215522;-0,113007237;-0,102339756;1,362196662;0,666416484;-0,038618938;-0,074358433;-1,889278055;0,02790525;-2,562969497;-0,266488557;-0,204538946;-0,031843343;-0,046472565;-0,118520879;-0,044885152;-0,048917892;-0,159526421;2,454055753;-0,073977268;-0,077220422;1,239768797;-0,066332396;-0,04761814;-0,12390622;-0,337155817;0,053817395;-0,044018808;-0,057274685;0,598755691;-0,036748856;-0,020985866;0,035417144;-0,008119134;-0,180134424;0,005043019;-0,049725961;-0,029971637;-0,107585909;0,016207923;-0,124655904;-0,105700752;-0,082719546;1,690188531;-1,009995864;-0,008627528;-0,056129769;-1,202586858;-0,040011456;0,035349791;1,105157886;-0,031499927;-0,062400351;-0,087772303;-0,109712662;0,021773603;-0,144919016;-0,761366367;-0,125775791;-0,051222;-0,068485855;-0,092969919;-0,09375404;-0,128591348;-1,79753736;0,016145942;0,414322643;-0,169744531;-0,053521713;-0,439785705;-0,083472146;-0,063219991;-0,056698602;-0,121414277;-0,088276286;-0,123447986;-0,063178303;-0,035561521;-0,049046232;-0,102966012;-0,036052818;0,553220808;-0,293345765;-0,138934852;1,562754782;-0,656118329;-0,052284758;-0,011961654;-0,094921993;-0,920003485;0,00043248;-0,076233977;-0,024725062;-0,080821657;0,538655897;-0,078671005;0,692836559
-0,098367222;-0,597390442;-0,117014209;-0,032733883;-0,090424719;-0,060384375;-0,086267001;-0,119641409;0,345745201;-0,104207534;-0,79124622;-1,334852085;-1,300944258;-0,047623068;-0,09497323;0,52873112;1,196180411;0,15639194;1,049047099;-2,395664963;-0,053488078;-0,057404618;-0,123875067;-0,408891226;-0,022441119;-0,081013155;-0,077146074;0,019040883;-0,227671014;-0,041566343;-0,008215792;-0,074342467;-0,019948473;0,018917133;0,025339683;0,008883122;-0,064348187;-0,102407677;-0,093894016;0,758147911;-0,72024191;-0,086381853;0,013090268;-0,056223535;-0,022970949;-0,048631322;-0,108013036;-1,192752144;-0,047551722;1,297655666;0,313534551;-0,051114237;-0,051637471;-0,080067824;-0,004149314;-0,110603997;-0,098209589;-0,032918704;-0,005703756;-0,091785271;-0,107799006;-0,053270508;-0,03647232;-0,052444277;-0,030872896;0,559979822;0,000736572;-0,072145564;1,267131986;-0,086271054;-1,18046164;-0,039783103;-0,033991644;-0,016003714;-0,037440591;-0,008760368;-0,081326464;-0,311063376;-0,006071023;-0,071752324;0,655904155;-0,331688133;-0,071521797;0,038572219;0,162169931;0,611855821;-1,029863035;-0,069257291;0,929560707;-0,920679895;-0,100072493;-0,628397666;-0,027516231;-0,031714675;1,047087525;0,589871079;0,037994557;1,098763972;-0,013530245;-0,076445642;-0,100138997;-0,115699404;-0,047304724;0,396541606;-0,04597911;-0,034956343;-0,09615865;-0,024712776;-0,032909323;-0,216750098;0,015328835;1,570456832;0,029860924;-0,105349543;0,374538812;-0,067353855;-1,128512025;-0,060573976;-1,699706985;-0,03213873;-0,081073444;-0,028976918;0,474286637;-0,076707904;-0,077344986;-0,275625118;1,434139354;-0,122382144;-0,054167945;-0,025342198;-0,065345606;-0,064188652;-1,062870363;-0,043706178;-0,091329639;-0,045693518;-0,032903942;-0,018687213;-0,000339995;-0,028486702;-0,064265078;-0,023477252;-0,29649594;-0,11114394;-0,023066785;-0,084206614;0,027546094;-1,490072447;0,012896427;0,007564492;-0,066983765;0,010947608;0,281349291;-0,096927687;-0,077731094;-0,019718522;-0,054949635;0,936933884;-1,359444425;-0,076840717;-0,09222095;0,022486108;-0,063238935;-0,103805859;-0,077679121;-0,081891616;-0,123178867;0,349248637;-0,070317501;0,105637957;-0,102592966;-0,06978866;-0,030288437;0,965966347;-0,097553246;1,518028791;-0,080310355;-0,018341141;-1,466264048;-0,11435216;-0,038317821;-1,400764209;-1,442671413;-0,059003932;0,017247616;-0,03302708;0,09766851;-0,981029121;0,493603874;0,157113226;-0,035409399;-0,039974442;-0,034773532;0,041529392;-0,061635021;-1,10587008;-1,347717983;0,003372881;-0,062076498;-0,350106779;-0,060489821;-0,081336099;-0,027903479;1,327374829;-0,010101282;-0,040842512;0,006381282;-1,029915666;-0,045957487;0,740048118;-0,049408273;-0,073922302;-0,830492982;-0,002751085;-0,092356316;-0,046334193;-0,046887004;-0,017889454;-0,026275685;-0,06676442;-0,043990545;-0,108891355;1,842525421;0,025383783;-0,934983927;0,196480555;-0,117606143;-0,886374275;-1,251857575;0,032340726;-0,047610574;-0,028421754;-0,070674627;-0,004747398;-0,050774942;-0,010248684;-0,117673132;-0,02121189;-0,044590983;-0,010328428;-0,079384414;-0,118641084;-1,0262223;-0,050489253;-0,309983348;0,098634207;-0,082329126;1,107717299;-0,015703023;-0,106843076;-0,017361262;-0,045102718;-0,105806227;-0,105310556;-0,096547331;-0,062798656;0,007340404;-0,05991103;-0,076721297;-0,181208063;0,219787535;-0,039395038;1,238647172;-0,663230414;-0,069538632;-0,066567333;-0,103996017;-0,692885021;0,023526446;-0,094001669;0,020943999;-0,038427275;1,274853221;-0,095584645;-0,248487261
-0,088472422;0,821591982;-0,049734892;-0,10307383;-0,099139663;-0,089378546;-0,053836622;-0,663086508;-1,372439997;-0,038062126;-1,157351972;-0,069531855;-0,104611571;-0,058736195;-0,079093178;0,642174865;1,082282874;-0,490181478;-1,803287233;1,178372671;-0,055503138;-0,021627749;-0,076621005;-0,749941018;-0,030569009;-0,104789857;0,000357119;0,016859507;-0,505969762;-0,046566723;-0,083945456;-0,020140715;-0,041624035;-0,01702033;0,782860664;0,018373201;-0,056249681;-0,098694246;-0,016166064;-2,065091953;-0,2450304;-0,06663668;-0,027646363;0,011091524;-0,011967694;-0,094622324;0,049861748;1,664169729;-0,067591305;1,486740044;0,272392506;-0,007684964;0,006560539;-0,081406836;-0,084258293;-0,063944801;-0,105556513;-0,029490733;0,031612565;-0,077211797;-0,037967222;0,008831132;-0,035561731;-0,013927373;-0,217351187;0,152199514;-0,001801672;-0,058363297;0,158215401;-0,014972938;1,77758447;0,026543869;-0,09389501;-0,026272653;0,017749158;-0,054198412;-0,059562722;-0,180687684;-0,003117058;-0,073273624;-1,593571786;-2,421997141;-0,140558842;-0,03400261;-0,156907964;-1,009930707;-0,906433132;-0,06451811;-0,308704671;-1,075443188;-0,048222206;0,512029438;-0,110478755;-0,089576979;0,91014626;-0,246277385;0,03208291;-0,688238075;-0,052788816;-0,047190398;-0,062592317;-0,047276243;-0,072493938;0,261034383;-0,040612774;-0,032701522;-0,020739822;-0,011409625;-0,099116151;-0,82146674;0,052175338;0,888210122;0,018286879;-0,089285185;-0,468052099;-0,106041339;1,234203192;-0,017751083;-0,077291022;-0,026447736;-0,042271291;0,002635621;0,712152438;-0,041924023;-0,058906276;1,01790408;-1,366870581;-0,054257076;-0,058233607;-0,004829572;-0,012139462;-0,057063137;-0,951778112;-0,040045705;-0,029155761;-0,018365977;-0,05385292;-0,034797141;0,013089918;-0,0659384;-0,054851549;0,012942985;0,004533476;-0,089351184;-0,064395301;-0,061710363;-0,66011161;0,832290277;0,041705644;-0,047267235;-0,050575631;-0,004872907;-0,363602929;-0,055086749;-0,015135993;-0,068077026;0,004487881;-0,39897706;-1,26663947;-0,065685379;-0,06573667;-0,016305195;-0,108901941;-0,097837053;-0,018008167;-0,005826042;-0,047411601;0,125092438;-0,063577769;-0,249584075;-0,024388713;-0,035719865;-0,045815398;-0,045218127;-0,021469045;-1,344759214;-0,100262506;-0,08455045;-0,540397657;-0,090816716;-0,049001126;0,914182298;-1,431849118;-0,050948112;-0,041367091;-0,46011377;0,013697168;-1,941424001;-0,419770019;0,255514967;-0,086682453;-0,054139758;-0,067665014;0,017335493;0,003808098;0,501885382;1,247964534;-0,034695711;-0,076116334;-0,678717605;-0,030123098;-0,006977516;-0,060927292;-0,188069848;0,013412434;-0,055403066;-0,020672491;-2,224949485;0,026457605;0,951437458;0,016563404;-0,006270877;-0,881801445;0,032750747;0,112447028;-0,029141396;-0,044196381;0,00584411;-0,09209239;-0,045361919;-0,017627516;-0,832737848;-0,968829271;0,003939563;1,820503098;0,465752248;-0,092131019;-1,011856411;-1,079641899;-0,012322463;-0,079764519;-0,086250509;-0,100523183;-0,067183912;-0,050779882;0,308256786;-0,109231926;-0,030258138;-0,004195686;0,001078067;-0,069338556;-0,067818304;-0,614922118;-0,019174379;0,13913234;0,055530781;-0,028873599;2,370453241;0,006188325;-0,060783248;-0,01768987;-0,01023689;-0,042787156;-0,054007703;-0,101951323;-0,070735919;-0,010527841;-0,037759403;-0,07485067;0,937754693;-0,709615771;-0,008170764;0,373808547;0,564715217;-0,028978311;-0,060746043;-0,036537157;0,743276948;-0,031378053;-0,100521583;0,012713638;-0,076972727;0,125274557;-0,076730425;1,425922429
-0,252945482;1,059935919;-0,082302777;-0,057378585;-0,06011356;-0,069335752;-0,05504201;1,235730146;-0,628967595;-0,074775074;0,16095713;0,557646392;1,767418778;-0,058012782;-0,056955139;1,57667671;0,98972453;1,21436522;0,332558272;1,523535984;-0,104107284;-0,086291517;-0,172795242;-0,854111711;-0,022676133;-0,072677458;-0,101547305;-0,016263837;0,979027685;-0,092920347;-0,073469873;-0,097097336;-0,046083801;-1,305412705;1,568676089;-0,007012223;-0,064264789;-0,16727299;-0,094915036;-0,472024476;0,956326458;-0,096110314;-0,0443452;-0,099887674;-0,102802043;-0,068599855;-0,045613938;-1,099305672;-0,077824651;-0,047872246;-0,187798536;-0,108479097;-0,061966339;-0,131821169;-0,041937387;-0,101134899;-0,140016644;0,041354347;-0,088791489;-0,087240631;-0,020882691;-0,072440034;-0,005690863;-0,064200766;-0,129018194;-0,585125394;-0,061802396;-0,129800502;-0,777331816;-0,090779262;-0,175873345;-0,023815784;-0,068708608;-0,030876743;0,021718023;-0,125683701;-0,10336055;-0,086198379;-0,07442609;-0,107279573;-1,778819066;-1,765441374;-0,152931939;0,026576379;0,189510559;-0,226671648;0,694868155;-0,078575719;0,244916851;-0,641899043;-0,013533806;-1,152131138;-0,155064401;-0,117275236;0,895724056;1,462013873;-0,006003963;1,932888131;-0,101110381;-0,085172921;-0,043444637;-0,077547871;-0,044597605;0,283023559;-0,138593802;-0,086012552;-0,153153766;-0,008336645;-0,081753741;-0,341173217;0,003991694;-0,206791761;-0,026781537;-0,082837263;0,387986988;-0,091104939;-0,102444786;-0,142544763;-0,154588532;-0,157416786;-0,091504801;-0,072132476;-1,539465389;-0,068755267;-0,136164621;1,101969907;0,370868194;-0,148717061;-0,088127337;-0,052602464;-0,120919257;-0,070390356;-2,146115415;-0,053375581;-0,110107753;-0,115695427;-0,048373405;-0,060317827;-0,086726772;-0,155066212;0,000711638;-0,068151062;-0,330070961;-0,142607354;-0,163086066;-0,063884942;0,940723613;1,600829328;-0,058674252;-0,126630894;-0,146033721;-0,03605811;-0,921628243;-0,05959929;-0,129444327;-0,065858561;-0,041907293;-0,638510625;-0,576248577;-0,059545482;-0,066316619;-0,05775407;-0,13661185;-0,103799519;-0,045570167;-0,099409818;-0,137839745;0,137015229;-0,138714545;-0,799967114;-0,092593968;-0,109343343;0,001516658;-0,856079399;-0,094002339;-1,125305581;-0,161166661;-0,131001222;0,203435178;-0,105992758;-0,07642587;-1,003941904;0,397639254;-0,109967588;-0,043353962;1,769764465;-0,056955105;-1,555872735;-0,034559574;-0,489896338;-0,102109058;-0,0700046;-0,114601077;-0,110803164;-0,019848485;-1,231381545;-0,798638093;-0,029988901;-0,063296335;0,057533153;-0,058657208;-0,080432847;-0,110805963;0,132821107;0,028553248;-0,021825116;-0,073298424;-0,380505693;-0,076437043;-1,008866304;0,001143084;-0,061262359;0,8594817;-0,027740419;0,018159723;-0,100327926;-0,089437103;-0,07404649;-0,143215465;-0,066530801;-0,050283718;-1,062359783;-1,903677673;0,035629547;0,429987054;2,723506212;-0,114053974;1,320059279;-0,021352696;0,007870888;-0,108599043;-0,121422534;-0,159744408;-0,012211594;-0,152892053;-0,830728716;-0,153493894;-0,084431352;-0,076232726;-0,119021696;-0,072062099;-0,160711937;0,738324875;0,007918959;0,054691201;0,048042414;-0,117878394;-0,875024531;-0,06718757;-0,024459703;-0,100692022;-0,110916953;-0,104119992;-0,095267676;-0,076364794;-0,050248619;-0,058508227;-0,072563624;-0,079635985;0,00592035;-0,074610394;-0,162404012;0,874008982;1,194060123;-0,10938202;-0,038654923;-0,122795636;0,742442447;-0,098715197;-0,123495863;0,004905733;-0,140038451;-0,690707775;-0,093358257;0,151087132
-0,219726647;-0,953463645;-0,14344949;-0,18093351;-0,155339162;-0,067869841;-0,146508161;1,426043527;-0,442659546;-0,149206878;-0,175056768;1,268452023;-1,577197375;-0,157896038;-0,093572069;-0,331355976;0,954639913;-0,613744726;1,249426103;-0,897714863;-0,148795433;-0,155849343;-0,129142331;0,027481574;-0,128751498;-0,139527765;-0,113973487;-0,043000399;0,745660105;-0,1327187;-0,076124704;-0,197414769;-0,098118582;-0,494253149;0,344971815;-0,061089524;-0,176958909;-0,182120267;-0,164603547;-1,238273124;-0,028235096;-0,07518044;-0,073910122;-0,107251485;-0,123513383;-0,127324685;-0,094885661;1,604121482;-0,185559454;-1,704412091;0,363252111;-0,06036342;-0,115535367;-0,191560869;-0,084582291;-0,11988148;-0,152431965;-0,015799313;0,024942511;-0,128834864;-0,080330269;-0,111819359;-0,001964069;-0,134686825;-0,389129288;-0,299792568;-0,120574789;-0,174385162;0,444675663;-0,099634848;1,297853253;0,046620141;-0,064578767;-0,102938928;-0,016316833;-0,118875912;-0,143132612;-0,185005771;-0,031471775;-0,159403885;1,413461906;1,472512897;-0,081525186;0,003374588;-0,298972837;1,776671447;0,329906511;-0,110960638;-0,126539295;1,886406874;-0,065674286;0,487634709;-0,144119673;-0,168242785;-0,46269887;1,595375457;-0,017709779;-1,223569151;-0,148421179;-0,112123702;-0,040073565;-0,097560052;-0,096631183;-0,219465514;-0,172090447;-0,197859081;-0,123357599;-0,056988587;-0,165109163;-0,376136344;-0,04568513;1,352597243;0,0346113;-0,113678697;-1,556347892;-0,089829854;-0,293437077;-0,154137984;0,515657115;-0,161989988;-0,116555254;-0,131011271;-0,556299004;-0,167000814;-0,14672068;1,166549223;-1,008983726;-0,193246005;-0,100691041;-0,152597869;-0,192639184;-0,144278726;-0,475961136;-0,129092079;-0,204420475;-0,069618124;0,034898081;-0,104511579;-0,02924768;-0,113905252;0,014827852;-0,105520293;-0,566148708;-0,177291607;-0,188446476;-0,086973655;-0,196360841;-0,576677757;-0,160998929;-0,122979634;-0,185026237;-0,123938664;-0,632712788;-0,111314904;-0,159860006;-0,106496621;-0,004264732;0,004911325;0,081336713;-0,023929023;-0,127465279;-0,04919565;-0,189505814;-0,15137193;-0,125410289;-0,111015829;-0,160890848;-0,545690086;-0,150935729;-0,58211751;-0,142467201;-0,149602061;-0,188578196;0,83406357;-0,142024236;1,408425965;-0,171983927;-0,164424833;-0,47566344;-0,176998088;-0,170429038;0,276454042;-0,664887172;-0,137442742;-0,086880281;-0,685429324;-0,035070647;1,08079772;0,090010977;-0,5141967;-0,090105639;-0,054869659;-0,20079352;-0,110456739;-0,142426002;2,237534621;-0,52570801;-0,058027176;-0,076925645;-1,085022722;-0,107335712;-0,147163752;-0,150738145;-0,646693693;0,009716464;-0,051360767;-0,100289326;-1,563427183;-0,135118689;-0,82002227;0,010199752;-0,104122769;2,137918764;0,012094483;-0,069726602;-0,115399947;-0,075189746;-0,093365285;-0,108094371;-0,144296197;-0,1504986;0,970222995;2,039549577;-0,016197811;0,471639072;-0,360849216;-0,20371391;1,581129914;0,436524983;-0,035249282;-0,148736242;-0,162128268;-0,133004398;-0,03166716;-0,188224014;0,997515185;-0,204187432;-0,100705486;-0,056326761;-0,105127786;-0,015142179;-0,108079262;-0,188735661;0,028392659;0,169135331;0,031220065;-0,127768576;0,457784761;-0,113042807;-0,021328595;-0,073470439;-0,129426033;-0,104506087;-0,161528353;-0,115043909;-0,048458728;-0,167274126;-0,062979577;-0,117252393;-0,728924518;0,606763671;-0,117481635;2,619396311;-0,857050582;-0,186126713;-0,029673957;-0,201618776;-0,648720212;-0,078785001;-0,201327918;-0,007786497;-0,159144484;0,630653717;-0,08658317;-0,709305364
-0,195417772;1,795987206;-0,085582501;-0,064434872;-0,053254465;-0,024196065;-0,110701849;-0,674671402;-1,982577974;-0,144950497;-1,448554304;-1,349041727;0,108961125;-0,071981697;-0,112119552;0,439495478;0,030828665;-0,641694484;0,857421492;0,632574757;-0,126468416;-0,144990299;-0,097118349;0,256077273;-0,032351255;-0,067609047;-0,059976329;-0,083094295;-1,491116761;-0,115747788;-0,081957027;-0,111079713;-0,017618387;-0,655722432;1,713819827;-0,036202952;-0,105288669;-0,095507857;-0,140658129;0,659117999;0,671267075;-0,04756139;-0,04737333;-0,011947604;-0,052522096;-0,080022457;-0,040969624;-0,308353632;-0,100378678;0,711253849;0,183476696;-0,012332278;-0,093085832;-0,117442734;-0,104891414;-0,142435333;-0,122490747;-0,03183184;-0,063732326;-0,102779238;-0,051048703;-0,076189044;-0,032105701;-0,134022887;-0,054095996;-0,312041264;-0,0433514;-0,052211578;1,284238357;-0,023751909;0,580045073;0,045951738;-0,079876655;-0,084033307;-0,006879193;-0,065834048;-0,084596817;-0,10682431;-0,070386556;-0,148165549;-1,38954551;-0,570350015;-0,070891485;-0,00717386;0,045326062;-0,336713599;-1,339453201;-0,095989207;-1,088450583;-0,276845751;-0,107467514;0,14901772;-0,054964752;-0,118824544;-0,154352108;1,084164327;-0,039689315;-1,121585837;-0,11862717;-0,050170278;-0,030228772;-0,044334082;-0,032911593;-0,673805439;-0,103513945;-0,113963777;-0,099877265;-0,041637;-0,150733664;1,064686969;0,032220925;-1,059600001;-0,02738669;-0,076390259;0,278950552;-0,073157617;-1,506607358;-0,075577475;-0,839202466;-0,127945507;-0,047216874;-0,056982309;-0,870883203;-0,040259565;-0,149351511;-0,074971598;-1,735785701;-0,112587532;-0,103521124;-0,064100086;-0,113928239;-0,124833234;0,575395958;-0,01702347;-0,092762325;-0,051507135;0,027890061;-0,027105507;-0,005337495;-0,105618521;-0,007227846;-0,052395768;0,053317908;-0,062513703;-0,087960597;-0,060171719;-0,372048148;1,805681715;-0,067189115;-0,030343319;-0,085763475;-0,035579047;0,122835541;-0,118814777;-0,0662336;-0,053727651;-0,048125484;-0,66437066;0,571740118;-0,001412965;-0,06352038;0,001463941;-0,097869912;-0,151691872;-0,093568581;-0,047503706;-0,068361032;-0,732516278;-0,123246746;0,552146617;-0,121021701;-0,149241207;-0,082102996;0,159524386;-0,152693629;1,913512971;-0,09195745;-0,056762222;-0,869558053;-0,05234276;-0,13502966;-0,526560975;-0,897616303;-0,0986259;-0,115886006;2,023727015;-0,01728337;-1,200328505;0,258107282;-0,020236158;-0,051208793;-0,083603805;-0,105350017;-0,017305805;-0,095100641;-0,353810789;-0,415748522;-0,064580877;-0,035052671;1,02031186;-0,024054751;-0,09051582;-0,038346147;2,720648779;0,019216081;-0,051583499;-0,112124848;1,228667149;-0,066566049;0,37457548;-0,051887237;0,016733008;-0,243625097;0,007157261;-0,050791887;-0,063165496;-0,099598338;-0,0859228;-0,0843788;-0,077575299;-0,065356743;1,060540799;-0,662661718;0,04634521;-0,452274333;-0,556447941;-0,109803352;-0,486624062;1,190893582;0,049593385;-0,068151781;-0,144218279;-0,078065011;-0,02621175;-0,079026654;0,935947932;-0,08408687;-0,016293832;-0,044902321;-0,071999127;0,002593276;-0,060959918;-0,768631525;-0,000128597;-0,160559255;0,056147619;-0,060957638;-1,691055166;-0,026391241;-0,063514234;-0,092654779;-0,098873052;-0,090554208;-0,055781833;-0,071680911;-0,051147676;-0,077301169;-0,030345053;-0,048714964;-1,537403856;0,350815657;-0,124821521;0,712755325;2,254382497;-0,128684796;-0,046085536;-0,117815921;0,682514281;-0,030167568;-0,106895434;-0,089672381;-0,068797716;-0,455142281;-0,052799161;0,406539891
-0,061402636;1,156027118;-0,080811473;-0,077128978;-0,063299686;-0,034781249;-0,060706165;1,111707869;-2,095812823;-0,036936956;-0,434418792;0,012805388;-1,305077765;-0,064161115;-0,046888964;1,681627332;0,344808178;-0,711511261;-0,031578858;-1,363466699;-0,10237072;-0,043012403;-0,046900289;0,062653228;-0,005642086;-0,129688808;-0,003565915;-0,048204476;-1,335142914;-0,065391267;-0,086174371;-0,040236044;-0,085542777;-1,054171066;-0,291454339;-0,008820033;-0,112541718;-0,068402189;-0,034161386;0,731261786;-0,273544756;0,017138222;-0,058651147;-0,022225306;-0,04093245;-0,096042571;-0,067750613;1,314572958;-0,063529943;-0,164140616;0,161271481;0,0051732;-0,025797643;-0,047560682;-0,011820003;-0,10739794;-0,131115435;0,012144246;-0,045561798;-0,084512333;-0,017172416;-0,063187363;-0,20300837;-0,097100671;-0,157370728;0,292240019;-0,054852546;-0,118488293;-1,941594704;-0,013894251;-0,027593455;0,031314731;-0,087187497;-0,071149607;-0,014411909;-0,065829195;-0,02862168;-0,094269446;-0,066059422;-0,071468132;-1,051721679;0,906023859;-0,145126485;0,032722417;-0,118201988;-1,152659411;0,135272146;-0,063917677;-0,324517915;-1,418047637;-0,028594749;-0,369746107;-0,042978293;-0,107827078;1,144868755;-1,483297308;0,030886179;-0,427208562;-0,005463664;-0,043245021;-0,083115068;-0,126296642;-0,083513223;-0,356511469;-0,12776562;-0,059143887;-0,066395816;-0,049173477;-0,064675822;1,348258579;-0,039295911;-0,849789079;-0,040223307;-0,087733857;0,705917526;-0,057773426;1,932092504;-0,03569442;-0,219067218;-0,105341662;-0,053708525;-0,034543142;-0,018979668;-0,087773263;-0,108283373;0,873973047;1,216127845;-0,125933583;0,007310623;-0,057297105;-0,042088549;-0,057394919;1,947017995;-0,071083297;-0,103632056;-0,017638904;0,029626558;-0,08431933;-0,083701815;-0,05702493;0,015438059;-0,061484913;0,052068512;-0,125548663;-0,033885039;-0,0488576;-0,182692235;-0,044436153;-0,099944183;-0,09020631;-0,101246756;-0,028704827;-0,362755901;-0,093428566;-0,084498817;-0,047685807;0,001463788;-0,105734592;-1,153498042;-0,078477762;-0,131219065;0,042586815;-0,083469567;-0,111745928;-0,105988085;-0,016908818;-0,110712075;0,533386315;-0,067230269;0,245222352;-0,132979149;-0,067004729;-0,036654902;0,38651569;-0,105005165;0,995670104;-0,050243844;-0,019431794;-1,171221566;-0,03907929;-0,127649974;0,745465825;0,306577905;-0,042184796;-0,010650091;1,094856459;-0,068676772;-0,573265306;-0,103507025;-0,312567861;-0,037376192;-0,050733579;-0,070178331;-0,02579385;0,011839267;1,159923072;-1,139837866;-0,00473622;-0,079491517;-0,466489409;-0,087502046;-0,108191774;-0,032987091;-0,936823636;0,032926853;-0,061456117;-0,136120162;-0,960918224;-0,084838484;-0,760604718;-0,017922017;-0,002112687;0,020840176;0,035289448;-0,040906256;-0,048867388;-0,003153961;-0,004424863;-0,09830014;-0,07750653;-0,055107749;2,429014509;-0,105225287;-0,016843369;0,268368673;-1,045894417;-0,050068253;-0,266086136;-0,882629576;0,00065686;-0,049265422;-0,063579249;-0,058557944;0,086824921;-0,059154096;-1,137301904;-0,101163677;-0,01258721;-0,014642015;-0,042680738;-0,018560597;-0,115914054;-0,038219349;-0,024455684;-0,209415224;-0,042384793;-0,114986105;-0,67241317;0,008076236;-0,033090036;-0,081561301;-0,103483644;-0,04800575;-0,09048777;-0,087937042;-0,043657118;-0,02778317;-0,079266697;-0,083153775;-1,569934529;0,119020551;-0,069538413;-0,728759783;-1,671993357;-0,086367378;-0,042497262;-0,08158368;1,197618133;-0,063002683;-0,083001387;-0,045290276;-0,098830448;0,960857439;-0,085956804;0,521166139
-0,091917681;1,117322328;-0,154314771;-0,088483197;-0,085881799;-0,016593017;-0,138669907;0,563237297;-0,271120405;-0,130021894;1,744352394;1,853014873;-0,349492793;-0,123986226;-0,139026429;1,74110774;-1,106419776;0,388285459;0,112625192;1,383652783;-0,09758024;-0,122324813;-0,131476044;-1,346789567;-0,032732814;-0,063391809;-0,133889239;-0,063463801;1,120559483;-0,096937324;-0,093065086;-0,101229117;-0,125963208;-0,226923216;0,075321225;-0,082445258;-0,066596171;-0,106839824;-0,146873909;0,184495445;-1,006285825;0,004870977;-0,117300351;-0,064027075;-0,161300369;-0,125150986;-0,079510958;-0,410881614;-0,098887717;0,956262387;-0,111531903;-0,035827607;-0,10304293;-0,096151835;-0,119340578;-0,150103045;-0,153575399;0,041274531;-0,064844341;-0,089558035;-0,040748943;-0,105704024;-0,04072706;-0,140616614;-0,125748538;0,476590801;-0,088923382;-0,151816357;-0,15325741;-0,135143366;-0,29705443;0,049180098;-0,096436612;-0,079778315;-0,013374474;-0,076086802;-0,043288068;-0,284600396;-0,067422977;-0,144367973;2,40818119;0,523593409;-0,183096575;-0,049761209;-0,212005516;0,286435651;-0,301047334;-0,090222987;-2,302825893;1,749011183;-0,019530365;0,6411361;-0,06449558;-0,114378168;-1,154830012;0,154187739;-0,041889919;0,07907001;-0,071777711;-0,125260834;-0,045652331;-0,128945346;-0,088687624;0,369580253;-0,087805994;-0,124432323;-0,136593732;0,000541829;-0,112608348;0,640773474;0,01325676;-2,165708117;0,021534096;-0,124586674;0,550209418;-0,081422063;-1,382879277;-0,119782009;-0,570701663;-0,120560645;-0,065153043;-0,102386079;-0,431673724;-0,07125257;-0,115854171;1,666156838;0,61968809;-0,100696324;-0,09931546;-0,073802027;-0,098320824;-0,141962424;0,567355949;-0,067277281;-0,134475278;-0,053413666;0,031170574;-0,059624574;0,015985025;-0,132722934;0,009551895;-0,038437014;0,047946168;-0,13794882;-0,160909879;-0,049973297;0,10767203;0,251406097;-0,048365844;-0,104971798;-0,11821361;-0,134752638;0,483871002;-0,048296245;-0,146411665;-0,035021614;0,003865534;0,127457465;0,583879134;-0,068778708;-0,152558174;0,020434372;-0,122503793;-0,07702502;-0,09860776;-0,135647659;-0,060878063;-0,143477829;-0,133517922;-0,186062104;-0,051348086;-0,156671814;0,077901999;1,02585548;-0,133531397;0,480365948;-0,114012597;-0,134797296;-1,37013864;-0,097171259;-0,075962217;-0,827871262;-1,0400927;-0,132767629;-0,058350404;-0,045213492;0,012983802;0,316763415;-0,332969413;0,09391502;-0,136373931;-0,118080419;-0,149582104;-0,080268129;-0,043033945;-0,276276151;-0,889214522;-0,053294027;-0,099956477;0,408440837;-0,065647647;-0,112365049;-0,142484868;1,518335949;-0,047422205;-0,017170298;-0,148042989;-0,769066422;-0,037312602;-0,693145611;-0,052576586;-0,072254577;0,562607944;-0,026375417;-0,038115025;-0,084942694;-0,078496358;-0,028278642;-0,129349459;-0,132109044;-0,093722424;1,484264664;0,584039975;-0,031044502;-0,835024886;-0,869390174;-0,149490672;-1,03984474;0,494887433;-0,008453499;-0,059681657;-0,114270354;-0,07338145;-0,15593077;-0,149311287;-0,206268548;-0,162435355;-0,096055814;-0,108814168;-0,047403051;0,009149067;-0,104449451;-1,480159449;0,053634865;0,052040356;-0,022155008;-0,074745379;-0,117734088;-0,099127834;-0,041786662;-0,054843207;-0,053481493;-0,140655814;-0,058812396;-0,104229756;-0,071652337;-0,096857936;-0,092356776;-0,059165526;-1,711963577;0,379195749;-0,107428264;-0,245031763;-0,278585233;-0,067130306;-0,076568469;-0,074173364;-0,223352544;-0,041477974;-0,079450608;-0,083808362;-0,082370225;1,452783344;-0,068771002;0,495580789
-0,116661918;-0,889989018;-0,065258904;-0,098740421;-0,061439616;-0,03024948;-0,129243884;-1,009995284;-0,440102378;-0,15554795;-1,124311178;-0,694274534;-1,122217823;-0,04919279;-0,088306268;1,005860336;-1,383223611;-0,541022998;-0,77102178;-0,209179919;-0,136737666;-0,097834638;-0,070158464;-0,746634626;-0,013106875;-0,082878018;-0,087125399;-0,112395464;-0,171838676;-0,141859926;-0,09589729;-0,113668032;-0,045122775;-0,490979374;-0,292616714;-0,012477993;-0,068323819;-0,077615422;-0,136637289;0,294844844;-0,058158138;-0,071158228;-0,059107545;-0,063547435;-0,080524777;-0,059606385;-0,102746684;-0,901971733;-0,103394585;1,582854457;-0,561223112;-0,093622428;-0,046278556;-0,080192717;-0,069082407;-0,089877768;-0,088608979;0,036938146;-0,013134373;-0,081363294;-0,062381115;-0,099886804;-0,151654566;-0,12185349;-0,218668487;0,674088796;-0,082978599;-0,144487119;-1,37774923;-0,043111415;0,650333243;-0,010552165;-0,117797842;-0,073053411;0,03280199;-0,087840301;-0,078711683;-0,132041958;-0,090710123;-0,135576877;0,135085991;1,49292058;-0,154649688;0,028436058;0,120950058;-0,269749958;0,013124665;-0,054847112;-0,126986222;-1,113670663;-0,159220614;0,794790153;-0,091682053;-0,058449738;-0,42507951;0,921387219;-0,014137141;0,885220073;-0,10819038;-0,101909185;-0,074573097;-0,075442482;-0,123140077;0,24630681;-0,068972279;-0,092464979;-0,131194281;-0,027836259;-0,111755264;0,072502436;0,05650237;-0,491059643;0,023436907;-0,052392093;-1,586079523;-0,082574718;-1,907427231;-0,093354799;0,63316921;-0,116748933;-0,145949073;-0,126216283;-1,251895352;-0,073239123;-0,14065882;2,29843352;1,090291117;-0,080498643;-0,024611887;-0,116831979;-0,146062222;-0,079873486;-0,473243207;-0,015835896;-0,151394531;-0,032912574;0,070210547;-0,056848766;0,013224883;-0,124759231;0,054086022;-0,079756106;0,433377527;-0,155123119;-0,126264306;-0,00583007;-0,099778896;0,27693247;-0,140753962;-0,111712707;-0,136210849;-0,097522791;-0,711608785;-0,070378137;-0,068904278;-0,10284282;0,034034265;-0,191930033;-0,047231146;-0,064205806;-0,127309674;0,019998941;-0,09268709;-0,098148699;-0,062895643;-0,125336042;-0,052882036;0,672076387;-0,108931175;-0,039429378;-0,081010103;-0,094475222;0,226197002;1,602660003;-0,146732685;-0,862107031;-0,114003602;-0,137909714;-0,869717632;-0,154582595;-0,074663602;-0,971637053;0,079329765;-0,036228728;-0,13107066;0,585791652;0,075973976;-1,268606974;0,00390105;-0,231288528;-0,137806585;-0,105846049;-0,147057826;-0,026069261;-0,110202793;-0,797531125;1,623549661;-0,106142555;-0,067646425;2,044559831;-0,082589897;-0,145524178;-0,076355993;0,061163598;0,021496524;-0,002717492;-0,110385625;-0,29621735;-0,043752049;0,091370772;-0,002849728;0,003840546;-0,216451758;-0,005691649;-0,018052646;-0,109447625;-0,057425419;-0,029783303;-0,146903947;-0,123193031;-0,116878463;1,740577858;1,536618118;0,009627075;0,417791292;0,425958047;-0,093699974;-1,398485242;1,829427421;-0,052713642;-0,104041914;-0,119026867;-0,111280463;-0,101346527;-0,118373322;1,531795931;-0,136638844;-0,041233845;-0,096704517;-0,088247382;-0,087779528;-0,142746494;1,223935413;0,042819682;0,020959923;0,104534422;-0,137900369;1,332207929;-0,068113402;0,007414536;-0,044064437;-0,124072044;-0,070065136;-0,067562972;-0,143341744;-0,031786739;-0,085121244;-0,045441545;-0,045582409;0,060117981;-0,623162234;-0,129668247;0,696455727;2,034222559;-0,083861613;-0,023451917;-0,12702066;-1,45934314;-0,017763494;-0,136929353;-0,05451997;-0,11798059;0,624726446;-0,131512138;0,65467769
0,044440835;1,344089871;-0,062179683;0,008727702;-0,070161833;-0,097920484;0,039036055;-0,461272237;-1,108357999;-0,001770854;-1,073950744;0,493870127;1,440555123;0,034645298;0,006930416;1,177160519;0,581784186;-0,181337501;-0,672922678;0,368865684;-0,063840216;0,021091962;-0,071354152;-0,654786287;0,055027166;-0,04804353;-0,050974651;0,025566414;0,124684912;-0,031718588;-0,040437786;-0,027374083;-0,01193371;-1,195162052;-2,002966168;-0,029162213;-0,076455949;0,015828667;0,001428674;1,73215239;-0,110808655;0,007555271;-0,015831873;-0,012499211;0,012622902;-0,028385088;-0,014932408;0,269688962;-0,089028211;1,192353327;-0,430301393;0,028473434;-0,002512445;-0,044874114;0,01059489;0,022168215;-0,026803778;-0,033285165;0,022655738;0,017248259;-0,058955601;0,004564119;-0,127006682;0,009076649;-0,307492838;0,07631253;-0,004042559;-0,020694554;-0,419047423;0,004560078;-1,683054796;0,027535719;-0,030908661;0,040998134;0,045676895;-0,057632927;-0,015899279;-0,231672516;-0,058362104;-0,003185949;-0,537604516;-3,273404093;-0,0473024;-0,028957898;-0,109847877;-1,462786391;-0,576937392;-0,035096484;0,558189067;1,696943536;-0,078438934;-0,361992134;0,008078004;0,016746563;1,322451914;-1,365728832;-0,010185726;-1,851939409;0,015300918;-0,041402279;0,006687121;0,017180679;0,008025451;-0,022388523;-0,06638293;-0,008929735;-0,070348645;-0,049969733;-0,004087765;-1,532698472;-0,012104259;-1,041074025;-0,032496846;-0,067390678;-0,636400028;-0,02905331;0,906230393;-0,026842503;-0,718085016;0,017438637;0,009959606;-0,013210067;0,382790676;-0,051476529;-0,052387481;1,10173602;2,373331812;-0,072389266;0,001769135;-0,06096562;-0,070286895;-0,03671722;1,230937395;0,020764786;-0,06153815;-0,043208164;-0,052365883;-0,011185564;-0,046030635;-0,054908948;0,020622114;0,00675838;1,264805198;-0,078374663;-0,022746241;-0,024527414;0,12356074;0,143937941;-0,010764758;0,030886506;0,002537203;-0,015439322;-0,089930202;-0,013652884;-0,049399966;-0,110229011;0,039014181;0,908895709;1,855345461;-0,038424586;-0,016227721;-0,040897207;0,019022501;-0,067032185;0,015458357;-0,060010087;-0,001834296;-0,509360686;0,013774281;-0,929332633;-0,024855749;-0,052167484;0,23798074;-0,943993736;-0,054022197;-0,875264346;-0,054482882;0,021481881;-2,426031189;-0,054399675;-0,058277725;1,149991727;0,047411385;0,002485414;-0,02267903;0,884057636;0,040458518;-1,130624772;-0,030731423;-0,047258803;-0,018531435;0,04501783;-0,03122404;0,043594659;0,02383251;-1,828396706;-0,389178929;0,044307898;0,047350032;-0,552320713;0,035490638;-0,017126679;0,005008601;-2,141536355;0,038951647;-0,086381263;-0,02958991;0,725390785;0,003916956;-0,455300399;0,085999537;-0,012541802;-0,964829613;-0,022749934;0,061642174;0,057155221;0,020870075;0,014058979;-0,060483399;0,002591989;-0,046748707;-1,377996247;-0,960978954;0,062370101;-2,174295494;-1,510245189;-0,082785636;-1,79519275;0,345889072;-0,010445909;0,003294034;0,005827328;0,019206068;0,011100892;-0,063975308;0,260584026;-0,060513379;-0,011526464;-0,034257216;0,02894305;-0,051058567;0,00183715;0,94623357;0,006042509;-0,102052984;0,132382067;0,009304826;-1,244161064;0,050950742;-0,090381516;-0,014739689;-0,069903822;-0,011391602;-0,046199126;-0,040221621;-0,043119956;0,01891302;0,047683155;-0,018817405;-0,376883758;-0,075922946;-0,064717198;0,25282541;0,846619655;-0,046934013;0,011276955;-0,014110429;-1,740188954;-0,041089419;-0,081763696;-0,107268496;0,012910078;-0,063655853;-0,007810158;0,690879333
-0,022831956;0,443504894;-0,035894508;-0,064783223;-0,02887513;-0,067281249;-0,037987295;-0,502180125;-0,956173404;-0,104475174;-0,07940562;-1,158011325;-0,569763874;-0,102805725;-0,030384837;1,780107418;-0,12452824;0,618615108;-1,365094852;1,03108319;-0,074805301;-0,102069917;-0,088523043;0,575026741;-0,006333269;-0,102814275;-0,041069722;-0,082371162;0,286043333;-0,084194343;-0,116452757;-0,068199702;-0,066861617;-0,737102797;-1,213969804;-0,068978321;-0,089793788;-0,032275796;-0,030489639;0,779526521;0,698286004;-0,007826232;-0,108998921;-0,006077623;-0,115674733;-0,120970712;-0,111683979;1,36652976;-0,068605535;-1,536732952;0,19613085;-0,076902592;-0,067513437;-0,119806368;-0,033937531;-0,123339441;-0,058067242;0,003071829;0,040327869;-0,090598808;-0,065878069;-0,035973275;-0,03946473;-0,064886229;-0,14358171;0,694839535;-0,109919472;-0,106170867;-1,329847597;-0,016681688;0,640226436;-0,00303585;-0,063717258;-0,020501571;0,022192614;-0,026067929;-0,080034528;-0,210357743;-0,051957608;-0,087305862;-0,728766571;-0,247533708;-0,124010187;0,045730343;0,105963529;-1,17254331;1,583289103;-0,032124716;0,631032787;-0,990261165;-0,07058672;-0,928426791;-0,034412927;-0,104243007;0,042486761;-0,051980516;-0,022514027;-1,491002984;-0,03389128;-0,029651666;-0,067675396;-0,026852885;-0,020607416;0,66493282;-0,125301208;-0,112947016;-0,124570249;-0,06777519;-0,125848621;0,639027587;0,029542927;-0,034022244;0,024519915;-0,086793396;1,169111792;-0,122184025;-0,268006091;-0,10237171;0,811528409;-0,042987513;-0,126335774;-0,113260318;0,136517552;-0,051845443;-0,089538589;-0,164003745;-0,433042967;-0,12022728;-0,028958848;-0,06141359;-0,059613249;-0,123894432;0,975740653;-0,009216308;-0,066349651;-0,027787229;-0,07379502;-0,102956503;-0,031521428;-0,060261166;-0,027829477;-0,094650328;0,490988744;-0,042035401;-0,118985755;-0,015811112;0,206006749;1,116249881;-0,053495306;-0,116760914;-0,073307144;-0,050390559;0,174228477;-0,062326505;-0,044424002;0,052981519;0,005635008;0,300669528;-0,523915107;-0,06879806;-0,069782386;-0,005739476;-0,06622181;-0,123066352;-0,082671044;-0,067777697;-0,131649214;1,581240941;-0,064808663;0,581178088;-0,094400181;-0,041422097;0,033292665;1,540537209;-0,047909625;-0,573262446;-0,057150606;-0,063442579;0,033596011;-0,02387685;-0,099579745;-1,64498092;-0,707957519;-0,055982165;-0,062090398;1,413703225;0,098612786;-0,707533013;-0,062976709;-0,146948175;-0,085833367;-0,029228431;-0,118275022;0,001751714;-0,04754455;-0,695939061;0,660330591;-0,049318927;-0,028588674;-0,811781301;-0,064246124;-0,071989893;-0,083280755;-0,245197288;0,023563771;-0,070598986;-0,093110094;-0,012092996;-0,029603818;-0,28779289;-0,012364389;-0,079888917;-0,133789679;0,036386768;0,070913257;-0,012678855;-0,095596256;-0,061945333;-0,090849362;-0,055030358;-0,067804432;-1,047963739;-0,639928518;0,042995879;0,428796588;-1,323395779;-0,126875098;-0,479820374;0,723610353;-0,040579154;-0,099309134;-0,076544504;-0,037521485;-0,071177666;-0,028498171;-0,501697199;-0,06014741;-0,054154532;-0,027649036;-0,08753697;-0,043735543;-0,087591078;0,250469588;0,031087065;0,126873437;-0,071740521;-0,070418564;-0,809444989;-0,054570152;-0,044888524;-0,072710067;-0,053861673;-0,05099018;-0,051539125;-0,044221373;-0,024305888;-0,111819496;-0,014963786;-0,126572989;-1,196747388;-1,03438293;-0,05077346;-0,644725527;-0,937760153;-0,038598648;0,023761238;-0,086780955;1,146875554;-0,067012354;-0,034359271;-0,089275903;-0,120203204;-1,059025937;-0,049693432;-0,050906179
-0,156385173;0,778522817;-0,042078417;-0,040419196;-0,080765985;-0,038973182;-0,10711026;-0,124366349;-0,260793129;-0,081262608;-1,336809143;-0,65877466;1,153842641;-0,078113838;-0,114547185;-0,438931264;1,376549827;0,284682038;1,866698509;0,825055376;-0,038521494;-0,046399687;-0,055732175;-0,353521967;-0,048973795;-0,084951687;-0,000659016;-0,072541683;1,275125534;-0,058474799;-0,061250286;-0,104015176;-0,042962427;-0,088305383;0,422565186;-0,020066652;-0,123319051;-0,077944987;-0,121601291;-1,2383974;-0,215337827;-0,075501687;-0,060507381;-0,079874107;-0,143401866;-0,109101662;-0,061189612;-0,869363461;-0,104247401;1,841278189;0,38899756;-0,007681532;-0,103097451;-0,050141949;-0,036183832;-0,093698099;-0,087752563;0,01689354;-0,001016007;-0,114979856;-0,092720027;-0,041865809;0,014397804;-0,069746035;-0,356652764;-0,219979866;-0,03693782;-0,137118991;-0,139605207;-0,076941286;-2,188654084;0,020147972;-0,108459909;-0,053133219;0,029220288;-0,069162366;-0,008624675;-0,214824349;-0,104426535;-0,067962324;-0,670147212;0,677640338;-0,060763262;-0,009568632;0,123626574;0,649510928;-0,18540737;-0,025531662;-0,763166671;-1,690236795;-0,116089005;1,30894412;-0,133912281;-0,101010511;-1,615157038;0,514329683;0,033427142;0,190439127;-0,082749984;-0,098819303;-0,008629912;-0,133614852;-0,072829433;0,23960172;-0,042479997;-0,056795292;-0,050814898;-0,064561255;-0,105857353;0,051253163;0,030312581;2,354161162;-0,007133915;-0,087746249;0,872714974;-0,125820515;1,641106898;-0,040116912;1,102266061;-0,129518889;-0,071786739;-0,015827434;-0,337676789;-0,063519516;-0,042556998;1,256822507;0,127555664;-0,095570069;0,004191583;-0,090550701;-0,102348997;-0,041227808;-1,577092242;-0,022680663;-0,048314724;-0,027046054;-0,016513757;-0,034016742;-0,070624053;-0,102643582;-0,030215736;-0,016344476;-0,034466084;-0,093753173;-0,125035815;-0,052030958;-0,265401595;-2,564439269;-0,078236441;-0,068048701;-0,127625625;-0,090296216;0,724456875;-0,095684946;-0,016434258;0,01694252;-0,042268991;2,083959307;0,07554649;-0,015520082;-0,107977801;-0,021364775;-0,070473366;-0,096654481;-0,102517757;-0,073986603;-0,104801826;-1,165951362;-0,09911414;-1,239498092;-0,113104801;-0,046735751;-0,053171461;-0,894563475;-0,142639407;-0,511947849;-0,108217429;-0,114779885;-1,060725909;-0,078303323;-0,075472819;1,452786288;0,422969617;-0,056055342;-0,031798204;-1,410577017;0,027447226;1,299344862;-0,096560308;-0,006606925;-0,117474057;-0,08909655;-0,040412033;0,024004611;-0,026540872;-0,4679149;0,486806949;0,007990944;-0,058193547;-0,504994864;-0,050641052;-0,122541015;-0,027694425;-0,186450831;-0,010397929;-0,059663261;-0,083558003;-0,367465461;-0,061511591;0,005662397;-0,004022798;-0,011880151;-1,750642305;0,038808249;0,000412456;-0,046842099;-0,00976766;-0,034734107;-0,040485565;-0,112029966;-0,074683878;-1,841224057;1,269434673;-0,020710303;-1,649171673;2,56667962;-0,102609854;0,28672667;-0,906534753;0,041214834;-0,095864251;-0,068739229;-0,0829642;-0,095232355;-0,142845297;-0,957961686;-0,144358774;-0,073682182;-0,083689047;-0,108042209;-0,088722404;-0,088222302;-0,865446797;0,043691047;-0,160564746;-0,000773914;-0,049179398;0,428871246;-0,031876123;-0,067488154;-0,018587007;-0,108307414;-0,048438402;-0,10869851;-0,076488953;-0,077758966;-0,019348778;-0,083941558;-0,092790381;0,76930177;-0,709173241;-0,09821391;1,090393487;0,89225316;-0,079382726;-0,087989246;-0,107465478;-1,764235171;-0,01794723;-0,089087667;-0,068402049;-0,117036979;-1,984541265;-0,035344879;-1,957417128
-0,18177676;1,13156343;-0,040395571;-0,046109619;-0,057722883;-0,019425105;-0,102486804;-0,622331546;-0,664547347;-0,115397214;0,973597208;-0,965021842;1,215183373;-0,072583821;-0,027959106;-1,132891845;-0,933723499;-0,060575166;-0,4409587;0,937434967;-0,093429488;-0,104683897;-0,130856775;0,16233893;-0,096846848;-0,028210386;-0,047138654;-0,029503506;-3,023461854;-0,067779464;-0,047582998;-0,033749139;-0,001344787;0,094921509;0,734075028;-0,075718815;-0,076796183;-0,123084861;-0,11988635;-0,879954452;-0,614594892;-0,049400119;-0,038558884;-0,074715863;-0,115028842;-0,065021421;-0,095317123;-0,146851277;-0,095398915;-0,874825259;-0,78342332;-0,002606486;-0,05424581;-0,049380927;-0,063370737;-0,134881628;-0,125457172;0,039247507;-0,04725813;-0,032727598;-0,081032456;-0,100231928;0,018344006;-0,108173702;-0,105088729;-0,132609838;-0,106587606;-0,03491288;-1,016072779;-0,027698567;1,259343981;0,024312275;-0,033164916;-0,098673948;0,003141085;-0,111203876;-0,104598275;-0,033709003;-0,042039179;-0,10133039;-0,758869897;-1,56594859;-0,084079993;-0,038678208;0,18661874;1,495023425;0,330989442;-0,096892333;-0,07652834;1,538746742;-0,043997241;-0,69019109;-0,039416953;-0,088470842;-1,136661881;-0,134707442;0,017475871;-1,096995615;-0,100166806;-0,119155533;-0,053980264;-0,033027261;-0,110551946;0,132446849;-0,086277693;-0,120881409;-0,09958102;-0,07908539;-0,13571554;-0,725630611;-0,011086223;-0,2904954;-0,026046497;-0,082608994;0,414187329;-0,047552291;-1,310159822;-0,130656827;0,893182979;-0,039717242;-0,047947119;-0,041199552;-0,047597902;-0,04934801;-0,035859561;-0,716723366;-0,593587216;-0,126682916;-0,020930501;-0,102502034;-0,083258434;-0,128225729;0,580070605;-0,082246408;-0,038213234;-0,009841758;-0,090382818;-0,089079672;-0,010686619;-0,051937454;0,016042647;-0,013386747;-0,412704304;-0,12619484;-0,048699236;-0,016038684;-0,234929764;0,66908361;-0,030797474;-0,110966681;-0,032349074;-0,095836984;-0,607907583;-0,084581436;-0,054933139;-0,08727911;-0,029518862;-1,020393181;-1,640937442;0,009916246;-0,129188683;0,045792205;-0,066546505;-0,103241567;-0,117988094;-0,091526879;-0,116574846;0,087729105;-0,056360107;1,371957486;-0,097504246;-0,113655433;0,036542536;-0,402794706;-0,08854625;-0,730418063;-0,126876063;-0,030603129;0,387062951;-0,12563887;-0,075970351;0,841184324;0,30370354;-0,071026816;-0,074983831;-0,624335021;-0,017134194;1,057164156;0,065264425;-0,091369542;-0,043846505;-0,081915192;-0,105447286;-0,067028479;-0,10462624;-0,515494444;0,428973005;-0,081500683;-0,101583297;-0,307866827;-0,105562327;-0,04777902;-0,103670554;-0,710019268;-0,050828627;-0,058671339;-0,028564491;-0,263639077;-0,054560664;0,204612938;-0,033229006;-0,074176543;0,866337543;-0,003195686;0,028799528;-0,018031609;-0,035458762;-0,000902243;-0,087986532;-0,108769889;-0,038179436;-1,14962308;1,041198111;0,02892773;1,502902312;1,361401122;-0,094948059;0,878939873;0,390772338;0,052321542;-0,090620126;-0,064327514;-0,044061613;-0,032690174;-0,087293103;-0,746080886;-0,117314834;-0,064153779;-0,089301637;-0,062518624;-0,073712051;-0,03912527;0,427461528;-0,024368331;-0,295203878;-0,132023962;-0,102255461;1,601265022;-0,033292563;-0,00735052;-0,005196548;-0,063814374;-0,122316563;-0,12784382;-0,029545824;-0,085419621;-0,106403855;-0,093082091;-0,042345653;0,891519737;0,563419412;-0,124164859;-0,449317048;0,672896302;-0,044307813;-0,06805515;-0,034540663;0,701094189;0,007207389;-0,101837379;-0,084766682;-0,107362756;-0,728622905;-0,099086363;-1,453898208
-0,130457907;0,590227279;-0,104991481;-0,08158576;-0,047616088;-0,033856241;-0,04700495;-1,476501816;-1,435667233;-0,065637716;-1,694057417;-0,264363897;2,312447336;-0,044054206;-0,094034417;0,339981487;-0,268725797;-0,247322346;-0,765483499;-1,871539061;-0,06052908;-0,041466695;-0,113537544;-0,123673269;-0,065000245;-0,089722286;-0,022670745;-0,01255222;0,374777825;-0,075066616;-0,039114663;-0,031313297;-0,033420817;-0,123677857;0,760602226;-0,079635043;-0,088425159;-0,053271755;-0,122650135;1,72884598;-0,18973879;-0,04834281;-0,083589244;-0,044767564;-0,083199748;-0,034659293;-0,079012339;-1,424494225;-0,120219049;1,025341771;-0,689966011;-0,005210624;-0,058014429;-0,042433663;-0,022788946;-0,088886854;-0,063566426;0,051396348;-0,007106931;-0,038614103;-0,068345026;-0,028611929;-0,052992917;-0,050184509;-0,043396795;-0,426766481;-0,061482581;-0,091176817;-0,058026644;-0,084556188;0,98313575;-0,009332861;-0,029575541;-0,074402219;-0,000126615;-0,065266534;-0,07222005;0,132812528;-0,060385234;-0,074648919;-1,4554877;1,156313924;-0,079715045;-0,050488982;0,073678814;-1,80205842;0,549883145;-0,099101359;0,359625343;1,041864505;-0,08832347;0,337675084;-0,110865257;-0,028677986;-0,358401583;0,530420533;-0,014288477;-1,139346677;0,003209036;-0,016913675;-0,072304214;-0,119955607;-0,066321991;0,597836948;-0,036982829;-0,050005477;-0,066387085;-0,03936213;-0,030042482;0,920602775;0,021575326;1,00953503;0,007746415;-0,055452944;0,17657202;-0,068594468;-0,928273989;-0,075190719;0,488314252;-0,050047174;-0,115846793;-0,008858076;0,227513709;-0,049909431;-0,102334833;-2,075868866;-1,256216339;-0,10353245;-0,031725219;-0,027448401;-0,117894013;-0,113903553;-0,820889679;0,004664194;-0,021355077;-0,052411417;-0,06932029;-0,072475234;0,033640052;-0,027330295;-0,017520461;0,007880362;0,155160158;-0,044256161;-0,115174053;-0,076201935;-0,004962139;-2,604825491;0,04137655;-0,054389085;-0,019038107;-0,020103303;-0,067048723;-0,060002725;-0,048308409;-0,039988451;0,034452549;0,43028069;-1,013894039;-0,052899392;-0,067281995;0,008017919;-0,080413873;-0,029994447;-0,016580742;-0,080322482;-0,108827521;-0,347003795;-0,094026773;-0,184326868;-0,095896741;-0,103032104;-0,112898555;0,942518021;-0,100130458;1,502239915;-0,032045577;-0,080039888;0,941784425;-0,037911512;-0,077310389;-0,662714219;0,036361037;-0,072161095;-0,066688565;1,50488656;-0,033652434;0,546949865;-0,031742091;-0,073610939;-0,069094561;-0,026772282;-0,092917571;-0,034599288;-0,019647602;-0,934611503;-0,593501883;-0,007095397;-0,03258283;0,555861699;-0,013962058;-0,063589428;-0,013830199;1,144935814;0,037544392;0,026049656;0,013738957;-1,069290707;-0,031343918;-0,304949778;-0,079954317;-0,026561767;-0,545392126;-0,046874486;0,001982611;-0,075421061;-0,10791821;-0,068606491;-0,046224323;-0,031612908;-0,020649477;-1,542482196;-0,89531035;-0,026222058;0,113292816;-0,866852138;-0,096806975;-0,902379334;0,248282769;-0,006460096;-0,069816317;-0,039077513;-0,037964526;-0,093163289;-0,103380395;-1,378290646;-0,023655574;-0,039091699;-0,015826569;-0,086910451;-0,033844267;-0,021830619;-0,107400853;0,048695052;-0,175202304;-0,075743218;-0,006915317;1,531469229;-0,093822863;-0,043184037;0,013694618;-0,080478257;-0,052091708;-0,041669488;-0,019448172;-0,036979625;-0,105217405;-0,092060432;-0,070083022;1,502843276;0,45402725;-0,036016798;-0,699560196;0,812259535;-0,083778643;-0,028647014;-0,092483028;-0,150372578;-0,066857144;-0,046911383;0,029668865;-0,039872052;1,849270749;-0,034027192;-0,163207199
-0,118236077;0,734110282;-0,132794306;-0,068771275;-0,038536565;-0,009101371;-0,055853072;-1,239450304;0,574235913;-0,108319813;-0,114862812;-1,522815771;0,890894147;-0,032860936;-0,108934679;0,111402339;-0,05955883;-0,644030216;-2,229338963;0,004731145;-0,064671804;-0,124852675;-0,020204143;-0,793976319;-0,043255865;-0,111962831;-0,076102559;-0,051817893;0,584822258;-0,088318342;-0,039132449;-0,036436254;-0,050364137;-0,749697184;-1,321613941;-0,089914814;-0,045401739;-0,04916093;-0,043660839;-2,025711246;0,233332612;-0,04276558;-0,07705471;-0,076578983;-0,10777191;-0,077912198;-0,043407449;1,347418862;-0,110191018;-0,994757283;0,081454366;-0,015298988;-0,091522686;-0,075630194;-0,112399695;-0,038102996;-0,142010767;0,037421175;0,004821955;-0,075795049;-0,047228315;-0,016352818;-0,080395996;-0,125688158;-0,045492463;-0,171380527;-0,087559525;-0,082808625;-0,203000234;-0,082376303;0,498832484;-0,004546014;-0,093181062;-0,030540379;-0,007651379;-0,12485872;-0,11400655;-0,089270058;-0,022779851;-0,059675222;-1,283090904;0,867527882;-0,109449689;-0,034295618;0,186459436;-0,013170834;-0,383308875;-0,102995215;0,350892968;1,350183931;-0,051942211;-0,39687831;-0,112914434;-0,072966897;-0,571180156;1,341845042;0,017848933;-0,259207163;-0,087901534;-0,070840152;-0,014660789;-0,091830803;-0,058046593;-0,380497128;-0,091062401;-0,044746917;-0,121007185;-0,073673805;-0,083687951;0,015577546;0,036401955;-0,954528553;-0,040644321;-0,102710819;0,687836633;-0,123650536;0,803313953;-0,117405032;0,353107647;-0,108744519;-0,094355339;-0,049823075;0,770012761;-0,0399604;-0,088925022;-0,808824289;-0,149745093;-0,109921214;-0,05480037;-0,074990433;-0,137251482;-0,037169807;0,920518023;-0,050706947;-0,085470433;-0,033462674;-0,006509293;-0,045537211;-7,69E-05;-0,081022254;-0,03307022;-0,074829485;0,066989426;-0,115889903;-0,036777017;-0,034746533;0,247750921;0,994990254;-0,070657874;-0,056495678;-0,068487429;-0,091621562;-0,125652888;-0,090149942;-0,118631491;-0,051194849;-0,030227106;-0,231232484;1,387725787;-0,028022312;-0,090704097;-0,049966859;-0,063888076;-0,120553107;-0,078126813;-0,050284185;-0,089516577;0,307863862;-0,064758741;0,103663677;-0,118232088;-0,126961335;-0,08079463;1,089712725;-0,061493782;-0,467690652;-0,130350656;-0,035621592;0,855928355;-0,039577502;-0,109716855;0,920987466;-1,128562349;-0,10432572;-0,099961112;-1,369377065;-0,038466015;0,479736311;-0,438477187;-0,078667783;-0,078588805;-0,102288311;-0,057613418;-0,060763268;-0,111087722;0,738295904;0,735380933;-0,019110947;-0,06417264;-0,608148446;-0,083873475;-0,036991455;-0,063863725;-1,611160059;-0,00771269;-0,058345587;-0,068940525;0,690786943;-0,08667288;0,140312173;-0,088708686;-0,07737676;0,69941176;-0,007118232;0,030524664;-0,019964696;-0,047017196;-0,072580549;-0,055887718;-0,078723861;-0,100342505;0,053913494;0,786418916;-0,0392373;1,500521441;-0,412654686;-0,058623386;-1,025214732;-1,850365873;0,011590081;-0,141391187;-0,077847228;-0,097880166;-0,025864309;-0,041819472;-0,551043285;-0,130529456;-0,055385126;-0,050673571;-0,038844088;-0,044036504;-0,095302875;0,593568365;0,020405597;-0,049860422;0,185971988;-0,087428064;0,273568294;-0,054581854;-0,070603119;-0,040252565;-0,09455635;-0,124495739;-0,045261402;-0,095755703;-0,07636213;-0,078004525;-0,083107884;-0,078482418;2,105598547;0,154214203;-0,121716427;-1,126013384;-1,463588514;-0,06269904;-0,047125774;-0,138034587;-1,356271949;-0,017834061;-0,061049656;0,007493497;-0,059658417;-1,017944918;-0,108829061;1,414716916
-0,191333403;0,967978686;-0,005066983;-0,076341777;-0,034620298;-0,063179059;-0,051807361;0,542897817;-1,627114431;-0,079866226;-1,409188127;1,729304204;0,505755734;0,029410967;-0,01370405;-1,710696176;-0,82274689;0,283110684;-2,528170041;0,815556307;0,004840306;-0,079447056;-0,062165088;-0,501587786;0,007591561;-0,048992254;0,037277863;-0,032681443;0,264849255;-0,007595988;-0,006343423;-0,067206049;0,040975539;-0,002955552;0,836010839;0,056532133;0,006018383;-0,038543258;-0,030900034;1,032795253;-0,798398964;0,02602962;-0,005343348;0,012553728;-0,049490433;-0,020734056;-0,062820286;0,110851312;-0,026098899;2,056830714;-0,216322321;0,018186187;-0,059107026;-0,040159123;-0,044175107;-0,003780955;-0,018715415;-0,02186965;-0,016279666;-0,008847417;-0,032067605;0,009820108;-0,150299883;-0,00646056;-0,258661774;0,877363903;-0,058078554;-0,065360417;0,390483384;0,026053632;-1,063681122;-0,049315041;-0,038370714;0,010113267;0,043067323;-0,001686147;0,009958542;-0,177255899;-0,076813218;0,014506898;-0,637837069;0,225170359;-0,079464893;0,042146892;-0,126414672;1,483185316;-1,264231833;-0,072862643;-1,388299375;0,617853205;-0,060383073;0,170942467;-0,09058382;-0,048355177;-2,070259525;-0,071662219;0,00927261;0,637048361;-0,05110779;-0,032560571;-0,025784883;-0,032063803;-0,042743026;0,306794856;0,006726917;-0,081676169;-0,048731762;-0,007990666;-0,071675114;-0,108400714;-0,010987114;-2,30729546;0,002053464;-0,075429375;1,502711989;-0,065388913;-1,520406081;-0,044688038;-0,609492524;-0,019694369;-0,044456188;-0,056395301;-0,807615555;0,016998524;-0,021231187;-2,427429619;0,750679953;-0,002158531;0,041343028;-0,020662933;-0,033624395;-0,083111626;1,859949303;0,015668837;-0,065491683;0,003621749;0,004920755;0,015506011;0,007312086;-0,080009102;-0,018258861;0,018690952;-0,36704457;-0,005640069;-0,018451478;-0,079878181;-1,017467875;-0,225299477;-0,050478266;-0,022921102;-0,06849614;0,036165204;-0,048023438;-0,02089353;-0,044060861;-0,092795477;0,054001186;-0,98682241;-0,69140794;-0,023334007;-0,017483285;-0,024683111;-0,071882332;0,00804221;-0,027946226;-0,049366132;-0,060966924;-0,64010197;-0,015713935;-0,537155823;-0,106885227;-0,003051768;-0,114786226;1,903391191;-0,051831712;0,032889492;-0,030810928;-0,055190542;0,361409699;-0,07821743;-0,072136863;-2,289924239;-0,825986872;-0,015530575;0,008162621;0,717885897;0,019186032;-0,406536504;0,066027475;-0,320883369;0,002303313;-0,056069657;-0,079188324;-0,09607418;0,003792711;-1,382407266;-1,785649157;-0,040044228;7,29E-05;0,130454906;-0,000632144;-0,018836073;0,021923296;1,024995244;-0,040730512;0,016199115;-0,009379078;0,757799336;-0,040113784;-0,291228648;-0,026533104;-0,023646721;1,620136409;-0,010682517;0,051245538;0,031637899;0,002644226;-0,026350387;0,002431145;-0,021569534;-0,023195357;-1,025126602;0,69464027;0,041097522;-1,64325708;-0,115148236;-0,025295623;1,707865294;-0,689450918;0,033864349;-0,068983347;-0,087759252;-0,021189578;-0,082755358;-0,090245607;-1,674788213;-0,078075308;-0,00229713;0,007518655;-0,063355282;-0,045896546;-0,002759635;0,334045912;-0,008013443;-0,100096738;0,092250063;-0,026332596;0,374503163;0,043227194;0,010710428;-0,038098515;-0,014645568;-0,07237397;-0,032974552;-0,046478748;0,033857356;0,019770401;0,021105127;-0,029121886;1,020916998;-0,209287825;0,003553435;-1,627105316;-0,45765405;-0,059815511;0,007423218;0,002268081;0,115812662;-0,006807077;-0,00467308;0,039052056;-0,008533883;-1,726889639;-0,042530023;-0,377831967
-0,168884073;1,884295758;-0,017342865;0,004167319;-0,069173314;-0,062747778;-0,001559038;1,135511316;0,211481968;0,006243167;-0,695639826;-0,050899197;0,308468659;0,014118322;-0,022861369;-2,352268746;0,992510702;-0,173845705;1,025611255;0,583076398;-0,057039492;-0,065614078;-0,096982648;0,457118047;-0,002292709;-0,040186525;-0,013964174;-0,069218432;-1,001868542;-0,033288521;-0,060365161;-0,06807859;-0,042550859;-0,911683367;0,049755203;0,040231728;-0,074700994;-0,051360075;-0,083367194;1,739625064;0,025659932;0,024238369;0,026279539;-0,044247283;-0,074628235;-0,054099355;-0,060485586;1,201639346;-0,09124415;-0,482081198;0,012405013;-0,019390639;0,023446941;-0,060259353;-0,060492423;-0,085776011;0,012804723;-0,042722077;-0,004057615;-0,04221621;0,033256871;0,023633928;0,060767605;-0,028714524;-0,062001162;-0,803707739;0,018891405;-0,024174824;-0,860352451;-0,060111415;0,965905559;-0,008246868;-0,036723423;-0,014337874;0,010060681;-0,007478794;-0,034446079;0,063261939;-0,014472936;0,007158869;-0,829925015;-0,396794553;-0,100966461;-0,011045205;-0,075993027;-1,646000404;-0,67363464;-0,015718583;0,729528314;-1,347775871;-0,137664422;0,256636;-0,03792722;-0,065578463;-1,368730436;1,473297345;-0,016108253;1,021838593;-0,046912818;-0,016498538;-0,04268398;-0,025158712;-0,005774418;0,196515864;-0,063014767;-0,046747598;-0,060535586;-0,052597073;-0,006664593;-1,094463941;0,01920906;-1,210802163;-0,025003224;-0,004696685;-0,157162964;-0,030664635;0,226275051;-0,066851375;-1,492115767;-0,03132826;-0,079869795;-0,066312989;-0,234316508;-0,017717296;-0,089490496;-2,283621401;0,039747951;-0,064978996;-0,000543923;-0,05772004;0,004827004;-0,069837247;0,618360649;0,023018106;-0,081865619;-0,00266643;-0,021983418;0,018316118;-0,045663419;-0,00484665;0,029563134;-0,043647605;-0,56244092;-0,033494177;-0,081561811;0,002572396;-0,302167373;0,507483255;-0,070919402;-0,055852893;-0,059456254;-0,023948619;0,400279002;-0,045441824;-0,03880347;-0,008349405;0,014998775;-0,124281597;-0,228761996;-0,062143815;-0,023112697;0,003611382;-0,059115783;-0,038554519;-0,069324883;0,02548509;-0,081245821;1,044875548;-0,074563988;0,210188982;0,019870377;-0,083215137;-0,021567914;-0,564391287;-0,00981696;-0,95823824;-0,079376922;-0,055104152;0,631720269;-0,035977163;-0,002528781;-1,836268744;0,210520965;-0,005692644;-0,069527668;-2,090466684;0,022565826;-1,430433301;0,353593869;-0,475731304;-0,026176742;0,028385299;-0,010566178;0,026113056;-0,04006453;-0,592089548;-0,205104545;-0,039804269;0,012628047;-0,750177603;-0,041760607;-0,039359505;-0,000688427;-1,527248031;0,003808918;0,000618274;-0,127427979;0,8715645;-0,046771428;-0,941817915;-0,049657746;-0,03760835;0,156059087;-0,006477851;-0,022684292;-0,003604643;-0,057658794;-0,019703404;-0,059495911;-0,084068868;0,003629925;-1,871787149;-0,589706241;-0,055426084;0,659108427;1,493512085;-0,038004188;-0,603714616;0,808617036;-0,022275834;-0,079688842;-0,025307182;-0,083863689;-0,010779267;-0,056601152;2,174465703;-0,044099069;-0,022761783;-0,008763277;-0,065332783;-0,016926084;-0,038612403;-1,493859922;-0,020240068;-0,048493683;0,105102229;-0,034923595;0,895842458;0,00140253;-0,062788955;-0,005058422;0,012619867;-0,080028148;-0,061874976;-0,060701721;-0,035488058;-0,073208532;-0,033986092;-0,039889769;0,534933631;0,103777612;-0,052226228;-0,525174625;-0,903870269;-0,079475974;-0,010355776;-0,035218803;0,467523745;-0,040516301;-0,003945534;-0,041515223;-0,054172436;-0,331458324;-0,006010246;0,180124089
-0,101439571;-0,564064847;-0,105574286;-0,100259113;-0,124717608;-0,064485363;-0,104146663;-0,176057468;-1,10065955;-0,053370911;-1,42248049;-1,430133996;0,302277017;-0,015727826;-0,053949791;-0,790190452;2,595319717;0,232332934;0,184387675;0,881197969;-0,102025814;-0,083967445;-0,073789494;-0,005839549;-0,049712648;-0,043068687;-0,073743039;-0,015583076;0,691060158;-0,053192207;8,79E-05;-0,116411071;-0,061213644;-0,156698746;0,989271133;-0,047289832;-0,065894936;-0,111748729;-0,081141141;0,291397738;1,456086709;-0,0578152;-0,073078559;0,023084835;-0,077734205;-0,107692326;-0,1491796;-2,094052409;-0,042959548;-1,711304697;-0,321077307;0,0258426;-0,017093765;-0,138147379;-0,013767999;-0,088169354;-0,101704943;-0,024368883;-0,078859451;-0,028030009;-0,032297441;-0,016278005;-0,03272577;-0,119472102;-0,270567092;0,640683631;-0,062520064;-0,114256577;1,47855277;-0,058559009;-1,813112091;-0,048376216;-0,092062985;-0,041752094;-0,052733995;-0,038975806;-0,037966425;-0,166767019;-0,094186316;-0,042451249;0,787352206;-1,27645872;-0,099808469;-0,027169741;-0,109861402;-0,791469223;0,121032775;-0,024528595;-1,571654783;0,273164227;-0,15984412;0,772357245;-0,105891477;-0,072173599;-0,714632986;0,419104335;0,010147989;0,630792759;-0,062551982;-0,035919975;-0,043133424;-0,120559117;-0,0563302;0,430917416;-0,045979095;-0,052272013;-0,103288316;-0,071187056;-0,109722023;-1,777804114;0,022531397;1,176711326;-0,001882897;-0,040694967;-1,842986259;-0,088043145;1,47510181;-0,072321238;1,597286173;-0,095950833;-0,065037847;-0,074374435;-3,462436614;-0,077966051;-0,112831945;-0,501470466;-0,067480032;-0,12397972;-0,059930828;-0,087442054;-0,106959473;-0,088680681;-1,464384531;-0,04451505;-0,084054028;-0,04277653;0,01163334;-0,050599914;-0,04191177;-0,12280092;-0,023273089;-0,02356507;-0,062612325;-0,096727665;-0,096360495;-0,107741671;0,749131853;-2,305407578;-0,098146374;-0,101220525;-0,101988609;0,005251137;-0,815765678;-0,017770225;-0,039184585;0,001404562;-0,047127524;-0,06545199;-0,659413221;-0,017351952;-0,082781073;-0,013782807;-0,13680708;-0,079938502;-0,00164505;0,002719407;-0,050946695;0,523128106;-0,049049115;-0,126275696;-0,077585081;-0,035483801;-0,006085707;1,751246838;-0,083656394;-1,052887087;-0,106323969;-0,087800278;-0,148653826;-0,112817045;-0,099190453;-0,061416316;-2,211788754;-0,050269636;-0,060887982;-0,601288752;-0,109739062;1,222401277;0,268107474;0,047049092;-0,021152741;-0,050982775;-0,032167859;0,077968755;0,01486085;0,101574808;2,143027311;-0,051897696;-0,013418275;-1,211219654;-0,036694173;-0,07267966;-0,046156233;-1,454825269;0,008891082;-0,035634936;-0,059096012;-1,858645147;-0,057781523;0,548046254;-0,035686769;-0,092297625;0,750360397;-0,000186377;-0,087900881;-0,071558917;-0,099754264;-0,024158917;-0,114634997;-0,112617709;-0,010561746;0,923489471;-1,120885715;-0,070621858;0,544706299;0,632024957;-0,029291401;0,693858452;2,113777749;0,042318608;-0,125719051;-0,104223843;-0,074265026;-0,05219609;-0,119757392;0,304434359;-0,03339031;-0,043583337;-0,031766814;-0,0410738;-0,045529637;-0,050896948;-1,655501651;0,011281579;0,082441145;0,002119512;-0,095116295;1,234681819;-0,085778782;-0,080056474;-0,054864204;-0,039346068;-0,052470314;-0,033485555;-0,062205205;-0,002288744;-0,05894937;-0,04996713;-0,022159859;-1,630656967;0,48443572;-0,049217415;-0,633250116;1,021291997;-0,051664568;-0,072201976;-0,089371005;-1,31357315;-0,00877196;-0,109890848;0,011272075;-0,042784357;1,45143848;-0,089612516;0,489613612
-0,045544843;-1,821548691;-0,086727451;-0,023082141;-0,103300383;-0,044058644;-0,056002388;-0,217309968;-1,15279573;-0,034135589;0,107343208;1,31175892;-1,725915129;-0,035851279;-0,042006558;-0,059183603;-1,628569362;0,114480482;-0,741961274;0,563956247;-0,054744209;-0,036867496;-0,066922737;-0,912960187;0,017301084;-0,057323911;-0,004320016;-0,04191984;-0,864013571;-0,122240797;-0,055562421;-0,05088869;-0,019461469;-0,342102885;0,947043782;0,022401185;-0,030181426;-0,089852347;-0,094168571;0,957474241;-0,648890005;-0,010970932;-0,047694033;-0,004875714;-0,106810435;-0,063588619;-0,043343682;1,452275189;-0,124454445;-2,014869119;-0,203623533;-0,067013303;-0,02451791;-0,083126033;-0,050509343;-0,041823151;-0,074627022;-0,005230104;-0,101751402;-0,090742117;-0,06199836;0,002397773;-0,061706801;-0,029530604;-0,045568919;0,937942009;-0,018084805;-0,105805688;0,600493641;-0,023430396;0,867475017;-0,037545003;-0,002074824;-0,05790769;-0,016078527;-0,096601979;0,008640721;-0,061413587;-0,027512705;-0,082997846;-0,164152544;-0,501077241;-0,132296893;0,045334398;-0,182923139;-0,874009179;0,023241033;-0,013470881;-1,772908187;0,793420309;-0,061104909;0,748247285;-0,092084239;-0,045416766;-1,347658979;0,471857861;-0,015321713;0,38482116;-0,029266817;-0,086395282;-0,083179409;-0,031646901;-0,097861136;-0,07884266;-0,052772236;-0,05223592;-0,088783476;-0,028986321;-0,085597757;1,552046528;-0,029862963;-0,229964932;0,006686271;-0,118689224;-0,86726127;-0,099109439;0,253618188;-0,054873792;-1,535564019;-0,05825454;-0,091908225;-0,069334655;1,293728257;-0,030803955;-0,079116356;0,155159766;1,489835164;-0,103842231;0,007424551;-0,017243393;-0,102533867;-0,100533239;0,094676161;0,009295421;-0,088223751;-0,028004058;0,061075804;0,017892996;-0,024603679;-0,035949595;0,051652184;-0,056461245;0,664336231;-0,055496903;-0,100237197;0,012981474;0,14365287;1,471505746;-0,053347346;-0,051875866;-0,06004213;-0,035901475;0,053037378;-0,043945373;-0,076099951;-0,093274976;0,026168003;-0,369002455;-2,198993088;-0,041380561;-0,063737385;-0,009420084;-0,124247632;-0,05753115;-0,040904811;-0,02447064;-0,054114689;-1,359819116;-0,006459517;-0,634398949;-0,074223001;-0,058747415;-0,011446547;-0,30891556;-0,118729408;-0,638124718;-0,057590544;-0,08607735;-1,080973378;-0,087887926;-0,063340499;-1,491470448;-1,110102978;-0,053394232;-0,088730879;-0,274207159;0,041440286;-0,361813023;-0,063946669;0,188866511;-0,100239593;-0,060708415;-0,073258413;-0,047776837;-0,000637685;0,038303714;-1,11978423;-0,053203542;0,01066024;-1,043473292;-0,053923132;-0,057780248;-0,012563123;0,437945381;-0,019014552;-0,053865477;-0,041787948;-2,048018402;-0,067508234;0,666698118;-0,038236468;-0,050655065;0,71606757;0,020719603;-0,025016389;-0,010612365;-0,079495663;-0,027783885;-0,08619253;-0,087561174;-0,022876444;0,675379371;0,449304096;-0,022799863;1,407274469;1,511826276;-0,079435512;0,012887079;-0,654411148;0,027570975;-0,094623683;-0,121297168;-0,060644604;-0,011061611;-0,120565147;1,761256726;-0,07649263;-0,054978658;0,015896572;-0,033138433;-0,041403079;-0,063104459;-0,229188019;0,01529355;-0,10399125;0,108840268;-0,046021546;-0,016238542;0,021201802;-0,008427559;-0,012956572;-0,030132327;-0,057559443;-0,101151179;-0,014618063;-0,003551188;0,006472267;-0,076082883;-0,06488234;1,855607733;0,156308301;-0,039603251;1,585765867;1,04882612;-0,071533018;-0,022796427;-0,078445242;-1,21834616;0,023057745;-0,085672395;-0,008727495;-0,082866748;-1,070639273;-0,043221861;-2,22126828
-0,377194598;0,488032739;-0,174486496;-0,153605186;-0,116706749;-0,072533832;-0,16002423;0,602974418;1,206935914;-0,116129631;0,340224922;2,740621625;-1,090496014;-0,161589637;-0,157693281;0,228357547;-0,712730789;0,547445257;0,062261763;-2,816212274;-0,126465142;-0,106448409;-0,156804721;0,243756348;-0,070204292;-0,156626121;-0,116613829;-0,095693059;-0,623422576;-0,171281971;-0,086164045;-0,194312643;-0,136641745;-0,204861078;-1,646975775;-0,117851092;-0,150065032;-0,172689656;-0,175886589;0,644308275;-0,83134016;0,006484937;-0,085190371;-0,108338346;-0,151864147;-0,099875246;-0,223932629;-0,863596334;-0,119882026;0,741846554;0,107659081;-0,04306627;-0,129457904;-0,102763417;-0,088475222;-0,167813487;-0,168933787;0,032113551;0,006698002;-0,12745147;-0,099774324;-0,098964467;-0,073771742;-0,124932469;-0,294662596;0,29090208;-0,126001753;-0,102083225;-1,806193874;-0,145894432;0,020528364;-0,039673316;-0,141832012;-0,055776164;0,02316797;-0,116825832;-0,170668611;-0,230451085;-0,015188883;-0,189027162;-1,492565054;0,744468525;-0,115049489;0,002911506;-0,185172822;-0,249954559;0,354834554;-0,098552288;1,761590259;0,101911297;-0,108828391;0,579336348;-0,172113495;-0,125869037;1,50738724;-0,448314628;0,039022806;-1,149211869;-0,068585475;-0,185887743;-0,067046739;-0,199731887;-0,147906113;0,241106224;-0,132149169;-0,179126799;-0,18596443;-0,017279635;-0,178528117;-2,142975324;0,015797145;-1,37384279;-0,006447887;-0,105421324;0,722766536;-0,152432812;-0,675230186;-0,102970705;1,377226367;-0,108308436;-0,189089404;-0,091972547;-1,163616854;-0,125746167;-0,106019104;0,967305873;1,171351627;-0,149050606;-0,077101404;-0,130105893;-0,196154277;-0,178953952;-1,643999077;-0,107472834;-0,121908767;-0,132166944;-0,069396443;-0,151415387;-0,042342355;-0,170236566;-0,014223405;-0,094854856;0,393794291;-0,185314064;-0,162621275;-0,030032687;-0,006136965;-0,206139067;-0,010085412;-0,090687998;-0,131072267;-0,136401819;0,22781503;-0,086750119;-0,134429267;-0,10609724;0,032026563;0,42486345;1,553226553;-0,040568912;-0,198780706;-0,026019285;-0,199978134;-0,13207529;-0,068017823;-0,1489449;-0,159825296;0,727572434;-0,109196452;-0,764581411;-0,160099061;-0,180998125;-0,158804082;-0,322516347;-0,14204597;1,842151978;-0,172747806;-0,181882015;-0,004222732;-0,156757227;-0,135339484;0,621363456;0,559068442;-0,157463595;-0,078437862;1,131362789;0,014153682;-0,438255862;0,369439826;0,124247977;-0,143759221;-0,116637283;-0,152880022;-0,118942047;-0,05478519;0,181834294;1,386582299;-0,093860369;-0,133333915;0,186184153;-0,091141915;-0,189381159;-0,091893464;-0,291036495;-0,017114512;-0,101092157;-0,192938096;1,515093352;-0,108671818;0,329280491;-0,032425663;-0,046038221;-0,164767431;0,023685443;0,068824858;-0,103564981;-0,152410641;-0,073383335;-0,119982653;-0,09609231;-0,074043631;-2,876707909;0,633936024;-0,008471024;1,74023966;0,960794063;-0,150014449;0,704177554;1,11478191;-0,051935086;-0,143298444;-0,112474049;-0,164343778;-0,119462642;-0,101732047;-0,832870935;-0,154411842;-0,030714089;-0,069868141;-0,0897687;-0,025185653;-0,159718185;1,099128425;-0,007927251;-0,033730435;-0,11077473;-0,14113461;1,361255675;-0,1382818;-0,098933022;-0,057339867;-0,168773005;-0,1994954;-0,127367844;-0,124900979;-0,071217284;-0,077008431;-0,121261311;-0,187965777;1,273946267;0,675270626;-0,151361552;0,710122121;-0,377802502;-0,186189332;-0,003336608;-0,152381027;1,156579527;-0,012365213;-0,108108099;-0,057122284;-0,155557733;0,960246655;-0,16610034;0,935084267
-0,100570187;0,13931826;-0,079775823;-0,081585152;-0,054618544;-0,073515551;-0,059265961;-0,846050437;1,770695478;-0,026147956;1,748226497;-0,224464391;-0,032083692;-0,057615822;-0,087021051;1,657164593;-0,391422148;-0,00200324;0,95247168;-0,370962609;-0,042094284;-0,105873342;-0,081135655;0,119422806;0,03017966;-0,012060377;-0,009931958;0,027024259;-1,450901141;-0,086116908;0,008827323;-0,030184656;-0,008529837;-0,501488162;0,060588715;0,017316119;-0,052839922;-0,074303242;-0,019934751;-2,405084242;0,509110618;-0,009211676;-0,040998392;0,003738308;-0,085968865;-0,060194913;-0,037007953;0,942262613;-0,01542778;0,171903822;0,138211149;0,015671722;-0,084178985;-0,113475799;-0,003607707;-0,098397212;-0,109146064;0,007158149;0,037473064;-0,050475248;0,017805118;0,0180135;-0,057139374;-0,00160527;-0,015474079;0,783620608;0,00190756;-0,064549856;-0,412649725;0,001067053;0,715759814;0,047795878;-0,065918208;-0,021506652;0,010141494;-0,076799179;0,002797253;0,077078574;0,001547993;-0,070039299;-0,887035575;1,380981394;-0,072217634;0,038215664;-0,002276355;-1,440359976;0,069647462;-0,010957452;0,132215026;-0,097642065;-0,052288348;-0,254457607;-0,108646911;-0,055082249;1,041335515;-2,283860734;-0,018801645;1,934645605;0,001073768;-0,025431631;-0,004055727;-0,033912103;-0,061542377;-0,079278669;-0,04830091;-0,028259783;-0,012755245;-0,083641975;-0,057718935;-0,993271966;0,004919209;-1,192645946;0,041779993;-0,048986217;1,009589305;-0,076401634;-0,496110633;-0,10894285;0,660691743;-0,075942084;-0,06229217;-0,04049548;-1,349862027;-0,042601004;-0,065576886;0,788679427;-0,377945346;-0,06673005;0,022442305;-0,033605844;-0,064131098;-0,088789007;-1,450762547;-0,027632031;-0,08182608;-0,023698459;0,103210034;-0,070790899;0,021833405;-0,030059631;-0,055327934;0,008328466;0,654150058;-0,016526833;-0,043453586;0,008358211;0,174865355;1,173437264;-0,020983119;-0,017831563;-0,088127273;-0,032866151;-0,641464989;-0,014764569;-0,07890303;-0,111124295;0,039874838;0,612637515;-0,265687871;-0,080345519;-0,072604246;-0,049675948;-0,014795142;-0,054401004;-0,079990005;-0,093309776;-0,022718135;-0,344690921;-0,095771991;0,056462036;-0,07352775;-0,012983644;-0,155024574;-1,68229289;-0,073551429;-1,471061036;-0,017380443;-0,007763339;0,807330939;-0,022428841;-0,056912362;-1,298632469;-0,94371843;-0,020119729;-0,019082949;-1,908765484;0,012813819;-0,033960536;-0,348022486;-0,164724935;-0,048969074;-0,04123592;-0,053218133;0,077561872;-0,024467867;-1,15264297;0,929404369;-0,003788497;0,007603055;-0,290807359;0,013904416;-0,050464131;-0,076893808;-0,242790256;-0,040338469;0,018012194;-0,071662204;0,34539971;-0,071540932;-0,252717349;0,054454705;-0,054548146;-0,562865314;-0,018743461;0,084668736;-0,014040747;-0,059316381;-0,024871949;-0,023797863;-0,02334455;-0,029704052;-0,751028919;0,538471583;0,001382016;-0,40178152;-0,096845216;-0,074282852;0,449007443;1,037001752;-0,032531786;-0,03807022;-0,022180612;-0,056670315;-0,046173932;-0,082464277;-0,82777998;-0,096295572;-0,024833847;-0,03271016;-0,045396451;-0,06919601;-0,059716496;-0,612365686;-0,03634143;0,071504142;0,020001208;-0,030664905;1,288727685;-0,007981313;-0,024479464;-0,021650006;-0,051443549;-0,041920168;-0,090775817;-0,050189803;-0,028906626;-0,007785419;-0,033402915;-0,097007424;-0,552680488;-0,033474992;-0,072519433;0,329653786;-0,560490189;-0,054374195;-0,086687887;-0,024445497;0,446025588;-0,049784565;-0,107390889;-0,045275994;-0,096503783;-0,869333163;-0,000743817;-1,8795948
-0,199886476;0,588592614;-0,110005552;-0,086470557;-0,110449372;-0,067277423;-0,121444839;-0,007959051;-1,044467647;-0,145256632;-0,901338367;0,895351738;0,769415293;-0,107791152;-0,104268644;-0,33458922;-0,464811425;-0,866240176;-0,710812189;1,031613542;-0,117384571;-0,176669202;-0,190424021;-0,264350857;-0,118197738;-0,127379258;-0,131714357;-0,117213759;1,764639245;-0,128060609;-0,112378975;-0,134581329;-0,076342455;0,595383629;1,048159229;-0,130990652;-0,080677689;-0,117823492;-0,100517696;0,678211568;-0,537057197;-0,088408602;-0,123784216;-0,148664975;-0,117883139;-0,087497037;-0,050429651;-1,9386811;-0,071581767;0,973294088;0,05963563;-0,094747227;-0,102112605;-0,176422588;-0,1004565;-0,163773688;-0,11199025;0,029365927;-0,079706494;-0,127170458;-0,010196021;-0,093809545;-0,036540308;-0,130439395;-0,070704577;-0,460795558;-0,162084355;-0,123784786;0,82681088;-0,07653572;0,816423151;-0,006435018;-0,107410517;-0,073092124;0,016226678;-0,093795656;-0,15152349;-0,068210447;0,020607089;-0,115699483;-0,240509541;2,887535765;-0,066650902;0,023591811;-0,021091019;-0,704663955;0,134478569;-0,074776545;2,251081561;-1,03168209;0,028833668;-0,626569243;-0,176582174;-0,143016718;1,853881736;-0,357009858;0,007085381;-0,121408122;-0,148372411;-0,170236597;-0,046701586;-0,107166307;-0,076415075;0,15730137;-0,184701468;-0,09335917;-0,091064314;-0,078254015;-0,164898314;0,177271294;-0,036632463;0,804866428;0,041601171;-0,125100763;1,687335249;-0,102736193;0,953618304;-0,109204388;-0,119384829;-0,181680144;-0,113725228;-0,126992927;0,356195867;-0,086939116;-0,110072453;1,237863888;1,025319259;-0,10205809;-0,116205101;-0,138833308;-0,117540013;-0,171514938;-0,549589426;-0,07078934;-0,102606452;-0,085285292;-0,005454433;-0,063172397;-0,033034836;-0,151462745;-0,008701469;-0,108602959;-0,439960355;-0,213476758;-0,111146218;-0,133888082;-0,748374169;0,226978997;-0,040972601;-0,158404909;-0,16029909;-0,095238303;-0,490695204;-0,164158155;-0,181172068;-0,014747501;-0,032291185;0,077224383;-1,24591546;-0,038608847;-0,160834253;0,041255452;-0,095784936;-0,168741763;-0,122719962;-0,170635792;-0,112100677;-0,037877229;-0,101361608;1,892649551;-0,095588765;-0,101366589;-0,331844979;-1,043141496;-0,111081834;-1,118713073;-0,123032412;-0,110593758;-0,203429054;-0,116240303;-0,111150447;0,626464874;-0,036539018;-0,076270805;-0,129156991;1,136102919;-0,209596643;0,877390306;-0,295425907;-0,291592345;-0,141881834;-0,102198804;-0,175735806;-0,088597612;-0,122444007;0,207055681;0,085035109;-0,080883417;-0,124738492;-1,437807076;-0,144710874;-0,170791133;-0,136709155;-1,412576161;-0,019759202;0,02305243;-0,209683332;-0,383647262;-0,135441326;0,001382382;-0,082050604;-0,037430137;0,479298434;0,025193081;-0,111072624;-0,069341443;-0,11916227;-0,116938775;-0,135490303;-0,126242994;-0,068018001;-0,05099436;-0,036218862;0,041073505;0,265572813;-0,287556805;-0,186019234;-0,892629008;2,086949684;-0,039075166;-0,144338816;-0,172186294;-0,136473004;-0,132628061;-0,174920528;2,628040902;-0,11681117;-0,052705136;-0,134115158;-0,083881082;-0,027242638;-0,085510195;-2,190844421;0,023385793;-0,285272388;-0,203774624;-0,154771658;1,051392481;-0,121954115;-0,056922076;-0,028517553;-0,137464556;-0,096395502;-0,131676568;-0,124328558;-0,13509482;-0,138440461;-0,074286406;-0,177715937;-1,817513211;0,426096803;-0,1062373;-0,392589461;1,639806024;-0,167062994;-0,053870327;-0,102595087;-1,689686388;-0,081598183;-0,162523235;-0,121319397;-0,17256542;-1,422634131;-0,136170416;1,893686094
-0,114635734;1,131562433;-0,103888247;-0,087134699;-0,118470035;-0,120368542;-0,081428847;0,255485413;0,635551164;-0,133148039;-1,043878187;-0,339652299;-1,387712268;-0,100390778;-0,089014558;1,999815453;0,286443668;0,531016542;-1,208743093;0,233637242;-0,087114698;-0,086953042;-0,050813487;0,597076122;-0,016595845;-0,138712957;-0,076121962;-0,08481805;0,192637648;-0,131444528;-0,013342003;-0,041053482;-0,033348522;0,211722369;1,29839275;-0,053712275;-0,092729497;-0,080065081;-0,066854106;0,521053393;-0,685714443;0,014104232;-0,080765173;-0,058841697;-0,122515514;-0,14352462;-0,133056273;-1,317158098;-0,096743567;-0,350281926;0,082816744;-0,085327199;-0,102967525;-0,057698966;-0,026281221;-0,110573448;-0,059932742;-0,0510538;0,029260791;-0,097046215;-0,032082849;-0,037974188;-0,079620142;-0,063682193;-0,360792745;-0,701137329;-0,013702438;-0,059382321;0,074686501;-0,076052125;0,854741353;0,01768273;-0,050307221;-0,096617897;-0,013684991;-0,124862819;-0,079032216;0,00122653;-0,057979113;-0,079428811;0,717951596;1,077464391;-0,017034419;-0,006409817;-0,029865279;-0,901044755;-0,413303589;-0,105832678;0,589710622;1,09611536;0,007322317;1,027352425;-0,072542887;-0,131927443;-0,527407834;0,548491973;-0,050862764;-0,98361106;-0,10672412;-0,108130409;-0,087773459;-0,103208716;-0,112963728;-0,342766319;-0,077776934;-0,110060474;-0,11262643;-0,010494243;-0,093713842;0,975015071;-0,029052274;-0,874321886;-0,026574265;-0,137522852;0,386088827;-0,093914068;1,082117802;-0,042239955;0,212818943;-0,063025367;-0,119650515;-0,022811275;-1,072757768;-0,020893246;-0,099727901;-0,15627796;-0,438997808;-0,11256181;-0,042161105;-0,101857243;-0,049942443;-0,058740216;1,955895795;-0,096162409;-0,132100303;-0,050331941;0,014442415;-0,033289465;-0,057164014;-0,107734191;0,022610044;-0,007151913;-0,380505042;-0,155171436;-0,102849217;-0,009570803;-0,087588046;0,594553217;-0,184315907;-0,07365124;-0,093900853;-0,047955258;0,169789999;-0,070045496;-0,108784909;-0,158905009;-0,002735127;0,486351266;-0,638761763;-0,099363348;-0,08968726;0,033094154;-0,147755591;-0,057453743;-0,08484205;-0,075155961;-0,085213885;-0,213570971;-0,084178205;-1,549868515;-0,152009619;-0,042794255;-0,06331268;-1,059121671;-0,104458893;-0,617865079;-0,110889228;-0,114083807;0,914616663;-0,035313868;-0,103092364;-0,844587004;-0,420578901;-0,101062886;-0,107674168;1,266462983;0,115791454;-0,372326772;0,28297839;-0,103375823;-0,088552626;-0,06859969;-0,066028493;-0,045345395;-0,028424745;-0,744261655;0,104184916;-0,09361123;-0,046009405;1,161483591;-0,018030518;-0,136309612;-0,093989555;-1,829458178;0,023859554;-0,060977232;-0,035917163;-1,152885296;-0,060714623;-0,429883897;-0,01386022;0,007334346;-1,228180832;0,016536313;-0,006370385;-0,084348663;-0,08423935;-0,036196934;-0,135423537;-0,053201443;-0,042761749;0,071305068;-0,019174446;0,022839665;-1,718393133;-0,927735617;-0,052573798;1,074508332;0,653098379;-0,023365532;-0,109700655;-0,130917261;-0,127487145;-0,079543627;-0,099498245;1,143767864;-0,08750994;-0,029064862;-0,08178808;-0,086554129;-0,094908808;-0,089814221;-0,106499987;0,051407794;-0,362208345;-0,004966431;-0,070118959;-1,081304023;-0,01651115;-0,077345195;-0,063883435;-0,040255646;-0,103687508;-0,119731804;-0,123898842;-0,020679139;-0,11630557;-0,096520405;-0,109358224;1,378880323;0,710417061;-0,09286964;-0,936083849;-0,452902988;-0,064310053;0,001599112;-0,110403089;0,067362591;-0,000723436;-0,045419217;-0,06165655;-0,12758552;-1,079460979;-0,035219385;-0,215457352
-0,271952151;-0,854236436;-0,158548956;-0,160804356;-0,149599491;-0,094365483;-0,046722118;1,288146006;1,450032076;-0,171717919;2,578507156;0,067848965;-1,886975829;-0,120643657;-0,139540513;-0,578028167;-0,692777333;1,136705327;-0,046433063;1,152746025;-0,130512557;-0,170587476;-0,187511436;0,029609603;-0,074015998;-0,088569593;-0,059483148;-0,054032034;1,011124767;-0,097541127;-0,120425166;-0,072178473;-0,017004704;-0,214216739;-0,364566763;-0,091238264;-0,079044918;-0,150516263;-0,155845731;-1,286087069;1,620554188;-0,068396014;-0,033308091;-0,071856584;-0,183908404;-0,153172431;-0,113475346;-0,352026042;-0,083548551;1,903384089;-0,453359484;-0,032944083;-0,057240334;-0,082980419;-0,118831379;-0,150825518;-0,161217872;0,009173505;-0,023190174;-0,137000858;-0,100417077;-0,085811958;-0,132213839;-0,15962403;-0,015420407;-0,216554526;-0,044883583;-0,077891443;0,64993562;-0,113649976;-0,627359673;-0,013735275;-0,049900551;-0,073389804;0,033249705;-0,135659564;-0,062818368;-0,106434016;-0,092306838;-0,077230201;-0,094251162;-1,343428941;-0,151594652;0,00929387;-0,082939728;1,963027116;-0,297934576;-0,135849967;-0,541736494;-0,62725788;-0,100247325;-0,197243248;-0,123043326;-0,103996628;0,348023157;-0,776283554;0,042921567;1,43289576;-0,064725682;-0,1644509;-0,069655246;-0,084568552;-0,116862573;-0,376920124;-0,134897916;-0,157178267;-0,160859868;-0,089478844;-0,147545781;-0,328002903;0,010924155;0,392930045;0,036165012;-0,11323874;-1,065673818;-0,127293627;0,948378635;-0,08276089;-1,800208886;-0,09124886;-0,081135591;-0,146512245;1,542192959;-0,132611515;-0,166944663;-0,263273241;-0,655688114;-0,105627448;-0,113874149;-0,054053521;-0,115468314;-0,136335414;0,417305506;-0,073251299;-0,13812059;-0,053835291;0,022153491;-0,0775061;-0,059791731;-0,166440609;-0,020674007;-0,105397146;0,688412813;-0,157993734;-0,106009037;-0,033330531;-0,333459426;0,330387046;-0,094398011;-0,121471011;-0,113655802;-0,130178702;-0,498429871;-0,06780867;-0,091835295;-0,06377317;-0,066902532;-0,929353658;1,048514969;-0,010162453;-0,088535371;0,037826244;-0,169485435;-0,15644078;-0,140207378;-0,105619931;-0,141001187;0,359926918;-0,158977728;-3,25489707;-0,129232403;-0,103408429;0,123359875;1,063870197;-0,158003313;0,073087015;-0,122103123;-0,12459451;-0,369776823;-0,14719998;-0,119210253;-2,129087804;-0,740908069;-0,046830772;-0,076691493;-2,193541399;0,112411642;1,538362014;-0,669223675;-0,201691811;-0,095267708;-0,128878558;-0,115752779;-0,035386114;-0,116348734;0,827847356;1,728356507;-0,056605487;-0,10633276;3,696043997;-0,053458479;-0,092599893;-0,128485366;-1,204496436;-0,043779331;-0,047355151;-0,117161782;-2,186234974;-0,052079086;1,498619357;-0,062006698;-0,102257736;-0,338454969;0,039215723;-0,087013759;-0,06825166;-0,118300156;-0,026784655;-0,109934602;-0,150748034;-0,036896248;0,168098733;-0,792171715;-0,029346686;-0,800161869;-2,367193782;-0,176826522;1,963960996;-0,162101996;-0,023677511;-0,158261137;-0,12912802;-0,076755035;0,01536447;-0,114513139;2,843009497;-0,131029137;-0,039416584;-0,094543526;-0,102176276;-0,073735036;-0,120220103;-0,931857699;-0,027392209;0,032281829;-0,012562472;-0,062893638;-2,033060466;-0,070733505;-0,028320223;-0,018439044;-0,143063748;-0,13228456;-0,155868051;-0,099525564;-0,018147806;-0,076338835;-0,051014752;-0,143412439;1,921609475;0,888809172;-0,105348955;-0,935517473;0,56463565;-0,116927649;-0,111915016;-0,158320696;-0,468684994;0,010336638;-0,102682631;-0,078364181;-0,157297042;0,62791905;-0,092145553;-1,175708132
-0,027469382;-0,672921087;-0,063065927;-0,111772457;-0,099465389;-0,080097593;-0,067353468;-0,758326423;-1,886193882;-0,099933149;-0,218939812;-0,068285498;-0,258742784;-0,002783417;-0,094764896;-0,479534369;-0,278311404;1,116738719;-1,285126148;-0,075200633;-0,075287956;-0,086567794;-0,075529973;-0,843975893;-0,042041059;-0,113816581;-0,099626086;-0,019306541;0,767576805;-0,094016651;-0,008299832;-0,051056645;-0,086296001;-0,662322798;0,211594838;-0,003988046;-0,116215955;-0,095001307;-0,084751803;-1,353242712;-0,958487901;-0,062119082;-0,00183178;0,014723426;-0,081906725;-0,064275852;-0,015704934;0,881658969;-0,032249729;-1,009240437;0,365484729;-0,061239179;-0,091496654;-0,07419228;-0,05856878;-0,055525838;-0,102746406;-0,019305851;-0,001260969;-0,076239573;0,010859019;-0,048043712;-0,078142974;-0,025419819;-0,34758542;0,833486137;-0,00142262;-0,057451051;1,506035657;-0,024536813;-0,85850105;-0,005624968;-0,045830736;-0,093164522;0,045620077;-0,102058463;-0,003012915;-0,318266588;-0,026077545;-0,016392856;0,795394105;-0,011811671;-0,010482712;0,002616225;0,124845923;0,972813718;0,697278445;-0,049559056;0,577513903;-0,844291825;-0,137264175;-1,167964675;-0,114567409;-0,081894812;0,084025058;0,467158331;-0,007632624;-0,416645263;-0,060267576;-0,114898323;-0,035233159;-0,099504706;-0,074467422;0,451603036;-0,035951179;-0,047076543;-0,084364196;-0,065184824;-0,109771059;-0,847585474;0,035762652;0,544131759;0,00105191;-0,092764319;-0,991653882;-0,047325694;-1,099818742;-0,099496241;-1,636264;-0,021841752;-0,096400562;-0,06128075;0,553490472;-0,020970943;-0,012480729;-0,524873445;-0,696927068;-0,032828313;-0,041334626;-0,077169748;-0,021259437;-0,084521443;-0,418138939;-0,063885806;-0,089954798;-0,008445485;-0,001793333;0,000962332;-0,002783878;-0,115327891;-0,037082677;-0,00454232;-0,113925782;-0,03902165;-0,06812802;0,020113084;-0,330250998;-0,812752749;-0,046961915;-0,026066448;-0,063349469;-0,011185518;-0,775568828;-0,064397958;-0,051661486;-0,080646536;0,016940072;0,672354175;0,356246053;-0,018863637;-0,075161832;-0,050931094;-0,069869131;-0,044800311;-0,080837029;-0,089088406;-0,095407128;-1,750754136;-0,029215128;0,92442179;-0,014494682;-0,090941351;-0,067823481;1,362429928;-0,042382259;-0,128356465;-0,11511205;-0,053688161;-0,4183444;-0,023847976;-0,050272543;-1,003528357;-0,287503348;-0,055722836;-0,079231468;-0,947009791;0,141025315;0,459641244;-0,045629349;0,048323684;-0,011161477;-0,025587659;-0,028050208;-0,038190438;-0,058093674;-0,113283445;1,456096173;-0,024189934;-0,049335848;-0,480934226;-0,044044581;-0,037180255;-0,055259294;-0,078208102;0,024545464;-0,046601027;-0,032515345;1,688497068;-0,01975268;-0,041362635;-0,010412056;-0,04504046;0,346158509;0,039572468;-0,017857352;0,001282017;-0,010964248;-0,00714865;-0,09611744;-0,072832495;-0,036960056;0,631585289;-0,98274894;0,030870105;1,06870615;0,232695934;-0,065766227;-0,418175356;1,291687072;-0,036910457;-0,020537995;-0,098979193;-0,092983259;-0,150891036;-0,083810182;-0,492999632;-0,104994963;-0,015864166;-0,068060734;-0,036600411;-0,047379495;-0,101360338;0,225589803;-0,016569363;-0,271531996;0,052685114;-0,082413699;-0,190009069;-0,01773441;-0,076918096;-0,016507564;-0,038381401;-0,050037846;-0,027581309;-0,077652452;-0,03196177;-0,004016232;-0,006721336;-0,078862561;-0,313968637;-0,780647761;-0,029099006;0,608748881;0,255172046;-0,089573458;-0,043585317;-0,014842433;1,151637505;-0,02009736;-0,026101684;-0,085489749;-0,05347077;-0,477857202;-0,041227155;0,899813899
-0,248890476;1,460219968;-0,124822178;-0,077384113;-0,067485979;-0,075982194;-0,0985296;-1,108155054;-0,198741489;-0,143446133;0,613825033;-0,601001015;-0,734746566;-0,056066396;-0,038649728;-0,720443501;-1,985825502;0,686693068;-2,016939922;-0,836929285;-0,118775053;-0,138963037;-0,145487819;1,416572488;-0,089683441;-0,107573448;-0,093060264;-0,039306391;1,242423569;-0,148746086;-0,065299071;-0,131893841;-0,111861497;-0,216234772;1,318342732;-0,037097364;-0,117561429;-0,13487035;-0,094761513;-0,865534287;0,456049446;0,011730722;-0,01396814;-0,019004007;-0,111845903;-0,122428108;-0,178664861;2,663312353;-0,108169708;1,74631681;0,166043028;-0,08227751;-0,078184967;-0,092443505;-0,109716867;-0,082385818;-0,152104583;-0,039701664;-0,075516116;-0,13718308;-0,007226235;-0,105706081;-0,140923101;-0,089877911;-0,565802535;0,012555037;-0,105230383;-0,068270938;1,468159427;-0,095297729;2,179369957;-0,022651564;-0,035843748;-0,040147655;0,009603938;-0,119689786;-0,123265268;-0,014779832;-0,064673019;-0,068787564;0,663453836;-0,70576752;-0,121563856;0,016929841;0,063902581;0,892167668;0,829403286;-0,139823033;-0,494370968;1,653423385;-0,142587223;-1,289987129;-0,114364136;-0,138772364;-0,102505774;-0,096301735;-0,018227191;-0,826830825;-0,045439404;-0,10553918;-0,090253009;-0,071157637;-0,047880305;-0,043441084;-0,132742815;-0,140921009;-0,144035788;-0,083712928;-0,148120884;1,569740975;-0,039600327;0,552308647;-0,048135659;-0,069179033;-1,07989095;-0,085516287;-1,084325135;-0,129496943;-0,992822048;-0,088811312;-0,080886656;-0,045181978;0,951828742;-0,040875129;-0,055178478;0,111689083;-0,040056767;-0,120377596;-0,016865967;-0,095433051;-0,082889173;-0,050060963;-0,345215706;-0,04519532;-0,062187175;-0,017976068;0,041997329;-0,039469887;-0,031291006;-0,055906606;0,034180169;-0,114662368;-0,858614483;-0,133092794;-0,153110062;-0,081130836;0,170680906;2,213112784;-0,092932079;-0,102834306;-0,137674706;-0,075794875;-0,242919999;-0,133035192;-0,043205825;-0,054778033;0,030797581;-0,722401362;-0,823366473;-0,06813134;-0,161308275;0,041091743;-0,061952449;-0,124017567;-0,050439976;-0,089910153;-0,102385534;-0,597525097;-0,107465365;0,724711967;-0,065572038;-0,150563559;0,022510077;1,151600645;-0,0861108;0,391547183;-0,067983371;-0,11736897;-2,398929785;-0,093060229;-0,105157781;1,02295379;0,606058148;-0,053373113;-0,092801338;-0,534035082;0,088364867;2,484915838;-0,518379553;-0,629446082;-0,047220696;-0,069833472;-0,113807066;-0,025093349;-0,045094902;-2,688519079;-1,877324915;-0,097523145;-0,03189879;-2,371278202;-0,061977291;-0,111548477;-0,063018348;-0,749409804;-0,011610482;-0,055085478;-0,086761505;-0,89985265;-0,082414762;-0,321767388;0,062271044;-0,042927753;-3,189341737;0,00813565;-0,03011423;-0,016022022;-0,037881133;-0,073648567;-0,063593248;-0,061805698;-0,104121783;1,209862404;0,114903202;-0,034015768;-0,515763652;-0,189756729;-0,124535564;-2,106309483;2,224290789;-0,014974725;-0,089483632;-0,141726349;-0,130867883;-0,073978619;-0,157149555;-1,54770789;-0,1220847;-0,007128902;-0,112373451;-0,120925125;-0,058374906;-0,093358884;1,407470713;-0,033197161;-0,074790017;-0,051413822;-0,075909525;1,423916764;-0,078796397;-0,041389199;-0,043471436;-0,146195948;-0,083913326;-0,121033274;-0,052564627;-0,03789638;-0,119150327;-0,021629223;-0,050873057;-0,301059408;0,449348196;-0,095280616;-0,912447818;0,558000471;-0,149942294;-0,058778293;-0,129042371;-2,183679271;-0,02145274;-0,135095362;-0,001449668;-0,099001938;1,628081196;-0,06834778;-1,207018685
-0,095290907;-0,744742803;-0,124445277;-0,048922006;-0,085631283;-0,060335788;-0,022778144;1,299767627;0,02091629;-0,134273979;0,641424201;-0,558772256;1,209150774;-0,116158409;-0,110659951;0,817297982;0,974282839;-0,848953675;1,735928933;-1,022680486;-0,133751093;-0,067484939;-0,091273289;-0,417768782;-0,007793959;-0,105489602;-0,042686473;-0,068152967;-1,534126328;-0,105684473;-0,010420027;-0,069998491;-0,020011602;-0,301980026;1,133567306;0,01245605;-0,080962694;-0,100464178;-0,122343576;-1,303892008;-1,94935504;-0,084720168;-0,046466942;-0,070558974;-0,062871468;-0,079547355;-0,023214101;0,710191626;-0,092060207;0,96844558;-0,674707443;-0,051719783;-0,037390301;-0,140134613;-0,001700133;-0,076395302;-0,066702364;0,032818481;-0,058371633;-0,10500732;-0,043546532;-0,084055956;-0,016915444;-0,063670363;0,097127148;0,656863018;-0,097279071;-0,124801295;-1,111277173;-0,08155966;-0,351730661;0,050584366;-0,048661493;-0,034468164;0,00490941;-0,071276447;-0,025383898;-0,170486847;-0,0410198;-0,120174864;1,387811588;0,00721906;-0,115136165;0,034905179;-0,121469828;0,816566265;-0,232316138;-0,123730398;-1,528115128;-0,41178716;0,076040595;0,292400598;-0,115944476;-0,075914379;0,443206944;0,226209671;-0,055008756;0,770388413;-0,026582721;-0,099992342;-0,086105414;-0,057913925;-0,085328226;-0,875511853;-0,125854293;-0,112557216;-0,054647605;-0,050401964;-0,081467046;1,10711729;-0,033373743;1,439351858;0,021515615;-0,065473146;-0,083517465;-0,107015327;-0,298055133;-0,102956885;-1,000749584;-0,074485256;-0,074473957;-0,067787119;-1,221266168;-0,049651038;-0,134600095;1,298684146;0,206853836;-0,13913482;-0,043790767;-0,086127776;-0,058169754;-0,098450344;-0,856907613;-0,080397843;-0,139381828;0,007676496;0,012980567;-0,001158098;-0,028818454;-0,073928398;-0,000739657;-0,083313979;-1,091673377;-0,112621707;-0,136276829;-0,013630309;-0,542839145;-2,060845505;0,07278916;-0,086202847;-0,114025085;-0,021928158;-0,922651603;-0,114423948;-0,094522484;-0,043041758;-0,031120546;1,192810285;0,720041413;-0,014465669;-0,132413641;0,049003924;-0,090365254;-0,135166453;-0,083843953;-0,093733421;-0,070332243;0,447029316;-0,083444557;-0,628809582;-0,055250252;-0,126049777;0,129115576;0,150045541;-0,131111365;-0,157592731;-0,049375486;-0,083762424;3,048464884;-0,043420804;-0,043810662;-1,066790881;0,295780594;-0,071172592;-0,083710147;-1,329058395;-0,176033621;1,661003684;0,177064103;-0,401411149;-0,028262733;-0,06208152;-0,082335368;0,038894575;-0,069330892;-0,678091998;-0,519400302;-0,072550631;-0,020246421;-0,9147393;-0,023012184;-0,114112745;-0,096521946;-0,455049757;0,049361793;-0,013240261;0,024061359;-0,813961108;-0,007425193;-0,285212647;0,000106485;-0,05139899;0,21377776;0,02019861;0,008028086;-0,049407121;-0,003653047;0,005025591;-0,024669703;-0,124749391;-0,05621708;-0,832491408;0,655609867;-0,006440308;-0,576260084;-0,278611834;-0,053666534;-0,679660672;0,56425672;0,002901294;-0,03554002;-0,098752784;-0,079672426;-0,098787635;-0,05047004;0,524120798;-0,048488222;-0,089099357;-0,033903731;-0,097141907;-0,098491686;-0,114301234;-0,806772642;0,019339915;-0,206160186;0,0287744;-0,071156823;-0,224973831;-0,053553587;-0,10173269;-0,024392724;-0,06102363;-0,072376109;-0,037316636;-0,075776467;-0,076992339;-0,104868642;-0,065927479;-0,037471848;-0,459155743;-0,425609315;-0,086644488;0,08492926;0,733894075;-0,081133648;-0,011855423;-0,091759978;1,146911768;0,027741118;-0,122057499;-0,006795711;-0,081033701;0,999353971;-0,093881624;1,58617514
-0,163813474;-1,759017233;0,006961787;0,017198307;-0,010002699;-0,076428885;-0,041273863;-0,695374726;-2,699240271;-0,064729586;0,305771935;-0,099990561;-2,027095879;0,030679056;-0,038865063;-1,973120224;0,585567105;-0,351014912;0,371711893;0,139297037;-0,007716135;-0,004077101;-0,071199644;0,424958729;-0,048083359;-0,054030159;-0,00342258;0,052057551;-1,609237257;-0,069221063;-0,009888258;-0,03882306;-0,030456652;1,13051423;-1,88372711;-0,008794575;0,007427192;-0,080624825;-0,024417922;-0,284242172;-1,217099441;-0,073478212;0,016196386;0,053369417;-0,00624517;-0,061277164;-0,051931708;-0,483043403;-0,08975532;-0,093382503;0,063321064;0,013725665;-0,041795368;-0,006329737;-0,008310879;-0,015664889;0,013888092;-0,041633432;-0,050070458;-0,051084603;-0,050121613;-0,01515967;-0,035152521;-0,009569641;-0,101416097;0,040566555;-0,004925735;-0,007046208;1,379123034;0,018918893;-0,852698317;-0,040416236;-0,044799649;0,020905329;0,046200156;-0,038659005;0,029759899;-0,168319391;-0,008771279;-0,057423581;-0,126507156;-1,977497409;-0,086258796;0,053121257;0,133922957;-1,291793265;0,761348686;-0,078806134;1,226659155;-1,801035367;-0,117207386;-0,954585798;-0,020461461;-0,003591165;-0,706059769;-0,25702862;-0,04873486;1,170194665;-0,04137471;-0,082013072;-0,062368821;-0,042819585;0,004155232;-0,395632363;-0,060726404;-0,042373104;-0,072439325;-0,012281596;-0,000937143;0,465188646;-0,048348109;-1,425794419;-0,038684991;-0,087927353;-0,918553402;-0,063370963;2,116520151;-0,027258814;-0,799645359;-0,049311653;-0,058254634;-0,065808479;-1,343249841;-0,054305538;-0,056896808;0,036368933;0,201609047;-0,053263657;-0,029514333;-0,047707765;-0,077399723;0,010201248;0,499433507;0,003403819;-0,024215994;-0,054202547;0,021924476;0,019047036;0,014611053;-0,038162111;0,000124205;0,028010346;0,840187115;-0,063834952;-0,01292373;-0,01778446;-0,683303909;0,115464027;-0,01137847;0,022275717;-0,008304982;-0,031353803;-0,644030377;-0,045922349;-0,048327208;-0,095495355;-0,001896906;-0,034517519;1,696702592;-0,083713588;-0,040636334;0,001140032;-0,047605856;-0,026876931;0,022534815;0,023314298;0,006639713;-0,83665564;-0,021353403;-0,0188207;-0,08390282;-0,054327956;-0,256511226;1,426625775;-0,06751225;0,343858876;-0,014445616;-0,017905564;0,079114811;-0,005037976;-0,006366893;-1,129905823;0,561849502;-0,035235066;-0,003198544;1,778854404;0,076584796;-0,743727628;-0,002472492;0,12110765;-0,054340408;-0,003786997;-0,025002003;0,049435998;0,041078513;-0,218613331;-0,535787676;0,02175132;-0,017047904;-0,028500541;-0,025700322;-0,037424791;0,024474406;-1,232549884;0,011265475;0,000161983;0,02461151;1,197081451;-0,05905978;1,169268413;-0,086296786;-0,08130768;0,006324637;-0,046401485;0,051954673;0,025662846;-0,002763171;-0,07878857;-0,034211424;-0,047547712;0,040633116;0,505799505;-1,226290639;-0,050413852;-2,266330669;2,170293461;-0,021528586;-2,726727036;-0,391312212;0,052242391;-0,04204168;0,000818161;-0,004113366;-0,007568897;-0,007209015;0,538379939;-0,015305363;-0,022310357;0,007705155;-0,013978122;-0,036053974;-0,004501854;-0,199362048;0,012419619;0,044924768;-0,047831715;-0,013743241;-0,481080619;0,015479518;-0,037574138;-0,004171827;-0,019501325;-0,000126674;-0,004356474;-0,00437155;0,0155501;-0,065497157;0,018114926;0,014636975;0,053866198;0,138358313;-0,08855356;0,850266117;0,503022164;0,01687841;-0,032303746;-0,080699608;0,589704817;-0,062586415;-0,021480206;-0,051911299;-0,021756882;-1,214681032;-0,036263673;-0,085068248
-0,284686789;-1,316352732;-0,07252475;-0,061175654;-0,079786434;-0,025935347;-0,126429012;0,159912704;1,42905834;-0,152238087;0,138514551;-0,235574677;-0,29244163;-0,127258415;-0,029860555;0,702920765;-0,220142497;-0,157570067;0,383029063;1,178751784;-0,06169269;-0,160875297;-0,084365148;0,281992056;-0,035183908;-0,147668711;-0,114578335;-0,044917591;0,209185103;-0,128035282;-0,09964062;-0,075854364;-0,00989612;-0,561799067;0,597201369;-0,082801236;-0,157358072;-0,11625515;-0,136341606;0,582996589;-0,242814557;-0,08133766;-0,016354643;-0,098502442;-0,089367237;-0,143989488;-0,107400235;-1,347684472;-0,127500553;-1,231650306;-0,182370322;-0,08447501;-0,042330469;-0,096480267;-0,108322341;-0,062234589;-0,142048065;-0,016127519;-0,029748052;-0,058400117;-0,09198085;-0,074177396;-0,002505805;-0,090474628;-0,002306469;-0,512259433;-0,091541087;-0,085632666;-0,287407149;-0,037116765;-2,063076129;0,015560493;-0,069612917;-0,041056217;0,041177112;-0,042929132;-0,024355394;-0,189069097;-0,073706259;-0,10558364;-1,30515813;-1,343007179;-0,126885884;0,01171568;-0,138806289;1,570139088;0,253101518;-0,095181834;0,536673568;-0,707948609;-0,139928603;0,678877522;-0,120211726;-0,069289569;-0,916052125;-1,710195417;0,052510078;1,240687145;-0,102133568;-0,10724971;-0,033066316;-0,11436651;-0,104722604;0,227267316;-0,103928152;-0,149113987;-0,133816176;-0,03477942;-0,139953011;1,734893885;-0,020062286;1,195964871;0,012935814;-0,132637796;0,559954597;-0,046396016;-0,93066943;-0,147352847;-1,464451762;-0,091757143;-0,06769463;-0,125156945;1,967091678;-0,05436556;-0,132181783;-0,213755585;0,881918505;-0,093815348;-0,021408258;-0,063385381;-0,14380239;-0,118538926;1,740780079;-0,087624599;-0,116474042;-0,101301892;0,014069632;-0,08241993;-0,017373963;-0,098187382;-0,040071515;-0,012053998;-0,935066093;-0,072411155;-0,096369777;-0,039071522;-0,104890682;-1,269227817;0,006600007;-0,081179144;-0,151483169;-0,11940911;-0,46373371;-0,074201212;-0,054762747;-0,102032922;0,037194549;0,823729328;-0,644348999;-0,009516675;-0,063244102;0,022682597;-0,061533161;-0,130674446;-0,056691542;-0,082949115;-0,081582825;-0,425407994;-0,140943318;0,134118477;-0,081249458;-0,159950535;-0,166785343;0,438562949;-0,13094463;0,423013395;-0,130553267;-0,055460048;1,081131682;-0,133252782;-0,128222412;-0,996027948;0,061284885;-0,047705294;-0,078236014;1,010425968;0,068249962;-0,414570603;-0,190625675;-0,055237219;-0,102485314;-0,036035661;-0,075608639;-0,012935535;-0,060842357;-1,421684095;1,060891117;-0,008821958;-0,116899467;1,167412383;-0,031233037;-0,160865727;-0,057379428;1,354889334;0,041838195;-0,102282279;-0,053457253;-1,076917895;-0,121131459;-0,609939801;-0,052470482;-0,026278804;-1,363413791;0,000988357;-0,018403328;-0,099783322;-0,117268142;-0,052686582;-0,064424089;-0,05337149;-0,023476525;-1,866393712;-1,375076653;0,009318211;0,866187866;1,526153754;-0,143400877;2,133262851;0,568643124;0,048617227;-0,064040957;-0,14569504;-0,068049937;-0,043254774;-0,100623538;0,814542829;-0,121757122;-0,114347898;-0,092992874;-0,08991219;-0,071191575;-0,13932754;1,255876319;-0,022077122;0,001195101;0,002377123;-0,090410762;0,865189472;-0,100092375;-0,028043546;-0,074266801;-0,130016446;-0,137097506;-0,165165314;-0,103641821;-0,028922145;-0,040289349;-0,046696303;-0,143215347;-0,965952166;0,007275259;-0,138203838;0,516785433;1,520959763;-0,098273745;-0,02879533;-0,101775609;1,552943921;-0,05756966;-0,068691122;-0,044049485;-0,11697182;-1,175750527;-0,130169963;-0,503822063
-0,115489348;-0,802940349;-0,129363743;-0,082841621;-0,07357188;-0,093713762;-0,049628565;-1,112514259;3,033213733;-0,115087554;1,55380966;1,39780965;0,453819511;-0,075672143;-0,087593253;0,31336921;0,391909222;-0,933349605;0,043934393;-0,213408238;-0,08480465;-0,132613309;-0,075932802;-1,660627425;-0,094090708;-0,12287881;-0,097219645;-0,010004605;-0,696146301;-0,070881741;-0,106383155;-0,052291213;-0,07223996;-0,187399138;-1,428917629;-0,111695764;-0,066849127;-0,136426873;-0,06887671;-0,5144562;-0,916122402;-0,013066493;-0,072072117;-0,024217697;-0,065597315;-0,114032264;-0,16942072;4,003349417;-0,102904249;-1,47558307;-0,045844076;-0,015408042;-0,040046854;-0,043893083;-0,114254536;-0,134135496;-0,089125389;0,034722669;0,012108188;-0,034589514;-0,070377566;-0,015421567;0,010363388;-0,030116014;-0,405165781;0,644066924;-0,123918234;-0,122261858;0,191727489;-0,107264346;-0,993682334;-0,034889637;-0,102684638;-0,098358593;-0,035353925;-0,076468344;-0,040801341;-0,139340521;-0,072079659;-0,070798427;1,070479316;0,6926122;-0,14187303;-0,008049221;0,212764976;1,363306912;-0,471663044;-0,133104902;0,680970866;-0,573423317;-0,060664296;1,294399858;-0,132765233;-0,123596782;0,635945827;1,504392843;-0,003707814;1,237746254;-0,080868362;-0,080477901;-0,068788492;-0,112364472;-0,056800813;0,847896393;-0,107792231;-0,086406715;-0,121454598;-0,063246778;-0,116492268;0,7703707;0,044032655;0,2547044;0,008838501;-0,065851044;-0,672914209;-0,124931452;-2,038956567;-0,068787612;-0,114111418;-0,04230733;-0,051722724;-0,120783381;0,313776699;-0,099338615;-0,126873068;-1,68069385;-1,383322206;-0,062744655;-0,117972553;-0,032898603;-0,085156279;-0,059959714;0,263479672;-0,085786889;-0,139685841;-0,065755252;-0,05931259;-0,025359823;0,029304414;-0,11273611;-0,030014576;-0,051376817;1,598013814;-0,108073987;-0,072792652;-0,070596266;-0,484385897;-1,275839412;-0,004650382;-0,069205005;-0,097256589;-0,044528982;-0,902174628;-0,033967604;-0,068925511;-0,093140234;0,022153417;0,400038109;-0,198779599;-0,052140361;-0,077396992;0,005877295;-0,077860961;-0,100340517;-0,111687275;-0,033192184;-0,095416767;1,686961416;-0,0646793;1,794177239;-0,124699984;-0,053743096;-0,22092841;-1,413960149;-0,116227493;-1,060246254;-0,12713834;-0,128954389;0,938575322;-0,053828183;-0,07141113;-0,16017922;-1,253490757;-0,070441074;-0,049620904;-0,835526457;-0,034522069;0,185984778;0,222319548;-0,003900693;-0,04328776;-0,068309385;-0,076081823;-0,011586078;-0,106498946;1,562429122;1,790992585;-0,10035789;-0,094851192;-3,564783118;-0,058566689;-0,083050377;-0,055561158;1,304958075;-0,038084776;-0,05128756;-0,101270048;1,879930526;-0,026786774;-0,555608679;-0,049864051;0,032783288;-2,9857751;0,033541865;-0,039172539;-0,053681036;-0,099921777;0,019181943;-0,065777101;-0,098177754;-0,04658511;0,312313382;-0,923043232;0,025248902;-1,729527236;2,241604285;-0,110565597;0,749531531;-1,614460547;0,007168067;-0,140207572;-0,059164689;-0,119899761;-0,021005953;-0,110447012;0,091796158;-0,125465603;-0,013107612;-0,029134561;-0,095464242;-0,065630063;-0,125357523;0,068471591;-0,037640181;-0,180082251;-0,083304282;-0,067381075;-0,045184159;-0,090911761;0,005464518;0,01070108;-0,039568102;-0,056184755;-0,125037604;-0,094157279;-0,011690376;-0,090042567;-0,029808411;-0,111911925;0,692728127;0,083460962;-0,046655078;0,64443348;0,612506525;-0,079170676;0,012922854;-0,043946814;-2,256880586;-0,070834571;-0,096348369;-0,020457285;-0,132004476;2,023432708;-0,119421958;-1,773375939
-0,143509044;0,959671959;-0,028483956;-0,092145008;-0,067547628;-0,068924629;-0,095437956;0,723866164;-1,337809988;-0,094080135;0,18514451;-0,384583865;1,563185128;-0,093258551;-0,110236433;-0,705985772;0,101215428;-0,331335482;-1,328579971;-0,522102116;-0,087335442;-0,067162438;-0,064170029;0,494283102;-0,005125662;-0,03626186;-0,101928637;-0,088434421;0,961242093;-0,124622905;-0,033318533;-0,049582913;-0,00542372;-0,556004183;-0,188211214;-0,074343092;-0,067788093;-0,123450279;-0,119105213;-2,131097084;0,856519802;0,012063797;0,003849909;-0,017317395;-0,098368668;-0,115612999;-0,016558627;1,325469705;-0,073072002;-1,935842077;0,488123825;-0,062622092;-0,024515843;-0,087607663;-0,009821712;-0,064365918;-0,089834533;0,038732468;-0,089289269;-0,075302468;-0,059952187;-0,072215936;0,014286481;-0,046255364;0,011794494;-1,13176739;-0,052195682;-0,054360683;2,273168022;-0,039817387;-1,080293185;0,03883509;-0,034008384;-0,064960054;0,030511463;-0,067618746;-0,018189277;-0,04734808;-0,07564198;-0,104931374;0,268558209;-1,126493576;-0,065846067;0,040671706;-0,009175775;1,054864278;0,190205705;-0,111307352;-0,555257777;-0,310768048;-0,112444191;0,750781242;-0,079675889;-0,115044308;-0,776546595;-2,268214226;-0,032699783;-0,780117879;-0,029308271;-0,075851644;0,006171619;-0,025202234;-0,048687501;0,623972328;-0,046584278;-0,082137278;-0,032389067;-0,059166315;-0,112501302;-0,134158291;0,007361972;-0,342374705;0,038379919;-0,100876847;0,700212691;-0,105263823;-0,018240198;-0,063879081;-1,982818456;-0,123557009;-0,096530789;-0,013230848;0,523299987;-0,079752752;-0,120088892;-1,159892568;-0,27708778;-0,057294307;-0,04043807;-0,10800927;-0,033426271;-0,087244241;-0,287262126;0,007236431;-0,098414183;-0,003098875;0,027385365;-0,049343781;-0,036226799;-0,101108495;0,027502225;-0,02713326;-0,35541631;-0,060496545;-0,076958641;-0,077895723;0,488236549;-0,10852673;-0,073764517;-0,077205935;-0,092039465;-0,069205937;-0,454409191;-0,045879099;-0,04242013;-0,124744102;0,011247022;-0,534744031;1,613069087;-0,04686605;-0,034546132;0,025973896;-0,077073188;-0,113368944;-0,00667506;-0,075204414;-0,027704254;-0,50157371;-0,022841548;0,525916152;-0,042864912;-0,117911997;-0,006385017;-0,107555655;-0,03711463;-0,545091703;-0,085240278;-0,092160593;-0,133226619;-0,100274787;-0,096077566;-0,189376188;1,005073815;-0,106299789;-0,065738809;-1,041820535;0,117139885;0,621231875;-0,040440573;-0,361150297;-0,026880608;-0,065069675;-0,037270779;-0,019959004;0,004581043;-0,347183454;-1,575577337;-0,083690218;-0,066435574;0,234649102;-0,040130476;-0,09351669;-0,058393201;-1,771458298;0,05113608;-0,029391768;-0,031823279;-0,552358694;-0,052468105;1,508855627;-0,03289838;-0,013094607;1,503143006;0,030591411;-0,001578379;-0,020263593;-0,067210332;-0,06012212;-0,120507096;-0,060796577;-0,056738163;-0,104811514;-1,406073107;-0,062071771;-1,523234137;1,913922022;-0,061806958;0,385662361;-0,098204581;-0,002050976;-0,047306337;-0,11095969;-0,056777126;0,003194659;-0,059450007;0,526275965;-0,036745355;-0,055168249;-0,073696383;-0,035651201;-0,047250423;-0,047487294;0,171325411;0,033432378;0,310238437;0,030072554;-0,055241497;-0,666173449;-0,004254341;-0,030620686;-0,054804434;-0,083684162;-0,095763583;-0,023363131;-0,038630019;-0,021048376;-0,09954109;-0,021725785;-0,111101056;0,025422626;0,611304882;-0,035362692;0,200595364;0,621830252;-0,019914204;-0,037082221;-0,094930765;-2,075501005;0,021888317;-0,094868595;-0,037098587;-0,025468006;-0,641181448;-0,036606469;1,338179972
-0,022922901;-0,945980137;-0,065082199;-0,099253103;-0,056598189;-0,032566483;-0,063964138;-0,401397274;0,143530479;-0,062808411;-0,938411743;-0,231185737;-1,228681756;-0,070507405;-0,03161725;0,314116638;0,509649689;0,155877008;0,081642899;0,578303659;-0,033879998;-0,095028426;-0,088688357;-0,699194284;-0,069455206;-0,045738339;-0,067437218;0,022964817;0,51034975;-0,058576293;-0,029784902;-0,030659681;-0,028440053;0,593835331;0,088426041;0,017261957;-0,096142554;-0,034632443;-0,073286093;-0,587232636;-0,573497038;-0,057793988;0,010772221;0,015239427;-0,075532795;-0,096429429;-0,010290437;-1,10854307;-0,040482799;-0,544867883;-0,318990696;0,008355632;-0,048742043;-0,063305695;0,019873448;-0,056002412;-0,058039362;0,042197959;-0,039647804;-0,024670423;-0,064080456;0,019562961;0,022563964;-0,044171585;-0,031434031;-0,202442396;-0,047434037;-0,063179256;-1,116248806;0,008186363;-0,950421158;0,015581479;0,008190704;-0,039388856;-0,045814717;-0,079865973;-0,029090039;0,114749654;-0,038215642;-0,021896676;1,168986777;0,287265725;-0,088621592;-0,031304135;-0,059557224;-0,761364434;-1,148269469;-0,030992803;2,066542913;0,038148298;-0,063882334;-0,968555914;-0,014387276;-0,021126039;-1,283008573;0,976567697;0,014839291;0,577967835;-0,088398569;-0,091854059;-0,012181847;-0,063133315;-0,076180153;0,345753295;-0,031386965;-0,0550458;-0,012815386;0,004831093;-0,022748697;-0,737503368;-0,052911058;1,264495053;-0,051846668;-0,063632922;-1,728539656;-0,010535449;-0,601606403;-0,104123847;0,592445031;-0,052381769;-0,007978525;-0,026348289;0,443696624;-0,046578181;-0,073223795;-0,456820926;-1,216573345;-0,029528257;-0,026891488;-0,076668939;-0,082162581;-0,003910739;-0,322557903;-0,03601359;5,16E-05;-0,073114031;-0,068999421;-0,004867182;-0,023635447;-0,057681051;-0,023312737;0,018332741;0,394934749;0,013406382;-0,069371541;-0,050886544;-0,423123127;0,732332236;-0,079550953;-0,073084634;-0,066802344;-0,048086751;-0,483159743;-0,091212177;-0,094809537;-0,023477903;-0,022338829;-0,209910275;-0,24485586;-0,044402672;-0,033413847;0,000758019;-0,095450889;-0,017042347;-0,083552262;-0,074156253;-0,05374637;-0,020586175;-0,090385797;0,222397961;-0,072428053;-0,032939285;-0,075428515;-1,691269296;-0,064317903;-1,141320682;-0,008126202;-0,008561059;-0,637099436;-0,079413909;-0,014421273;-0,679065374;0,695783441;-0,072078833;-0,017122845;1,463349173;-0,014963841;3,402424876;-0,562994437;-0,016455467;-0,055191449;-0,029879277;-0,080691234;-0,096836658;-0,021876664;0,311259432;0,923662597;-0,004093481;-0,041909401;0,841344832;-0,022627391;-0,106617896;-0,070300465;0,089166996;0,017832067;0,01907089;0,028671541;0,185772778;-0,082287829;0,39619286;-0,021191937;-0,030901797;-0,367360085;-0,015000229;-0,062244998;-0,000922639;0,012179375;-0,016442991;-0,028981271;-0,06903024;0,004096986;0,195024879;1,594897511;0,056205511;0,296178347;-1,681152125;-0,0083628;-0,544417918;-1,583015626;-0,021608199;-0,100669024;-0,108385425;-0,088774694;0,011661253;-0,007456714;0,431632608;-0,011727835;-0,05493292;0,002844946;-0,035822701;-2,02E-07;-0,095420699;0,313747783;-0,049574213;0,133904646;0,018631098;0,001700341;0,643721685;-0,042313535;-0,06981009;-0,006945389;-0,046359952;-0,048546418;-0,020890124;-0,059524671;0,007276901;-0,024474287;-0,088931817;-0,057718919;0,38128129;-1,083479041;-0,019150844;-1,092093678;-1,573099467;-0,035678218;-0,023334687;-0,01883846;-0,56761459;-0,015832812;-0,03927323;-0,020898686;-0,016911905;-0,444005961;-0,07114903;-1,340610799
-0,160207416;-0,62533366;-0,068429855;-0,099887575;-0,089301364;-0,018102149;-0,122675636;0,002992524;1,626905923;-0,136535514;-0,644983058;1,152786936;0,597092002;-0,113170758;-0,114516876;-1,695676464;-0,652775804;-0,300702194;1,512377353;-0,703677657;-0,136469675;-0,096593639;0,006781504;-0,366578308;-0,044111966;-0,068699953;-0,024741329;-0,041755497;0,303017666;-0,13209885;-0,043839256;-0,078524968;-0,07030113;0,713990026;-0,727643936;-0,052305418;-0,069455749;-0,146727254;-0,067932208;0,79669242;0,056877042;0,014767925;-0,098227818;-0,115765351;-0,130658829;-0,140695429;0,003462605;-1,112704148;-0,099147587;-0,969399462;0,453386232;-0,031861975;-0,109689358;-0,103582577;-0,033851555;-0,050674412;-0,118322669;0,011854636;-0,046012392;-0,085894197;0,001589436;-0,025715383;-0,067616339;-0,05818425;-0,279179336;-0,23430712;-0,04668522;-0,121145228;-0,639914127;-0,041487944;1,548831269;0,047330975;-0,093697535;-0,042366374;-0,030414772;-0,04367955;-0,113435246;0,090641625;-0,065055423;-0,10853638;-2,409407811;1,225749298;-0,035614124;0,04624906;-0,017065381;-0,717999674;0,488028485;-0,057980616;0,58343552;0,027446952;0,076512869;0,725105702;-0,129686469;-0,146725923;0,288316788;0,346693602;0,033486471;0,571274459;-0,026600782;-0,06954078;-0,054500708;-0,143756797;-0,093860077;0,019287064;-0,100264055;-0,136127045;-0,136350375;-0,070631807;-0,127390429;-0,062069875;0,035355848;-1,441633649;-0,029970028;-0,057441887;0,272505267;-0,120165446;0,38375469;-0,105656599;0,318642504;-0,057968363;-0,092969311;-0,037055923;0,460442232;-0,080324286;-0,114027251;-1,699560078;-0,14872761;-0,136777885;-0,06384546;-0,079155795;-0,090445909;-0,049070132;0,668341615;-0,036185167;-0,118152373;-0,101361872;-0,070530883;-0,06671715;-0,03240585;-0,130437556;-0,016996869;-0,04812002;-0,265857622;-0,144237826;-0,139407884;-0,071899926;0,16452806;0,384228529;-0,082233196;-0,103859678;-0,108821856;-0,11706612;0,203705945;-0,087441549;-0,04781095;0,05319143;0,005659286;-0,748180764;-0,69866301;-0,073644839;-0,057200067;-0,052244051;-0,111331489;-0,147058107;-0,069554833;-0,043190653;-0,146532847;-1,016790793;-0,080567869;-0,597634675;-0,070453263;-0,052595463;-0,034734828;0,702009771;-0,112724758;-1,068338299;-0,046145098;-0,100653683;-0,026708129;-0,119528529;-0,135125503;-0,596221855;-0,080208465;-0,045014159;-0,082444078;0,355504117;0,024741265;-1,837118793;-0,08246125;0,168834098;-0,133799372;-0,053458416;-0,072560175;-0,142937926;-0,075342836;1,776257564;1,255800849;-0,050283749;-0,121304221;1,568045005;-0,045137755;-0,144229393;-0,086599398;0,196316685;0,027604788;-0,034415579;-0,059634727;0,636546701;-0,091897461;-0,638520475;-0,09991827;-0,035258696;-1,24078357;0,046920132;-0,00729855;-0,113953296;-0,091747922;-0,04299026;-0,129940191;-0,060616596;-0,101061208;0,08766953;2,058298948;0,012843698;0,539699672;-1,089770428;-0,135448627;0,367460516;-0,436424438;-0,033627237;-0,086079557;-0,124470602;-0,064957087;0,04203753;-0,129810464;-0,259858154;-0,046771469;0,016891855;-0,036935103;-0,063885834;-0,043621138;-0,065630696;-0,069051819;0,048304743;-0,096902577;-0,024606922;-0,035770216;-0,394334327;-0,02978067;-0,034795646;0,003212947;-0,043838716;-0,042981854;-0,11679389;-0,065291796;-0,079115198;-0,088758425;-0,087695391;-0,104112835;-1,063482726;0,258802727;-0,141185016;-0,985264868;-1,179746407;-0,124914173;-0,050145954;-0,084575322;0,416611642;-0,017898607;-0,138943916;0,00917812;-0,094295965;-0,39029222;-0,111257549;0,343440849
-0,218552456;0,413674548;-0,106205279;-0,077969471;-0,082332155;-0,025692451;-0,079434874;0,264239108;-1,123675064;-0,028816277;-2,452067443;-0,451361795;-3,13952348;-0,006350215;-0,070157605;0,826488442;0,973766835;0,105040131;0,794223449;0,134671823;-0,041669332;-0,035601464;-0,12607065;0,752477165;-0,079065655;-0,032864851;-0,006421564;-0,030586776;-1,116244391;-0,083542957;-0,031431581;-0,049147108;-0,043968072;0,232494943;1,489105005;-0,045644649;-0,01170252;-0,067792777;-0,09141095;0,426289587;1,000696298;0,02660128;-0,037019634;-0,001666854;-0,085284646;-0,072660865;-0,112696123;-0,702698834;-0,007970588;1,811721812;-0,412185994;-0,026933316;-0,063683252;-0,103824041;-0,014700872;-0,104224903;-0,063208347;-0,026166429;-0,026320381;-0,02989218;0,016752109;-0,009711458;0,030155953;-0,011891294;-0,157204968;0,222620969;-0,077172582;-0,101496018;-0,063707723;0,012806036;0,158375937;0,017910407;-0,081665057;-0,049236096;0,052185876;-0,03544699;-0,087157935;-0,219078319;-0,055344451;-0,077673684;-0,403951248;1,178968867;-0,066459149;0,038460929;0,100284387;-1,67538571;-0,93699308;-0,013374271;-2,219898884;1,22288037;-0,012203924;0,232536497;-0,05592731;-0,052531278;-1,222171919;0,027772325;0,014330883;0,206472935;-0,041584737;-0,013352476;0,008634769;-0,109133509;-0,04498766;-0,094188123;-0,070728622;-0,097411724;-0,091266398;0,004985947;-0,115777049;0,416451787;-0,000946476;-0,714246499;0,017552124;-0,094924961;0,741418751;-0,063950138;1,328511789;-0,096440465;-0,551471338;-0,038546628;-0,087293688;-0,089875615;-1,063789606;-0,062588444;-0,104282664;1,734007175;1,030264467;-0,11077728;-0,071523952;0,005909178;-0,056219822;-0,08716027;-1,135300536;-0,003347776;-0,073471846;-0,015371815;0,063649784;-0,062122974;0,018169607;-0,107042577;-0,062489642;-0,073018131;0,050075101;-0,118034646;-0,115641813;-0,052343687;-0,270640744;1,563225835;-0,079327979;-0,039073019;-0,075131866;-0,068916539;-0,359817597;-0,008016825;-0,01904677;-0,077818544;-0,05364783;-0,605304773;-1,28601708;-0,06144862;-0,029594869;-0,035894733;-0,106836866;-0,057768803;-0,025449234;0,006962066;-0,041224398;-0,801987139;-0,104350315;-0,277369711;-0,117663114;-0,054544466;-0,06094538;-1,178769874;-0,030233074;-0,59192662;-0,097912569;-0,043508477;0,972724167;-0,023205175;-0,05811114;-0,194515897;-0,945191118;-0,027302897;-0,073278162;1,872566866;-0,058643508;1,809607361;-0,44288538;-0,234530476;-0,019078142;-0,057365918;-0,043889603;-0,077736492;-0,083560174;1,351010713;-1,327883851;-0,040080169;-0,002466493;0,028206913;0,008514071;-0,078194013;-0,017417313;0,25671518;0,051076197;-0,074206502;0,031208252;0,710221758;-0,089555723;0,273309199;-0,027709837;-0,033620446;-0,269278247;-0,026802539;0,062887091;-0,07811626;0,018683232;0,014264039;-0,069700524;-0,106246561;-0,00719336;-1,397868013;0,294049453;-0,007171169;1,842066202;-1,425566079;-0,053156069;1,162793752;-0,935835567;0,049551798;-0,061447373;-0,034167729;-0,036820877;0,030668025;-0,085903135;-2,452355851;-0,060723607;-0,092869546;-0,011544052;-0,061122289;-0,014211227;-0,078260369;-1,639152009;-0,043635883;0,095101718;0,00076925;-0,018453437;-0,087842871;-0,061026209;-0,042873925;-0,068288023;-0,078982669;-0,034812079;-0,115729776;-0,053182696;0,00474133;-0,087800605;-0,067608791;-0,026649963;-1,704790088;0,385240229;-0,014492282;-0,041547267;-0,627649134;-0,108962964;-0,032244858;-0,028451719;-1,041152626;-0,040527235;-0,065958582;0,015009215;-0,083834446;-1,908925475;-0,067960878;-1,088894219
-0,113754361;1,958309482;-0,088580188;-0,073923047;-0,06867479;-0,006013781;-0,007022952;-0,216397638;0,222288196;-0,031140905;1,37353306;-1,228365393;-1,731461467;-0,043818167;-0,068671881;-0,834306544;-0,376629241;0,181213922;-1,043641707;-0,694935034;-0,098540098;-0,120021235;-0,108839524;-1,486736387;-0,034294833;-0,059333287;-0,050076699;-0,088336523;0,200950713;-0,074881965;-0,075463201;-0,077860511;0,004773387;-0,36694556;0,57638063;-0,016360119;-0,058328638;-0,087848944;-0,051916902;0,843860676;0,454779222;-0,007884364;-0,096329011;-0,001001307;-0,113567825;-0,058883809;-0,048692829;-1,095784868;-0,047388095;0,702251374;-0,159053284;-0,019845976;-0,037398806;-0,118147718;-0,057617253;-0,114795185;-0,094377417;0,023897885;0,003875193;-0,090784706;0,012777504;-0,047620868;-0,16491701;-0,112997516;-0,078363868;-0,218438858;-0,046888416;-0,031827924;-0,911440537;-0,003161725;0,888581671;-0,046088628;-0,074158654;-0,04829273;-0,034211136;-0,066730465;-0,076527407;-0,12274958;0,016002601;-0,037563282;0,641896621;-0,666502527;-0,125693758;-0,023500121;0,039978777;-0,420232595;0,00646268;-0,012285865;-0,355253734;-0,143486491;-0,061198135;-0,248482727;-0,115635434;-0,11638954;0,960569869;-1,554709275;0,004864664;1,52557418;-0,022615274;-0,126870624;-0,040090858;-0,078247308;-0,064146269;-0,164340331;-0,101801288;-0,045699199;-0,070738319;-0,074238617;-0,029776806;-1,600759901;-0,021937632;1,01497539;-0,024869748;-0,114937405;-0,083426612;-0,049495827;0,391301974;-0,085759;0,236367004;-0,103649939;-0,023570889;-0,103915482;1,350087176;-0,025163009;-0,046759425;-0,47898201;-0,111580817;-0,110518996;-0,034271929;-0,031927392;-0,052081576;-0,113990976;1,395071089;-0,034063426;-0,049564791;-0,002192559;-0,027847637;-0,019120587;-0,0096165;-0,123193663;-0,034981796;-0,09656693;0,001507007;-0,050796293;-0,029175295;0,012493716;-0,274347526;-0,152676228;0,073043514;-0,06698102;-0,117445803;-0,025115904;0,097565652;-0,065610325;-0,015291336;-0,057674964;-0,029612529;0,783410417;-1,567635675;-0,08040475;-0,063295028;0,052587953;-0,028455742;-0,022214535;-0,091699446;-0,05369143;-0,024942359;-0,950753103;-0,04109123;0,567274657;-0,12368442;-0,048632399;-0,022024404;-1,019809484;-0,126641634;-1,070609111;-0,068990356;-0,092869361;0,884412415;-0,052747509;-0,046364746;-0,289722828;-1,560617087;-0,028969063;-0,078207324;0,864918164;-0,103377812;-1,360592559;-0,372350751;-0,062511499;-0,049633627;-0,072788643;-0,061290403;-0,021221826;-0,026783319;1,125646172;0,695098043;-0,048340186;-0,090516877;0,47828742;-0,002773462;-0,038848898;-0,058505796;0,299255095;-0,043512329;-0,039225648;-0,053190768;1,108921817;-0,081320592;-0,202117306;0,002220497;-0,070855252;-1,200048462;-0,028049995;0,052236076;0,00748036;-0,082472394;-0,010814749;-0,115923092;-0,047876536;-0,030014775;-1,60602447;0,080454026;-0,012897039;0,4895796;-0,756645914;-0,06903486;0,342886305;-1,166020633;-0,034952348;-0,051926866;-0,118246224;-0,075839026;-0,100481293;-0,08754207;1,056725422;-0,114769002;-0,042705931;-0,037918632;-0,033659738;0,00483657;-0,106490336;0,447604846;0,038624201;0,192066522;-0,044278669;-0,067680222;-0,994925518;-0,020294984;-0,065471481;-0,07830772;-0,09792857;-0,106735001;-0,056828468;-0,072624644;-0,018768222;-0,089173557;-0,003114085;-0,074258488;0,178865844;-0,428777736;-0,033679688;0,152361664;-0,362990213;-0,117498662;-0,004196141;-0,077961501;0,842076115;-0,01345149;-0,093237323;0,055766985;-0,050056213;-0,303872212;-0,007243273;-0,074716592
-0,214503317;0,535248281;-0,066574464;-0,138031426;-0,107503071;-0,12257124;-0,086853906;0,30993812;-0,076073263;-0,155742985;-1,596115639;1,289522469;1,773720655;-0,060041072;-0,083542469;0,45773717;-1,361820613;0,625143164;0,232306916;1,688579439;-0,14736432;-0,119429576;-0,127192799;0,040794754;-0,079540366;-0,101551023;-0,077523875;-0,077095683;-1,453072652;-0,070227015;-0,036705362;-0,145181777;-0,081338129;0,132601568;-0,74313364;-0,09656001;-0,110639877;-0,120269846;-0,148324817;-3,331797277;0,837465815;0,013755544;-0,053337062;-0,079247883;-0,133814388;-0,131599414;-0,134981188;0,508500068;-0,076211263;-1,154243638;0,248824956;-0,107132214;-0,041650269;-0,063956903;-0,02745157;-0,098511695;-0,073785062;0,030172452;-0,047562422;-0,149918854;-0,010749316;-0,014469349;0,011404891;-0,050070114;-0,092356011;-0,005110717;-0,080019805;-0,079883211;1,040770477;-0,125639944;-2,325478772;-0,031950963;-0,083694953;-0,018106651;0,00731788;-0,107161548;-0,075273471;-0,02992229;-0,006414754;-0,153779837;1,143336266;0,90668905;-0,115490847;-0,024374584;0,119772124;0,515648958;1,143661886;-0,052235088;0,298042497;0,351247222;-0,033089386;-0,201162181;-0,076423221;-0,100994952;2,659742973;2,370461706;-0,018299799;-2,152148708;-0,032880668;-0,14725912;0,000873914;-0,1171371;-0,088944632;-0,283656413;-0,100545565;-0,068978809;-0,120141883;-0,016746356;-0,120981489;-1,970664994;0,020426541;-1,721150547;-0,038728639;-0,083268519;0,620323043;-0,062015875;1,419654027;-0,166943618;-0,972375137;-0,080418908;-0,088405154;-0,135875572;0,958888668;-0,084400644;-0,096188971;1,342306848;-0,296786953;-0,071605456;-0,09830744;-0,036665797;-0,127835119;-0,063191848;0,346414749;-0,024770118;-0,158623586;-0,097409435;-0,017262916;-0,058819419;-0,056448388;-0,134334929;0,038323969;-0,093638737;-0,135961058;-0,091393599;-0,093679056;-0,030694564;0,263489325;-0,082969209;0,04896281;-0,061884943;-0,076417384;-0,040068696;0,455711787;-0,105088322;-0,127256906;-0,06537311;-0,044812183;0,123890517;-1,198368054;-0,100154339;-0,079738042;0,030613354;-0,153529736;-0,070325698;-0,070431769;-0,077927966;-0,131521241;0,228450907;-0,138298509;0,566847132;-0,107449225;-0,073910082;-0,113806711;-1,324288734;-0,122108922;0,689840853;-0,163543393;-0,095846032;0,173650136;-0,081633439;-0,166833006;0,914620818;1,426655116;-0,129313075;-0,093830289;0,724003731;-0,060828888;3,044022496;0,268754154;0,057110942;-0,054716676;-0,076755673;-0,063598824;-0,095694089;-0,074289531;1,947770097;-0,717929301;-0,04958987;-0,064999313;0,985938591;-0,060196983;-0,157745544;-0,140879753;1,79188725;-0,046019787;-0,086301428;-0,101584597;-0,696032816;-0,02689438;0,045207364;-0,0393537;-0,065569079;-1,427648453;0,054181399;-0,086133507;-0,10517189;-0,011201518;-0,05649454;-0,154694192;-0,139585035;-0,029616879;-1,854298646;1,060589171;0,027598563;-1,693948664;-2,670586987;-0,118697632;0,965277578;0,681252237;-0,024924601;-0,14079533;-0,126368578;-0,099744705;-0,007283241;-0,094092913;-1,44934974;-0,106038244;-0,08225319;-0,068014015;-0,099030381;-0,084797214;-0,163514438;-1,57107981;0,034756094;-0,145940587;-0,049620661;-0,103241226;-0,578378934;-0,057022485;-0,090205992;-0,102893373;-0,055867993;-0,146685665;-0,089906445;-0,078636535;-0,104340076;-0,073335157;-0,043983628;-0,057853241;0,537569156;-0,179009494;-0,089365766;-1,069172797;-1,3189129;-0,146778738;-0,086246705;-0,157626122;1,779431201;-0,000950866;-0,110974461;0,053533639;-0,079074418;2,046395321;-0,063772042;-1,496599697
-0,23455483;0,224181456;-0,139725251;-0,175760731;-0,096404875;-0,076275131;-0,06967705;-0,935230344;-0,442210506;-0,126453493;-0,867588573;-0,858552694;0,617666831;-0,105812041;-0,071676999;1,156144891;0,005708664;-1,013953347;1,540114942;2,406062111;-0,121731258;-0,134257973;-0,084167251;0,812685469;-0,050603646;-0,181031576;-0,128920468;-0,074036023;0,840621102;-0,156876036;-0,157443738;-0,084393936;-0,094693866;-0,670563549;-0,126905295;-0,091263522;-0,101845214;-0,095756395;-0,084342453;1,65906223;-1,132786259;-0,011095839;-0,132449209;-0,055967989;-0,098079843;-0,124773293;-0,089509355;-1,216330504;-0,154587618;-2,477028332;-0,176448934;-0,070573826;-0,158928291;-0,171042407;-0,093524927;-0,145922007;-0,085907596;-0,037602846;0,003769975;-0,166565307;-0,080193573;-0,115532483;-0,145548944;-0,100341905;-0,135228917;-0,099276101;-0,12125903;-0,13370536;1,731981059;-0,06161054;1,068936888;-0,018163699;-0,06136594;-0,145941543;0,041325977;-0,089151913;-0,090741959;0,032542547;-0,062793919;-0,156372402;-0,069829055;0,361993162;-0,09821399;-0,016680339;-0,019428043;1,843475559;0,468233287;-0,126151448;-1,225568041;1,167976711;-0,046888067;0,910927206;-0,18365408;-0,129186514;0,46523168;0,464578953;-0,021536295;-1,236026806;-0,052682942;-0,085733071;-0,026049187;-0,16125501;-0,162206853;-0,26792162;-0,155045717;-0,175601389;-0,136844188;-0,041632004;-0,094587242;-1,12257081;0,001248873;1,518806735;-0,043218629;-0,173852808;0,389613958;-0,096562216;1,640829163;-0,08765472;-1,682890351;-0,123860599;-0,156767343;-0,09822488;-0,284253377;-0,063310876;-0,096404013;1,226110689;2,722638039;-0,101946549;-0,133971394;-0,064992963;-0,124662039;-0,086852482;-0,994469213;-0,058089071;-0,102386127;-0,059857123;0,04595314;-0,093101517;0,010588309;-0,091853513;-0,049144668;-0,080486769;-0,306925598;-0,143616316;-0,130630803;-0,049566903;-0,205610604;0,766348623;-0,188356929;-0,090945995;-0,127574855;-0,124593703;0,217655787;-0,148927735;-0,11299377;-0,009679478;-0,011328732;-0,547063229;1,232352255;-0,029512044;-0,128758094;-0,020782951;-0,132551306;-0,187245424;-0,095745173;-0,157023759;-0,179648997;-0,614157344;-0,104098921;-0,32903789;-0,094770813;-0,176206971;-0,256054774;1,031319189;-0,085803327;1,203818617;-0,088478446;-0,166661464;-0,878322315;-0,180309075;-0,184801812;0,057281668;-0,860543059;-0,145835754;-0,136592977;0,722187921;0,030691995;-0,783529485;0,173230748;-0,429179193;-0,086053922;-0,081774788;-0,182209818;-0,202516401;-0,068513757;2,050186147;1,217297315;-0,091671136;-0,140263741;-0,650883882;-0,085537554;-0,145394257;-0,152286567;0,415895548;-0,026962433;-0,028574246;-0,022433536;-1,236137179;-0,051103813;0,517349419;-0,100797855;-0,083796895;0,884365462;-0,040553313;-0,055086103;-0,05991822;-0,088471602;-0,066254055;-0,138291594;-0,106294047;-0,114503414;-1,078055955;0,823653569;-0,013555533;0,424525856;-0,001719228;-0,089230627;-0,422664563;-1,038253639;0,017882544;-0,150120877;-0,129937264;-0,151180575;-0,096525158;-0,179969922;-1,880663537;-0,089415075;-0,101798039;-0,054037878;-0,106232146;-0,01352267;-0,093350565;2,431682399;-0,048133856;-0,291569398;0,060933352;-0,170300082;-1,292828502;-0,104273374;-0,043407424;-0,024694044;-0,140765813;-0,128958545;-0,187664473;-0,112319359;-0,128138168;-0,141787298;-0,123489308;-0,148652043;0,417204543;0,230353704;-0,118304933;1,123659028;-1,626664295;-0,143657973;-0,062654106;-0,127387415;-0,084386377;-0,00054052;-0,162017453;0,030011147;-0,109155383;0,056124948;-0,080575576;1,706417444
-0,13580192;-1,005291656;-0,040652256;-0,112598507;-0,112596674;-0,082788903;-0,049260112;-1,465433807;0,739404609;-0,095572931;-1,706319687;-0,191492425;-0,769233939;-0,01943229;-0,021778038;-0,402026187;-1,612861909;0,961237468;0,952870051;0,083300201;-0,065249488;-0,06235972;-0,110558291;-1,391342966;-0,03845431;-0,107731039;-0,097004035;0,001115703;-1,344704724;-0,087816727;-0,074148752;-0,071644963;-0,027842632;-0,648357437;0,403970427;-0,021941323;-0,069078555;-0,086141637;-0,081234977;0,926724194;-1,773512665;-0,045265249;-0,022914407;-0,010588415;-0,053744846;-0,041718825;-0,055834608;0,646027334;-0,054403058;-0,55051071;0,079803179;0,00603674;-0,009758705;-0,037281419;0,022324904;-0,097825955;-0,085586966;0,039749291;-0,070692027;-0,067565654;-0,061642759;-0,000394711;-0,117862645;-0,090481702;0,328966766;-0,034448614;-0,056660117;-0,04375946;0,096908478;-0,019405751;-0,355154116;-0,040150732;-0,065106995;-0,083236376;0,036758642;-0,09519846;-0,101619163;-0,097771952;-0,105568571;-0,0314669;-0,441105617;0,604901034;-0,061647145;0,015208231;0,016722488;-0,018149976;-0,296412634;-0,087387469;-1,430747763;1,060513721;-0,127081583;-0,426908864;-0,122815434;-0,125534053;-1,155818026;0,514224931;-0,048457884;0,038707485;-0,000155644;-0,057691461;-0,073016197;-0,084364649;-0,074940171;0,059777274;-0,1271223;-0,118225943;-0,077126599;-0,051217159;-0,046068735;-0,120604706;-0,008217345;-0,82719038;-0,045841486;-0,034831535;1,254489355;-0,079957243;1,743286703;-0,099991264;0,580779655;-0,093932519;-0,022382485;-0,095870529;-0,601733207;-0,068795175;-0,092305348;0,279861404;0,474976922;-0,063204627;-0,024915397;-0,096161293;-0,065162435;-0,110549455;0,326041898;-0,064195496;-0,03880726;-0,086029403;-0,090823923;-0,018018902;-0,029598513;-0,062181586;-0,047672138;-0,028716425;0,723435613;-0,074563224;-0,048168134;-0,046691491;0,248067271;-0,305114647;0,019169521;-0,106058798;-0,054135098;-0,00583471;-0,239170298;-0,084180477;-0,047510955;-0,049735774;0,074783894;0,997641245;0,618966415;-0,087740469;-0,04640901;0,02287867;-0,101817957;-0,062813229;-0,074168903;0,000740366;-0,094401162;1,451876404;-0,105264045;-2,075064639;-0,026453645;-0,03049015;-0,157660425;-0,03781019;-0,051539254;0,803032857;-0,065173182;-0,099963208;-0,251693338;-0,123584425;-0,038961248;-0,651903907;0,552006528;-0,005158585;0,005672131;1,040408665;-0,162693825;-0,850140317;0,61330253;0,161130925;-0,087010434;0,008318435;-0,109617806;-0,0121079;-0,028808459;1,990495316;-0,130188185;0,019043616;-0,04879465;-0,477901042;0,014493103;-0,031520027;-0,114916033;-0,636482486;0,000117794;-0,001934175;-0,025876371;-0,69706393;-0,015335784;-0,076118059;-0,100454927;-0,038344493;0,628671021;0,010196873;0,08801225;-0,003462474;-0,01446417;-0,069421887;-0,043049949;-0,052588771;-0,044901101;1,700102388;0,670716849;0,062362375;-0,452229577;1,419400208;-0,08314187;-0,161493322;-0,833437187;-0,050230348;-0,054200609;-0,077776523;-0,104126519;0,017746916;-0,086237308;1,427718898;-0,050717432;-0,070385602;-0,00711905;-0,065459428;-0,084636178;-0,04868085;-1,358412784;0,01926457;0,108973593;-0,090962609;-0,078610226;0,368047216;-0,020499991;-0,036329519;-0,097266259;-0,032143335;-0,077010474;-0,057763485;-0,069179574;0,020827281;-0,04201107;-0,058738204;-0,055667186;-1,850669479;-0,331208539;-0,031881092;-1,442288426;-1,072707379;-0,078131432;-0,080879335;-0,095459388;0,875693932;-0,02268237;-0,10980206;-0,005517397;-0,11824329;-1,288321647;-0,026242865;0,163296027
-0,115166685;0,814524948;-0,130081261;-0,119455005;-0,063907907;-0,120876456;-0,07940226;-0,383006073;0,350304153;-0,081360754;1,947383521;-2,202648533;0,573191003;-0,133008317;-0,0423459;-0,229602281;0,418437923;-0,088490022;0,609518267;0,518466023;-0,069609486;-0,120733709;-0,160171799;-0,43051035;-0,049844383;-0,06503781;-0,036379292;-0,076324062;0,614705499;-0,099404206;-0,081874707;-0,101002089;-0,01071848;0,152349946;1,126004845;-0,058520278;-0,119359853;-0,175600695;-0,082452852;0,552187322;0,084731607;-0,023605135;-0,021561553;-0,013072413;-0,153338474;-0,162149922;-0,055109235;-0,915003182;-0,138355818;1,391604095;0,015373799;-0,100966543;-0,106215562;-0,074956055;-0,066345382;-0,124904672;-0,138981581;-0,051426942;-0,073713204;-0,084991727;-0,041817779;-0,063957645;-0,097722878;-0,083430531;-0,219952236;-0,600939843;-0,077753871;-0,103679302;1,382560847;-0,038858597;-1,628267486;-0,045701482;-0,064330344;-0,058696695;-0,02930292;-0,081240699;-0,047329413;-0,121009892;-0,090870866;-0,105325566;-1,454518608;0,89401112;-0,116983054;-0,002782439;-0,13787651;0,669614616;-0,52092703;-0,106598302;2,536813108;-0,86569359;-0,056517921;0,141756794;-0,141764018;-0,077521293;-1,291737778;0,241262551;-0,014455214;0,861623065;-0,031916611;-0,148888107;-0,030623397;-0,141303111;-0,071927972;-0,094631888;-0,171974112;-0,131888838;-0,107724976;-0,053733101;-0,134688895;-0,863616357;0,011289308;-2,521185267;-0,03921872;-0,086460068;1,016786671;-0,053569983;-2,136533816;-0,140276716;-0,798051936;-0,091137551;-0,123464316;-0,071683121;0,357725014;-0,071497689;-0,07472848;0,831242445;-2,372175156;-0,103661918;-0,05433244;-0,034141213;-0,139628612;-0,095075679;0,980548893;-0,065865675;-0,116886668;-0,036147881;-0,121921009;-0,007389007;-0,024001122;-0,100738176;0,016786016;-0,061954227;0,01000719;-0,088324642;-0,153894902;-0,040172691;-0,02333297;1,189435824;-0,056376236;-0,077347375;-0,170439501;-0,093795694;-0,293168164;-0,108993671;-0,040534147;-0,137689436;-0,010748888;-1,094152459;0,607658342;-0,06586183;-0,172531544;-0,014856205;-0,078083542;-0,143228719;-0,053288526;-0,051873525;-0,079961195;-1,06594738;-0,089240746;0,221551691;-0,08379373;-0,157518617;-0,016487305;1,683925781;-0,139695946;0,536079056;-0,078354626;-0,082192228;1,777688597;-0,110456775;-0,155311666;-0,473609548;-0,446881832;-0,132310236;-0,039611455;1,404818729;0,079567913;1,935165378;0,097588304;-0,312307301;-0,067671821;-0,111673107;-0,145456561;-0,053027171;-0,075794329;1,530146082;-0,548077942;-0,083493162;-0,114903368;-0,91283642;-0,039709058;-0,068951414;-0,073907229;0,270135707;0,00648853;-0,097499143;-0,089990524;-1,056979701;-0,117354978;-0,112219197;-0,067163414;-0,091894457;0,531943803;0,002404462;-0,017078371;-0,05175845;-0,097466882;-0,019560895;-0,069653974;-0,08578814;-0,067223357;-0,007396444;0,988711339;-0,069092268;1,463603588;1,236087538;-0,0924404;0,102772992;0,454799043;-0,042742155;-0,147399107;-0,093593312;-0,140868133;0,019426742;-0,150506342;-1,020575886;-0,120147407;-0,089909344;-0,016780255;-0,069266608;-0,057571271;-0,137464173;-1,135010592;0,056825056;-0,02832074;0,015763568;-0,079528553;-0,297144991;-0,045828131;-0,070319054;-0,088302441;-0,091223447;-0,092579247;-0,100037407;-0,057658587;-0,018379012;-0,078246914;-0,0156807;-0,0707441;-0,773245756;-0,527233166;-0,122869648;0,038643067;-0,874179038;-0,095806409;-0,064518656;-0,119997642;-0,338568167;-0,042003719;-0,158881839;-0,061377613;-0,090796633;1,747214966;-0,061623376;-2,604066731
-0,114156364;0,396986377;-0,11597901;-0,112638157;-0,100399853;-0,094925138;-0,105475579;1,340358543;-0,112531914;-0,120163041;1,493076884;-0,14230263;1,157164327;-0,053562075;-0,111131178;-2,021242327;0,419078862;0,563490946;1,281789715;0,069274601;-0,115216295;-0,116466212;-0,153330822;-1,145598231;-0,054937037;-0,153534235;-0,129505216;-0,031424134;1,452114711;-0,107304078;-0,100071598;-0,150659433;-0,031835854;0,131541775;-0,919490603;-0,119858907;-0,116325668;-0,146132381;-0,088427959;-1,129671179;-0,073675325;0,019697119;-0,128537621;-0,087590851;-0,155076985;-0,125744235;-0,038866006;0,595236289;-0,137875941;0,361956112;0,187107772;-0,041841234;-0,084660185;-0,095525372;-0,063341101;-0,095669127;-0,078372947;0,012249552;-0,05328789;-0,090750934;0,000254103;-0,135588314;-0,223629949;-0,116379689;-0,175553842;-0,160565184;-0,074303819;-0,171664936;-0,436297742;-0,080308783;0,937572135;-0,026145168;-0,100445368;-0,083213045;-0,045977405;-0,157969088;-0,063898141;0,101362795;-0,094180286;-0,10134349;0,383756265;0,102722775;-0,076580426;-0,038916125;0,040907534;1,606497474;-0,379544998;-0,094923462;0,097768785;-0,901732096;-0,077573623;0,324284024;-0,156888936;-0,111696406;1,05858754;0,047363978;0,044045873;0,614803699;-0,038438728;-0,080833566;-0,021077881;-0,094999681;-0,060337246;-0,471250407;-0,168551539;-0,122398002;-0,127640926;-0,072633682;-0,147738555;-0,352193979;0,02723591;1,235352202;0,049784094;-0,118153387;0,116678931;-0,149914679;0,322266004;-0,104089388;0,246310014;-0,105057753;-0,078993477;-0,137332992;0,599383359;-0,108484267;-0,133540534;0,455010871;-0,562469329;-0,073557799;-0,12800589;-0,046334286;-0,082160834;-0,066080412;-0,433135165;-0,035907179;-0,069903687;-0,038853827;-0,042043055;-0,094000081;0,014002851;-0,142888713;-0,006520846;-0,053789176;-0,622628684;-0,094609845;-0,125248798;-0,074738197;-0,705066705;1,042714882;-0,035908048;-0,068817203;-0,070188117;-0,128324588;0,252899422;-0,136357861;-0,057665777;-0,115315487;-0,021182009;-0,568531181;0,082231641;-0,047851606;-0,102251594;-0,032010326;-0,165827174;-0,075052161;-0,118426464;-0,055740051;-0,067622434;-0,628464329;-0,130187812;0,896737676;-0,128214194;-0,135696018;0,01523432;-0,538534524;-0,138543494;-0,645728257;-0,114437165;-0,099718008;1,165089395;-0,143192898;-0,091129795;1,383752482;-0,406815441;-0,12741591;-0,139099834;-0,501101822;0,047757863;0,712753034;0,338777131;-0,183089164;-0,090808526;-0,038864337;-0,098007214;-0,173871043;-0,124501415;0,347437779;1,368638514;-0,071538237;-0,049090664;-1,779700971;-0,051417935;-0,151423431;-0,150430357;-0,470054643;-0,018122755;-0,086028338;-0,047249566;0,29810335;-0,073902031;-0,159093807;-0,049963395;-0,056936107;0,419216825;0,02567511;-0,065936145;-0,124778544;-0,107937961;-0,044680472;-0,157810809;-0,113008485;-0,062471565;-0,453928156;0,268959029;0,013389109;-1,601981662;0,089516456;-0,069328678;-2,014533565;-1,493245554;-0,009477622;-0,084834278;-0,13743575;-0,157177459;-0,025303676;-0,094318539;-0,338216026;-0,094544532;-0,078783923;-0,065922171;-0,129054953;-0,049731828;-0,10316584;1,138749568;-0,010337532;0,092413932;-0,151220207;-0,147354634;-1,022532314;-0,059359308;-0,037540937;-0,073850887;-0,106155548;-0,144810416;-0,128851543;-0,077129017;-0,04274914;-0,083218832;-0,105758822;-0,115099631;-0,65965693;0,609516759;-0,166128888;1,410388685;-1,62722336;-0,083003963;-0,056690863;-0,167722909;1,801886701;-0,039246255;-0,135756731;0,076630818;-0,144008079;-1,25859897;-0,109661475;-1,414158915
-0,077283748;-1,043148324;-0,111529118;-0,033313438;-0,066571052;-0,094310948;-0,061301152;-1,525859151;-0,976853266;-0,013884882;-0,608734335;-0,694181932;-0,963534571;-0,017590924;-0,10182759;-0,36829021;-0,864523066;-2,263700246;-1,589865846;-2,062258988;-0,113016672;-0,025834651;-0,010721977;1,956852137;-0,028457711;-0,041999559;-0,0631306;-0,084096903;0,297444262;-0,011089362;-0,032385612;-0,008844574;-0,052246224;0,263503663;1,229550489;-0,068183058;-0,011189278;-0,02844298;-0,078803992;-0,683960736;-1,171504879;0,001554224;-0,018999854;-0,036127363;-0,089430145;-0,11284699;-0,068221937;-2,08081949;-0,073675168;1,888286889;-0,154152646;-0,007218785;-0,013082403;-0,086254051;-0,000204916;-0,032658476;-0,115620032;-0,053960348;-0,036544079;-0,013857319;-0,054971756;-0,012872557;-0,037253341;-0,031001835;-0,21854204;-0,90632526;-0,02475434;-0,104694444;1,495913282;-0,043201997;0,179977275;0,025487209;-0,008288524;-0,039135693;0,020520577;-0,097898615;-0,052632304;-0,176246558;0,038661026;-0,081443009;0,132474055;1,37643929;-0,073546183;0,037390773;-0,343350385;1,484576582;1,155722371;-0,055597707;-1,886918793;0,932778795;-0,007809391;-1,549063254;-0,051354412;-0,023079372;-0,78878955;1,323639718;0,007528566;0,160728296;-0,049680885;-0,092291545;-0,063121401;-0,099593627;-0,10534015;0,478486512;-0,105213497;-0,099842597;-0,104130545;-0,052038574;-0,026974162;-0,940304426;0,001712544;0,004660212;-0,045732373;-0,085563572;-2,183157243;-0,077829065;1,920660096;-0,095897938;-1,758009337;-0,059228255;-0,091607933;-0,091485714;-0,345133941;-0,04517218;-0,073986551;-1,221977248;2,328168812;-0,100437612;-0,09194421;-0,096209944;-0,11375669;-0,040056201;-0,037962383;-0,061080879;-0,110029092;-0,067111141;0,053540531;-0,046742752;-0,011112985;-0,103279421;0,047894556;-0,063253035;-1,043029058;-0,092406707;-0,074234978;-0,071456457;0,213006554;1,087661863;0,056679599;-0,069302255;-0,024093029;-0,012892032;0,403927517;-0,016488446;-0,012373548;-0,117299176;0,042372778;0,405812517;1,408246875;-0,029470569;-0,106586816;-0,037513199;-0,113909085;-0,066248488;-0,038344108;-0,044534775;-0,055201585;1,627288715;-0,067823134;0,434551174;-0,090103498;-0,060921434;-0,195029684;-1,488791413;-0,036675353;-1,046149936;-0,042311761;-0,045451671;-0,268013524;-0,032428176;-0,025803808;0,371484286;0,263467101;-0,082095334;-0,070450652;-1,474893579;-0,054650947;1,053609141;-0,067573442;-0,092549199;-0,033655189;-0,102514273;-0,057958281;-0,006284392;-0,061107026;2,483083283;-2,089578542;-0,021554972;-0,048596567;1,250117832;-0,064012111;-0,108638073;-0,042316891;1,195406508;0,004911348;-0,068358165;0,030181607;1,801461822;-0,103887465;-0,955312925;-0,022667584;-0,065943671;-0,419622891;-0,025728689;-0,021065628;-0,101962201;-0,040768282;-0,0806984;-0,086502026;-0,106128147;-0,046121096;-0,137877138;-0,316351064;0,041149914;-1,942744375;1,513407846;-0,061532;-0,874471852;-1,734886544;-0,037185802;-0,095571163;-0,070082013;-0,101755235;0,074760985;-0,02487951;0,946154603;-0,068594199;-0,056687318;-0,047736636;-0,042593679;-0,04092067;-0,030038306;1,040040159;0,031394529;0,048930642;0,017584732;-0,054754276;0,188457433;-0,098552783;-0,040067138;-0,063110837;-0,042559943;-0,05041657;-0,051060418;-0,076121334;-0,02900735;-0,025895204;-0,065666658;-0,089512681;-0,638378697;-1,259834861;-0,067494328;1,495987381;0,60089533;-0,044113702;0,032956463;-0,044011377;0,475893084;-0,067011476;-0,047531658;-0,000956279;-0,032079708;0,180462277;-0,068596446;-1,362285822
-0,129156117;-0,978045435;-0,011322737;-0,064996733;-0,100483399;-0,08440431;0,008146612;0,330705171;-1,743224569;-0,076442536;1,458527738;-0,445513332;-1,101181624;0,006040693;0,008609353;0,504757586;-0,036526907;-0,440842468;-1,465008827;-0,067306357;-0,100056265;-0,093745513;-0,056895692;-0,540647659;-0,02332334;-0,058667634;-0,045730308;-0,014833429;-0,076871356;-0,053887393;-0,090067091;-0,023885021;-0,017492025;0,51989756;0,376820143;-0,081478213;-0,027625528;-0,117062988;-0,011960417;0,644169319;-0,344825734;-0,045076564;-0,017564014;-0,022207668;-0,061081275;-0,013837393;0,039683688;-0,920526215;-0,071924934;-1,381010291;0,211490185;-0,026417417;-0,011544813;-0,073457359;0,006849515;-0,081720322;-0,056828239;0,023884511;-0,012109604;-0,045297319;-0,01397486;0,005725224;-0,05767092;-0,000525034;0,070437951;0,374522747;-0,027173472;-0,048183201;0,485654087;-0,041586304;1,263638484;0,049474327;-0,041459819;-0,021827391;0,034492337;-0,081969582;-0,030049257;-0,151444253;-0,023831368;-0,027779533;-0,079895426;0,631801747;-0,045492411;0,01040527;-0,124990482;-0,897699109;-0,473024076;-0,088983259;1,292758209;-0,364026466;-0,005574413;-0,437513353;-0,099209525;-0,008291072;-1,391662855;-0,254464821;0,020106734;0,802619597;-0,03644352;-0,090225432;-0,018856956;-0,049752854;-0,08525532;-0,437180569;-0,062339226;-0,048141094;-0,062461767;0,013178694;-0,058882869;0,39407034;0,001009798;-0,485047284;0,031031691;-0,087998409;0,162204674;-0,013642375;-1,419900588;-0,050958294;0,039898359;-0,049131849;-0,062728629;0,002569674;-0,821951431;-0,092587942;-0,04148591;-1,12757416;-0,107867169;-0,091947496;-0,01352659;-0,087002738;-0,083726375;-0,023935915;0,82542294;0,017945395;-0,060710176;0,02132406;0,06036397;-0,031567523;-0,012057941;-0,077893662;-0,03287526;0,002222128;-0,027662891;-0,069793668;-0,101323198;-0,022430389;0,550588646;0,869516953;-0,076163725;-0,066841813;-0,009336086;0,018360279;0,118926587;-0,087056425;-0,011298132;-0,092439324;-0,003658154;0,37829677;0,11993391;-0,072416432;-0,083102692;-0,024805402;-0,006821403;-0,056934606;-0,009430755;-0,007129802;-0,045945485;1,265264921;-0,103636301;-0,448836869;-0,088903489;-0,03860223;-0,030890019;0,489006947;-0,108935134;-0,21845154;-0,00617873;-0,094191117;0,332917914;-0,093516744;-0,013964611;-0,702570913;-0,037763507;-0,04234671;-0,01495673;1,107291608;-0,092848268;-0,900256369;-0,009992815;-0,174964563;-0,100402913;0,014620616;-0,040114668;-0,066150393;0,00300148;-0,524559088;-0,312452576;-0,009730852;-0,082766041;-0,807044431;-0,066357835;-0,090647943;-0,073874238;1,460892873;0,000156319;-0,04202731;-0,087312909;-1,029297029;-0,070802955;-0,519868637;-0,062617513;0,006887789;-1,05649274;0,039580309;-0,044514477;-0,020091642;-0,097084317;-0,009649002;-0,04852485;-0,093330796;-0,068522196;0,561800598;1,469101301;-0,042520136;1,310507988;1,134713318;-0,046855138;1,523038982;-1,608037817;-0,044304373;-0,042077977;-0,104072157;-0,07745752;-0,023477234;-0,071220293;-1,272727684;-0,022369965;-0,08335436;-0,001735747;-0,049805252;-0,020095737;-0,107108697;-2,367952865;-0,004858313;-0,074475331;0,095957241;-0,081774959;-1,834555202;-0,067592702;0,011884182;-0,069878593;-0,042726254;-0,087138671;-0,058461086;-0,060825843;-0,052687054;-0,047094339;-0,024795605;-0,06314869;-0,646057391;0,71340669;-0,047460794;0,473534013;-1,402340319;-0,106167339;-0,004590422;-0,00810777;1,431982185;0,010394999;-0,084045177;0,02300568;-0,099975312;-1,479487177;-0,087238003;-0,622604893
-0,215159218;0,494495643;-0,090626105;-0,088905984;-0,059553269;-0,087609612;-0,002966804;-0,765716781;-0,350217246;-0,077341492;0,823220871;0,818400394;1,417814303;-0,01885694;-0,04445274;-0,345434415;0,503605097;-1,155727327;1,300840691;1,773782661;-0,097968884;-0,100509928;-0,066938802;0,588432771;-0,07268702;-0,022735909;-0,050306116;0,019774121;-0,478805239;-0,102312571;0,011975282;-0,062779028;-0,025334514;0,345278314;-0,337807228;-0,009724287;-0,043452984;-0,016297081;-0,066616515;0,558867208;-0,488068818;-0,079503502;-0,013834715;-0,051031125;-0,077244012;-0,031223442;-0,043844436;-0,152741863;-0,050831438;1,560698256;0,192548026;0,000798215;-0,079940363;-0,093256386;-0,032124743;-0,027585912;-0,103698987;-0,013077211;-0,039285456;-0,065519897;-0,014340254;-0,02658963;-0,053670021;-0,088888282;-0,110216409;0,267666136;-0,038843336;-0,035976343;-0,962740098;-0,070279256;-1,182572907;-0,0071999;-0,084478205;-0,064214778;-0,032091567;-0,072187975;-0,062055659;-0,270654835;-0,089278559;-0,088789663;1,079736378;-1,715119433;-0,092553965;-0,038519544;-0,041537807;0,632685227;0,421376409;-0,099100004;-0,557651271;0,552061873;-0,116966671;0,288148437;-0,109504405;-0,092287177;1,638506701;-2,096928251;0,045379261;2,214170713;-0,035876603;-0,033064224;-0,009119376;-0,024097939;-0,036632586;0,157890815;-0,090146701;-0,021859185;-0,015860442;-0,011325682;-0,043554188;0,702961696;0,044134844;-0,274056613;-0,036982007;-0,031244757;-1,048625562;-0,050197387;0,832442272;-0,032723843;-0,083256402;-0,007824349;-0,034893546;-0,078228104;-0,901596278;-0,026420604;-0,073014473;2,326071896;-1,028219785;-0,071973688;-0,014079079;-0,030724358;-0,080775291;-0,03467254;0,401840261;0,010426863;-0,032038863;-0,007495871;-0,006805445;0,004589972;-0,015420327;-0,068091159;0,010614447;-0,02692238;0,665082263;-0,096414358;-0,035183112;-0,05939789;0,543037593;0,552584218;0,066842985;-0,006508156;-0,012314711;-0,033298161;0,475333027;-0,067489128;-0,078722451;-0,084989788;-0,002894532;-1,349224714;-1,070783097;-0,020009526;-0,063112357;0,046079413;-0,064280804;-0,041141152;-0,02492302;-0,004279546;-0,072651663;0,122298196;-0,03806421;-0,282278851;-0,095370341;-0,00491021;0,085871423;0,480128505;-0,085067821;-0,657162414;-0,014518579;-0,010168068;-0,956520323;-0,006038993;-0,111016809;-2,309531891;0,421990671;-0,05155793;-0,055895101;-1,30666594;-0,092822237;-0,911805105;0,239336039;-0,260672143;-0,029661491;-0,056534894;-0,029605154;-0,01022004;-0,074604235;-0,982309869;-1,825876053;0,000879748;-0,051939657;-0,551297203;-0,052185522;-0,01092053;-0,014913674;0,492192702;-0,008513173;-0,01198511;-0,09068715;-0,916944068;-0,02663353;-1,624685712;-0,072196837;-0,03284539;-0,665714318;0,005411045;0,032729479;-0,055429707;-0,085938633;-0,067617677;-0,012019204;-0,017191332;-0,021848478;1,617345913;-1,589613719;-0,003894225;0,035835084;-2,135682885;-0,032859145;0,705802838;-2,210732596;-0,005551612;-0,1074891;-0,053982458;-0,039720486;-0,030754802;-0,040717947;-1,994851673;-0,084872099;-0,098745967;-0,042329561;-0,041833893;-0,02006107;-0,021211328;-0,958459602;-0,00884409;0,281798056;-0,044929331;-0,023103116;0,634763804;-0,013810292;-0,069184305;-0,064253612;-0,09498096;-0,008063741;-0,062482331;-0,073741904;-0,025400584;-0,079858416;-0,040081449;-0,010792402;2,224578334;0,294482594;-0,047031712;-1,683908246;0,582790179;-0,079539316;-0,057895167;-0,030033609;-0,140876349;-0,006764141;-0,105501544;0,026271727;-0,05036254;-0,39360722;-0,083916819;-0,286415824
-0,141884372;1,158315954;-0,07118383;-0,098038525;-0,087107782;-0,119112906;-0,024449614;0,737273362;-1,573082542;-0,099415008;1,840741192;0,62425219;0,053754151;-0,035183706;-0,016491286;0,012177589;-0,781279257;1,126550948;1,567371027;-1,606249035;-0,108411775;-0,112833747;-0,112972522;1,115414307;-0,005504002;-0,044638435;-0,084309311;-0,017589335;0,700974857;-0,127330906;-0,043103032;-0,060046991;-0,091268376;-0,14298081;-0,052508758;-0,005060263;-0,1204354;-0,072375976;-0,030934098;1,183499446;-0,745857653;-0,064321227;0,000154885;-0,086291205;-0,032140016;-0,086922265;-0,043856438;1,078224381;-0,077197779;-2,170381715;-0,039312121;-0,066976407;-0,023572488;-0,132750403;-0,061204053;-0,039062507;-0,109423145;-0,042952477;0,004971599;-0,117418645;-0,051459764;-0,021668017;0,034541568;-0,057302538;0,074871846;-0,517966141;-0,103183482;-0,12414685;0,655064519;-0,096023538;0,894007046;-0,035007729;-0,080394115;-0,100320008;0,050758177;-0,047353623;-0,03040771;-0,092529999;-0,025547914;-0,114505166;-1,143723333;-2,13395047;-0,064568092;-0,041740068;-0,253232654;-0,713674777;-0,199698679;-0,072141685;-0,654914424;1,283202508;-0,037522997;-1,083468369;-0,07532581;-0,071378037;2,071179648;-0,385468632;-0,017515743;0,310864751;-0,076401584;-0,102198496;-0,050566029;-0,105555132;-0,015784648;-0,147261269;-0,111091718;-0,106346224;-0,061872628;-0,012387492;-0,110208417;-0,951945204;0,017255484;0,722764944;0,055765502;-0,132925585;-1,635207806;-0,097724044;-2,177752528;-0,107260864;1,098297092;-0,044126252;-0,095243339;-0,016936403;0,33673301;-0,098670449;-0,076463922;1,054051373;-1,152112972;-0,136348308;-0,043885797;-0,094799262;-0,081044287;-0,036528762;0,838739858;-0,042164332;-0,07600536;-0,02879683;0,075828409;-0,073351275;-0,018126323;-0,112699009;-0,010171911;-0,067627853;0,485540776;-0,097212757;-0,08766067;-0,082175035;-0,51456229;0,825058622;0,014490458;-0,031701802;-0,086311861;-0,069093097;-0,95720429;-0,027516589;-0,064478242;-0,033179537;0,009609401;0,515545224;-2,009883697;-0,032329371;-0,06951417;-0,025384724;-0,094654408;-0,07883045;-0,040242092;-0,084893564;-0,10848221;0,372742528;-0,124151971;0,383048975;-0,125211858;-0,034098094;-0,084111544;-0,783883117;-0,064803234;-2,139106589;-0,040758197;-0,020038624;-0,158029849;-0,022281903;-0,130590135;-0,050410291;0,91741608;-0,083212491;-0,081451736;-1,305241925;0,021753122;-0,955130264;-0,375189026;-0,062456087;-0,100428252;-0,04488969;-0,095261805;-0,046093028;0,00528334;0,790374921;-0,591000609;-0,097709517;-0,086980417;0,623885588;-0,005816335;-0,092019367;-0,086373545;0,070656434;-0,026162201;-0,072537452;0,006558282;0,321914825;-0,078339451;0,958346902;-0,0460929;-0,060046771;0,501428862;0,015532406;-0,01078849;-0,09109375;-0,035078055;0,000492491;-0,099445153;-0,094841142;-0,059681607;1,184429355;-1,079399156;-0,063404566;-0,621962874;-0,489534415;-0,123695998;0,603131303;0,417797674;-0,007823578;-0,071443891;-0,058695586;-0,081078056;-0,043624493;-0,09409081;-1,81446606;-0,037797915;-0,057874906;0,002693405;-0,009724135;-0,013225727;-0,104662448;1,315298995;0,052867103;-0,204961106;0,149385452;-0,101894795;-1,984724606;-0,062938676;-0,04391884;-0,065269307;-0,113406774;-0,046849718;-0,098716991;-0,100820562;0,004967809;-0,048086995;-0,028012684;-0,060495105;0,363117162;-0,248721258;-0,041053545;1,142000941;0,679183262;-0,127187542;-0,092849242;-0,094297687;-0,198249629;-0,028512937;-0,051437858;-0,017872104;-0,092507013;0,683344966;-0,095300492;0,743304615
-0,106221237;-2,305805749;-0,042439272;-0,021233;-0,085093927;-0,059322572;-0,079184269;0,120575533;1,57293309;-0,094496144;-1,758336433;0,918391171;-0,043493887;-0,040325661;-0,05035245;0,357524034;-0,263193194;1,175543317;0,01171352;2,173987104;-0,033835687;-0,06552502;-0,077385313;-0,628909158;-0,045697794;-0,081396462;-0,087119314;0,002163186;-0,993897573;-0,10804772;0,004865891;-0,020167885;-0,006661867;-0,773524665;0,737607368;-0,045698906;-0,025876382;-0,036894027;-0,097281813;-0,254342147;-1,561218895;-0,019538319;-0,06690414;-0,088272147;-0,099254391;-0,102672002;-0,005422177;-0,419457413;-0,043382848;0,101652161;-0,060556931;-0,023333526;-0,085296693;-0,049910834;-0,007236005;-0,101375577;-0,015378621;-0,003315581;-0,032896704;-0,056956791;-0,034036478;-0,079982485;-0,05886296;-0,022779469;-0,426158996;0,852175365;-0,025776203;-0,084746071;-2,404538958;-0,092534693;-1,443459911;-0,051859639;-0,003405817;0,009066001;0,033570627;-0,056222633;-0,002165884;-0,155367699;-0,022434322;-0,082577725;-1,064876528;-1,579616082;-0,007624061;0,051706681;-0,08440889;-1,488936053;-1,468518491;-0,076534834;1,76697739;-1,254605292;-0,082946537;-0,9963712;-0,028595749;-0,070800667;-0,413887158;-0,398453941;0,02876739;-2,198471894;-0,027255781;-0,098486981;-0,024223077;-0,112076042;-0,024125564;-0,182203299;-0,024777327;-0,063279932;-0,06313844;-0,036900264;-0,085247039;1,899982594;-0,038592859;1,464105541;-0,017471693;-0,028703033;-0,149825756;-0,012779593;-2,720719972;-0,06240567;-0,871180663;-0,023830372;-0,079345903;-0,04298117;-0,624411532;-0,0233708;-0,021471668;-0,235754017;-0,411893627;-0,053354416;-0,023358057;-0,040451746;-0,07177044;-0,060593497;1,036599654;-0,000767775;-0,055733758;-0,015226521;0,031135836;-0,002989763;-0,045269562;-0,039272753;-0,057773112;-0,07635647;0,404049099;-0,070177262;-0,102107483;-0,016455579;-0,220624923;-1,816525651;-0,022702467;-0,07894052;-0,007425507;0,009577185;-0,444511176;-0,015321285;-0,045363164;-0,017549055;0,015469368;-0,371360854;0,649000145;-0,007056579;-0,056595933;-0,030302563;-0,104423421;-0,04698382;-0,037440666;-0,062263583;-0,068570978;-1,301250366;-0,00762816;-0,095601354;-0,046326528;-0,032293574;0,143431994;-1,916170455;-0,069613542;0,203450465;-0,089396567;-0,068741296;-1,138598045;-0,080310524;-0,084788136;2,126868923;1,309107354;-0,037322796;-0,03000298;-1,327399756;0,110190539;0,95313388;-0,35942982;-0,626809547;-0,076704316;-0,090689817;-0,075822151;0,044847555;-0,014650595;1,171381189;-2,865510203;-0,000824324;-0,016188302;0,469461859;-0,015392721;-0,016512636;-0,080157664;1,592747249;-0,004745886;-0,003524209;-0,049878741;0,87800042;-0,012084656;-0,631707972;-0,039740354;0,00360292;0,54943943;-0,020035033;-0,039546588;-0,059604084;-0,021522409;0,023327749;-0,080797153;-0,062519805;-0,051680429;0,390128828;-2,477127785;0,051936457;1,121019219;1,439788999;-0,11051635;0,30118688;1,600637857;-0,014033967;-0,088535602;-0,045603658;-0,010605394;-0,083645048;-0,050773963;1,39791232;-0,081167958;-0,06306579;-0,08711778;-0,062738449;-0,022728751;-0,063530166;0,399328694;-0,037299992;0,154567239;-0,018103529;-0,066258925;1,569995147;-0,015871211;-0,05792425;-0,061222959;-0,047524396;-0,097654112;-0,034167959;-0,036128091;0,006305635;-0,022540761;-0,03744324;-0,082362902;1,580085838;-0,195684358;-0,052672232;-0,13951094;0,740536394;-0,079682682;-0,007671111;-0,087345374;-1,91220099;0,01974365;-0,050691419;-0,027094492;-0,037235165;1,03849285;-0,092967268;1,444239757
-0,193327148;-0,494303303;-0,114355101;-0,132004314;-0,138986316;-0,012501905;-0,098298382;-0,545068062;0,339257284;-0,136640084;-1,128244751;-0,605546507;-2,174550439;-0,11510807;-0,107606008;0,052541691;0,953127893;0,276791108;1,712701415;-0,492517665;-0,048388339;-0,049712837;-0,100288165;-0,551546486;-0,021246914;-0,105282053;-0,048827033;-0,012191902;0,044458036;-0,133278767;-0,035315644;-0,139892314;-0,086157891;1,062068154;-0,047288455;-0,013237408;-0,120046304;-0,149269652;-0,094516543;-1,140505901;-0,469339524;-0,062700681;-0,08274168;-0,089270807;-0,061551029;-0,080722744;-0,027421264;0,370725714;-0,133232616;0,151261382;-0,024449621;-0,100957257;-0,10487572;-0,081942025;-0,069624125;-0,121653379;-0,083417385;0,049163909;-0,047757366;-0,110013075;-0,076265053;-0,016735648;-0,100560243;-0,128319486;-0,119292305;0,131486457;-0,112502712;-0,13429046;-0,260717715;-0,047389209;-0,673268641;0,050855071;-0,068778579;-0,100471293;-0,012752718;-0,064509649;-0,059856756;-0,328819885;-0,048796197;-0,063746173;0,042496215;-1,279100766;-0,072154486;0,024159153;0,203015439;-0,842895787;1,10495116;-0,094086897;-0,594713739;-0,04641681;-0,049375375;0,700169399;-0,089383428;-0,124413261;-0,800111948;-0,399412913;-0,024668912;-1,099711744;-0,106691158;-0,13859704;-0,085615449;-0,047405673;-0,035913997;-0,20555805;-0,147799321;-0,071520848;-0,117056952;0,005462557;-0,046959553;0,341906701;-0,034432316;0,612642655;0,010553897;-0,057374884;-2,005678127;-0,129476525;0,207479599;-0,144142834;-0,116882306;-0,145556418;-0,09674456;-0,104090925;1,237531349;-0,096629582;-0,078576273;1,163549439;0,428668291;-0,08481302;-0,053635639;-0,021183689;-0,063836428;-0,118695173;0,737178308;-0,016848074;-0,131905216;-0,015144292;-0,053922149;-0,047117833;-0,024338572;-0,071518481;-0,06376779;-0,044039449;-0,257467022;-0,121363061;-0,097539128;-0,049071619;-0,494899898;1,198430126;0,052305244;-0,049784833;-0,117694226;-0,068570335;-0,937414897;-0,093496699;-0,02340263;-0,000880687;0,01800393;-0,557148124;0,614174534;0,012562744;-0,046754815;0,028743543;-0,111915453;-0,14685779;-0,104484166;-0,114833962;-0,092079921;0,79685146;-0,073106668;0,593464055;-0,076096743;-0,097622715;0,054443243;1,107489225;-0,121396718;-1,047439793;-0,065680631;-0,109174675;-0,859553125;-0,069849424;-0,105653519;1,739834718;3,073700128;-0,078543312;-0,072463214;-1,125287901;-0,013123726;1,642726406;-0,094513683;-0,020632631;-0,099174644;-0,102429029;-0,118960245;-0,092418899;-0,074423233;-0,147489726;0,50308137;-0,046097937;-0,06951264;-0,235708449;-0,010591712;-0,130489352;-0,110798203;-0,281290252;0,030981963;-0,040496243;-0,010666663;-1,426943872;-0,036653161;-0,644156519;0,033889136;-0,077356687;2,312570675;0,035837473;0,070726116;-0,02900626;-0,089967509;0,020035058;-0,112296506;-0,082769527;-0,094015193;0,476817917;1,294467108;0,013192612;0,557106028;1,32955828;-0,08712695;-2,052522157;-1,360412474;0,039353675;-0,136576192;-0,08817953;-0,096877421;-0,064938804;-0,06850985;0,678446549;-0,13368709;-0,094818946;-0,065991992;-0,104060143;-0,039300083;-0,130910666;-1,390343745;-0,024207267;0,201732678;0,035215411;-0,029304887;-0,704319031;-0,084797598;-0,02742571;-0,015665473;-0,130872392;-0,061403116;-0,12274418;-0,095765405;-0,09639537;-0,034946973;-0,106503131;-0,129733251;-0,176066385;0,279753569;-0,101185941;-1,423547503;1,056400317;-0,078714628;-0,052118493;-0,077440369;2,182102211;-0,046481364;-0,056471398;-0,03070046;-0,091930254;1,390192369;-0,044983839;-1,002339305
-0,003959657;-0,725924505;-0,047305835;-0,072165869;-0,098015173;-0,025718435;0,002776291;-0,095953822;-1,682069278;-0,074467069;1,529043807;-1,207648657;1,68288423;-0,09234285;-0,001263331;1,392493362;0,700778733;-0,469160263;-0,080297199;2,200068044;-0,089236238;-0,10927235;0,002876353;0,046146437;-0,032567033;-0,049153368;-0,009095334;0,017023002;-0,592332512;-0,038908342;-0,050780066;-0,070360487;0,0067361;-1,194252521;0,461968495;0,035178718;-0,09562731;-0,033648231;-0,088850757;-0,89156928;0,098441054;-0,071540277;-0,030346385;0,008851572;-0,012604433;-0,067471743;-0,082445372;-0,946005036;-0,056444604;0,676893889;-0,525161136;-0,017980267;-0,02955132;-0,059153961;-0,065355154;-0,103252573;-0,078575902;0,040882923;-0,013445817;-0,077572559;-0,055891259;-0,004403805;-0,041238764;-0,035969808;-0,634569709;-0,305382514;-0,086745864;-0,018057756;-0,044109591;-0,072211176;0,880924112;0,042039301;-0,058194146;-0,003919936;0,000429019;0,004720177;-0,016504452;-0,189371171;-0,043557192;-0,004747674;0,029400927;-0,324905516;-0,083207845;0,040621941;-0,012479571;2,122219689;-0,313383458;0,004126408;-0,499050575;-1,216301876;-0,081890825;-0,741396527;-0,060170297;-0,092696153;0,362612337;-0,512920809;0,028921592;1,1234702;-0,032483285;-0,0488127;-0,069659961;-0,074831527;-0,049625781;1,031275236;-0,098893894;-0,045184909;-0,041122909;0,011853726;-0,110319053;1,221020325;-0,004071378;-1,285362211;0,033792777;-0,094665672;-0,836054043;-0,061712746;0,270666202;-0,025124057;0,119667362;-0,031265859;-0,02700136;-0,013424724;-0,266787269;-0,010747378;-0,109560033;1,420923146;-1,743421236;-0,02724306;-0,076891738;0,003559206;-0,051512785;-0,101683192;0,61022626;0,016020938;-0,046773885;-0,06805292;-0,035182073;-0,078818077;-0,055624931;-0,017793588;-0,034465445;-0,050057526;-0,564828208;-0,110830346;-0,023341268;-0,037757533;-0,437561764;-3,143017932;-0,112101371;-0,065357305;-0,010049044;-0,007138427;0,347627882;-0,0183975;-0,057984376;-0,0056127;-0,006143506;0,14100218;0,48093304;-0,020133715;-0,059797876;-0,033259146;-0,105161708;-0,087725601;-0,072255656;0,015916647;-0,082920463;0,167097502;-0,084395134;1,037887018;-0,016020751;-0,104468883;0,096358245;-1,75174175;-0,021341306;1,611754958;-0,014588038;-0,083832983;0,456558821;-0,114273628;-0,109058323;-0,971506615;-0,970421074;-0,069130408;-0,005083575;2,357564997;-0,066026367;-2,013588906;-0,53662812;-0,343956578;-0,022658299;-0,06911036;-0,017935035;-0,066975567;0,008185372;-1,387002281;-0,675623409;-0,053396487;-0,003227711;2,398441404;-0,074719083;-0,10439789;0,004319146;-2,799098037;-0,008472626;-0,032502331;-0,093035163;1,0788999;-0,023522331;-0,558557915;-0,104735268;-0,059982827;1,960183431;-0,025001907;-0,065982276;-0,03525838;0,020210857;-0,042737545;-0,099666979;-0,053682333;-0,045598169;-1,230550218;0,999507973;0,023993235;-1,77450736;-0,821508562;-0,036414834;-1,053486867;-0,170376849;0,012927369;-0,073773923;-0,071801341;-0,084457818;-0,09057562;-0,050316355;0,655052347;-0,077630353;-0,047895013;-0,002356394;0,000557692;-0,038939203;-0,007063212;0,248883071;0,000167414;0,097930339;0,000853573;-0,038944093;-0,38919508;0,013818405;-0,084959565;0,009206512;-0,052059732;-0,025790388;-0,086127625;-0,017094022;-0,069577873;-0,01910012;-0,064566908;-0,025112315;-0,079322553;1,200155189;-0,072662229;-0,351476993;-2,658463834;-0,070030869;-0,042115118;-0,087034629;-1,489491984;-0,02102359;-0,097449803;-0,032535942;-0,077979511;0,151833844;-0,08252799;-0,381115366
0,000477291;0,480623922;-0,05953057;-0,017161587;-0,078272697;-0,008218952;-0,041227031;-1,227569436;0,01196907;-0,058174886;-0,026018942;0,384321658;0,701417295;-0,078033047;-0,004483711;-0,763075533;-0,605539797;-1,020122488;-0,206926756;-0,773251386;-0,104361302;-0,034267817;-0,08596302;0,19293159;0,026043398;-0,002850778;0,01133916;0,002780039;0,37644101;-0,014350479;-0,003400869;-0,061612165;-0,023659131;-0,167223475;-0,89573615;7,76E-05;-0,091227915;-0,082451167;-0,083960353;-0,077877512;-0,82844249;-0,074542988;-0,006445017;0,001066232;-0,018944021;-0,061865408;-0,022650016;0,489169225;-0,083963328;1,498986279;0,243247824;-0,044188314;-0,04659963;-0,016747492;-0,052324189;-0,049614123;-0,10199529;-0,022836874;-0,008481636;-0,034144516;-0,081109536;-0,041446682;-0,077760188;-0,025387443;0,030989846;-0,043741912;-0,021556097;-0,106386687;-0,733498152;-0,058989249;0,78071284;0,014321849;0,005139747;0,022111901;0,006580343;-0,100150733;-0,068973342;-0,112081934;-0,046475215;-0,036574411;-0,543151216;0,915192872;-0,117345068;0,047934184;0,123439499;-0,723354295;-1,227320862;-0,028308863;0,348421169;-0,788353296;-0,0835389;-0,072056131;-0,080589611;-0,091960146;1,461175006;-1,486556052;0,015100272;-1,075193683;-0,043015231;-0,061664238;-0,023859499;-0,1074193;-0,067380713;0,025874352;-0,094132682;-0,061831232;-0,045264378;-0,007444048;-0,080839613;1,444379458;-0,009397079;-1,082155566;0,05046576;-0,017926041;0,57416939;-0,028602414;0,9126745;-0,051159911;-0,011614116;-0,025286448;-0,070261961;-0,039843667;-0,606069961;-0,031104485;-0,098766295;-1,463477437;-0,383540138;-0,100020012;-0,037293133;-0,010980422;-0,018839592;-0,065500673;-0,639812175;-0,043257363;-0,069879001;-0,058811736;-0,04139284;-0,043221351;0,021086871;-0,065900882;-0,046634862;-0,057395789;0,510496519;-0,119596476;-0,012454428;-0,005568243;-0,148017126;0,318309797;-0,091642545;-0,016903331;-0,031183143;-0,017142138;-0,447824824;0,003612901;-0,083185401;-0,056032292;-0,050368712;-0,133613106;-0,554748156;-0,067270832;-0,044196045;-0,029587117;-0,069825498;-0,099681063;-0,000514167;-0,04354666;-0,062757004;-0,622024052;-0,027929032;-2,802540554;-0,097103192;-0,072569135;0,031386298;-0,943608381;-0,019694738;-0,459491246;-0,11177358;-0,012501075;1,078433367;-0,038628452;-0,066726491;0,578811811;0,186172163;0,006548015;0,008619224;-1,534039924;0,007784317;1,485099112;0,277816256;0,210267166;-0,076925211;-0,035759062;-0,083935828;-0,078367505;-0,023033281;-1,919355476;0,871956448;0,001268224;-0,028002408;1,165368233;-0,069584522;-0,086888747;-0,009544874;-0,541612886;0,026981644;-0,022472879;0,040409037;-0,113126294;0,004518229;-0,070388758;-0,107323139;-0,030496489;0,691120586;-0,032307977;-0,040091666;-0,004391551;-0,035540614;-0,021438134;-0,055515821;-0,100076517;-0,075079695;-0,452205744;0,679963338;-0,028444765;-0,592635322;-1,009644572;-0,089073447;1,531494315;0,12937836;0,026230656;-0,056412431;-0,096663784;-0,082175898;-0,050169892;-0,060420452;-0,651435356;-0,066179591;-0,07652682;-0,050730123;-0,028693012;-0,003478535;-0,014643594;0,64291347;0,038594567;0,000514202;-0,023816948;-0,084149422;-0,512558411;-0,082747526;-0,028182023;-0,032163993;-0,034906807;-0,028013406;-0,04676506;-0,042956824;-0,005409568;-0,093519817;-0,069896546;-0,033197702;1,1844954;-0,785876452;-0,064149679;-0,824547412;0,267035477;-0,044279039;-0,05430201;-0,070929934;-1,864956776;-0,028626032;-0,068528383;-0,089687915;-0,039652717;-1,500773388;-0,01588077;0,128695063
-0,16603519;-1,44126708;-0,167391162;-0,081676669;-0,111003838;-0,022113907;-0,087411149;-0,320982445;1,603885756;-0,119243787;0,377616369;0,246557425;-0,890179261;-0,15523401;-0,097396829;-1,669899304;0,652882004;-1,08518919;1,416471385;0,718059745;-0,165441002;-0,158956644;-0,123143037;0,664005243;-0,074433108;-0,181477043;-0,131561156;-0,153691348;-0,357993266;-0,128397588;-0,164301515;-0,134110252;-0,068985717;0,161306104;-0,511245729;-0,090124124;-0,144109024;-0,083083483;-0,10973599;0,32475133;0,737651297;0,010187274;-0,117001591;-0,067829241;-0,098839068;-0,120853791;-0,149128684;-0,28493863;-0,158422057;-1,213077288;-0,049733272;-0,123435966;-0,160845917;-0,134131957;-0,151207344;-0,153963322;-0,148003527;0,033956335;-0,077058098;-0,125879732;0,005685535;-0,095304588;-0,079548861;-0,159004325;-0,092636102;0,903837482;-0,111958493;-0,098065835;0,721733209;-0,162296727;-2,496842537;-0,021743999;-0,141659046;-0,082907063;-0,036786381;-0,137861993;-0,06653347;0,014839703;-0,030234068;-0,130610636;0,569656543;1,273080753;-0,104861658;0,003402568;0,069680173;0,580860111;-0,452857135;-0,139153023;1,148230796;-1,171253393;-0,0802549;-0,297292983;-0,142993922;-0,176223763;0,638096521;-1,007706677;0,028237281;-2,055893728;-0,139609208;-0,12458768;-0,060092306;-0,114435088;-0,162906805;-0,438329789;-0,168837398;-0,170127265;-0,138858347;-0,021298109;-0,164303075;0,943237341;0,033804371;-1,376257281;0,045635465;-0,171141062;1,489936927;-0,093092892;2,118940236;-0,113254975;1,349087735;-0,163097523;-0,10307329;-0,116538053;-0,746999329;-0,1648996;-0,132737836;0,336010587;-0,6805159;-0,144347898;-0,134336284;-0,072105783;-0,113958266;-0,12814848;0,403918475;-0,078138855;-0,163899838;-0,086144074;0,051361981;-0,1297083;-0,055646075;-0,156396456;-0,015830879;-0,102210894;0,699242843;-0,103361576;-0,109367112;-0,03390077;0,038674138;-0,811078077;-0,051976729;-0,078945941;-0,180115578;-0,062028067;-0,2467495;-0,128733373;-0,117268429;-0,123873346;-0,057037411;-0,377876686;0,759920024;0,024053881;-0,139102369;0,041364714;-0,106988953;-0,144421249;-0,163947271;-0,130769639;-0,173097739;-0,091293753;-0,071715846;-0,863582587;-0,140996906;-0,153410997;0,004147798;-0,31038931;-0,144657635;1,863993167;-0,122422116;-0,089361124;-0,738616841;-0,139053669;-0,123823011;-0,106409745;-0,518634558;-0,097563091;-0,106688772;1,073336289;0,006043581;-1,037843468;-0,752671438;-0,114983471;-0,076961938;-0,056800391;-0,163587933;-0,09383937;-0,057459318;-0,217875546;-0,583064244;-0,151020863;-0,066208989;2,066740252;-0,059170382;-0,171222149;-0,145622525;-1,056105657;0,038679009;-0,05964996;-0,116572742;-0,833908389;-0,171575872;-0,524429288;-0,049771987;-0,029469989;1,148446334;-0,00973108;0,033367526;-0,12389446;-0,073710969;-0,051058166;-0,159875338;-0,083360768;-0,107639014;2,34993667;1,714650928;0,004765199;-1,858744949;0,194361214;-0,181126165;2,83679145;1,07880036;0,039148759;-0,182808349;-0,161401405;-0,152225276;-0,134449916;-0,137694966;-0,469311315;-0,153984355;-0,025072273;-0,130867976;-0,138153459;-0,043293843;-0,094640299;1,794859075;0,041046476;-0,044189649;0,005779766;-0,0821244;1,932079714;-0,081157102;-0,044778727;-0,045777156;-0,102265751;-0,181536859;-0,098381536;-0,093351956;-0,061310829;-0,135696591;-0,130395519;-0,088523596;0,81591895;-0,542786829;-0,156605487;1,236184005;0,74978575;-0,092397875;-0,004176074;-0,14967581;-2,165524399;-0,057370541;-0,119631065;-0,021943971;-0,183220995;1,153951994;-0,105052098;-0,833099216
-0,129246816;1,199508406;-0,027891928;-0,100147825;-0,059273078;-0,105221637;-0,098152603;-0,517224631;1,50364229;-0,100452814;1,259715657;0,061779482;-0,72613502;-0,035103232;-0,061067545;-0,965892659;0,646547053;-0,091146688;-0,893327872;-1,067154277;-0,094309892;-0,099894926;-0,134402083;-1,227990187;-0,066378006;-0,108842855;-0,041502743;-0,040670359;0,453066191;-0,074414457;-0,045726749;-0,11606055;-0,081431153;-0,166445958;-0,684611701;-0,040500059;-0,104322112;-0,026904334;-0,040855663;1,212074;-0,392874999;-0,019551416;-0,043362202;-0,050649014;-0,079555076;-0,08197061;-0,06061161;-0,621879475;-0,09639809;0,001424038;-0,482227617;-0,087412984;-0,081471583;-0,11265356;-0,006562174;-0,050688923;-0,034283307;0,015897518;-0,083225724;-0,054479678;-0,043087715;-0,076459095;-0,071032095;-0,052975993;-0,232300586;0,867568165;-0,025247314;-0,116859807;1,896201994;-0,003495152;2,595696287;-0,004673272;-0,045069034;-0,051723837;0,01741285;-0,110462732;-0,09407972;-0,01569371;-0,088345288;-0,10010931;-0,448222979;0,566882716;-0,106754795;-0,050439475;0,039168306;1,31790566;1,18448027;-0,034883185;1,704913566;-0,974180235;-0,114212846;0,226318948;-0,065065622;-0,05256442;0,536116103;-0,622911231;0,011826111;-0,501288274;-0,057150137;-0,040680183;-0,075257818;-0,051935826;-0,09361345;-0,130004032;-0,108788902;-0,034336101;-0,031828598;-0,048546931;-0,095891761;-2,181083945;-0,050380561;-0,57519746;0,005824495;-0,107668292;0,674011516;-0,034923952;0,220463558;-0,106325391;-0,220267784;-0,044010699;-0,04704681;-0,057947614;0,858464925;-0,088364533;-0,127820551;0,423413894;-0,982796168;-0,124749722;-0,040930191;-0,047679534;-0,12665268;-0,111519784;-0,71746955;-0,021985941;-0,127485913;-0,07778933;-0,049957147;-0,009843229;-0,024673731;-0,099106571;0,038465169;-0,035665248;-0,480600405;-0,102322385;-0,095988119;-0,01941765;0,089664197;-0,659658125;-0,09964964;-0,058696098;-0,092117544;-0,06150014;-0,463247759;-0,04843668;-0,107294933;-0,01047407;0,027349298;-0,969901029;0,616325553;-0,020499434;-0,079838916;0,011398911;-0,125973358;-0,072417465;-0,10365597;-0,07205349;-0,107940021;-0,022915623;-0,023296447;-1,207593329;-0,101481183;-0,094775254;0,187983993;-0,797075721;-0,092877293;1,119443924;-0,047017862;-0,054878459;0,622061533;-0,10894125;-0,054203106;0,776767646;1,555479233;-0,047174928;-0,054023168;1,159760134;0,025996723;0,232278416;0,044747264;-0,281199459;-0,016815208;-0,059227952;-0,064806082;-0,064756331;-0,064525473;-0,39622399;-1,807875351;-0,086638841;-0,006820865;-0,592810241;-0,026948527;-0,047566008;-0,107689572;-0,627114396;0,047098838;0,00564034;-0,025754865;0,541915585;-0,023994111;-0,363381998;-0,031437361;-0,076337542;-1,402375446;0,029806704;-0,039013291;-0,066569423;-0,041261927;0,001185603;-0,104853501;-0,076684014;-0,034753284;-0,476126905;1,087541917;-0,057258247;-0,675884821;-0,792754187;-0,071345357;-1,713053344;-2,156518915;0,020876642;-0,055071848;-0,022839922;-0,059981763;-0,13548163;-0,04299887;-0,713138662;-0,034213101;-0,047650635;0,006933842;-0,063724576;-0,074384636;-0,091636232;-1,437352267;-0,010147969;0,025890585;0,051112816;-0,031036221;-0,600462869;-0,003312041;-0,021209994;-0,0100621;-0,097543743;-0,025005404;-0,068424887;-0,03642324;-0,070506528;-0,086148673;-0,084389945;-0,107636228;1,955955255;-0,343375902;-0,129650232;0,002807491;1,446279469;-0,027615438;-0,058066254;-0,083458952;-0,642741761;-0,024591362;-0,033161537;-0,085472865;-0,023148445;-1,773452573;-0,095833207;0,340140899
-0,065487118;-2,062744267;-0,087971477;-0,084248194;-0,095152735;-0,011491384;-0,031944165;0,959373375;0,800192289;-0,072667939;0,371781968;0,691138089;1,426722594;-0,070931655;-0,071392247;0,866197815;-1,699642845;0,004590096;-0,895270917;-1,164014997;-0,092726263;-0,096266311;0,017576361;-0,417741866;-0,05391767;-0,069487064;-0,084180767;-0,022004742;-0,27385404;-0,016803736;-0,055218321;-0,019124512;-0,073823888;0,67275096;-0,169525224;-0,011216882;-0,014394151;-0,10261834;-0,032807316;0,844379645;0,858055268;0,023893749;-0,027381865;-0,06334425;-0,096606654;-0,112215861;-0,087613939;-0,687405516;-0,093990493;0,991991229;0,201368585;-0,032370096;-0,070563317;-0,07728646;-0,010933141;-0,096974754;-0,047906494;-0,026396469;-0,036300355;-0,072242823;0,0073886;0,003097321;-0,057702029;-0,023477367;-0,058969473;-0,129686956;-0,055872097;-0,108614333;1,137783886;-0,02429346;-1,160407898;0,034343219;-0,033710098;-0,055612442;-0,043161006;-0,088538256;-0,053785753;-0,161703715;0,004363083;-0,078214909;1,3667431;1,47703658;-0,054552774;-0,001462151;-0,141897158;-0,661840868;0,536820394;-0,042802351;1,0136427;-0,30361685;0,002125741;1,766090381;-0,03160618;-0,094655789;-0,163471102;-1,406673676;0,042070591;0,865763275;-0,019807369;-0,041805572;-0,056144739;-0,026021976;-0,022441802;0,141981614;-0,094319603;-0,012879017;-0,098066628;-0,046980337;-0,100012387;-1,519529336;-0,008512901;0,363209894;-0,012158526;-0,106171046;-0,032759693;-0,059453017;1,553419076;-0,029437049;-0,390971357;-0,109100813;-0,038690701;-0,029440909;-1,724187334;-0,091368456;-0,093169399;-0,517467256;1,63541674;-0,084864333;-0,043809951;0,006204594;-0,0141526;-0,033309282;-0,894399883;-0,040961713;-0,020620845;-0,078161089;0,035199429;0,007727943;-0,030779292;-0,050560847;-0,026901812;0,006387891;-0,899578524;-0,085910187;-0,018440315;-0,031030542;-0,455361175;-0,290299872;-0,159199715;-0,080113941;-0,045391853;-0,053710349;0,208709462;-0,060013044;-0,055809971;-0,026993776;-0,026259483;-0,647987821;-0,882639484;-0,041616665;-0,044157156;0,025633273;-0,090136289;-0,007996047;-0,06441329;-0,067717925;-0,053485571;0,230087781;-0,074690984;-1,230579643;-0,056067962;-0,092469879;-0,205690959;0,685883565;-0,010030422;-0,773824282;-0,107303067;-0,040466406;1,393723238;-0,089006821;-0,025232975;-0,398796526;0,13100053;-0,090911769;0,001911482;0,617243796;-0,072761873;-1,315947812;0,197260119;0,332664765;-0,089282017;-0,008691865;-0,044214932;-0,005351898;0,01713864;-0,937985983;-0,707001533;-0,053947911;-0,012548324;0,681312568;-0,037487439;-0,090095681;-0,028723949;0,083617051;0,048073447;-0,055400281;-0,088720654;-0,763210997;-0,017287516;0,188944552;0,032586921;0,028982961;-0,250902836;0,010173525;0,020890318;0,009096117;-0,059747731;-0,034304422;-0,091784513;-0,102253901;0,010385978;1,134332644;-0,735922363;-0,026718882;-1,481240869;-0,723570193;-0,046230695;-1,438792854;0,170586524;-0,031420259;-0,110243358;-0,035356664;-0,092325602;0,02271101;-0,111919111;0,992784266;-0,094464139;-0,067637244;-0,022012422;-0,078805498;0,016030998;-0,050929633;0,633101192;-0,03599577;0,331295953;0,077736134;-0,033649395;-1,347028132;-0,023005733;-0,066247154;-0,070735875;-0,018490982;-0,019806085;-0,086737473;-0,064153168;-0,052671218;-0,026783267;-0,081765686;-0,090273184;-0,606284548;-0,571704844;-0,011372324;0,116717691;-1,872765965;-0,047588915;-0,035524453;-0,017684387;-0,923519799;0,012022507;-0,019115502;-0,061563667;-0,04709535;0,407258945;-0,069976373;-1,037229258
-0,060896729;1,027969298;-0,090398683;-0,143017281;-0,090912211;-0,070915493;-0,119616602;-0,784016588;1,746960727;-0,085912855;0,046872709;0,018104653;-0,338767451;-0,11312187;-0,080457498;-0,796437676;0,679551608;0,042480255;0,108207049;0,832165441;-0,121319128;-0,050222729;-0,113742502;0,432013104;-0,028656039;-0,091150575;-0,101062451;-0,074184539;0,71726457;-0,123610219;-0,104653665;-0,057693017;-0,058685093;-0,232789523;-1,083592713;-0,133987602;-0,072228452;-0,073339112;-0,142095551;0,193362555;-0,8633551;-0,00072921;-0,130750674;-0,088440079;-0,073162708;-0,13478837;-0,039628721;-0,833426114;-0,145430119;0,208324808;-0,588399484;-0,062646382;-0,09371947;-0,075321233;-0,079306893;-0,104502431;-0,120523859;0,038155415;0,05694113;-0,115337569;-0,011322596;-0,028692851;-0,101612045;-0,118494086;0,122993046;0,048926267;-0,115182304;-0,079845091;-1,233389389;-0,050562795;-1,700950942;-0,034453819;-0,081250978;-0,042844975;0,012680514;-0,14330347;-0,119858133;0,128173042;0,000445017;-0,056826169;1,337255755;-1,515994695;-0,067767562;0,027703894;-0,197999965;-0,535975229;-1,110092987;-0,135223403;0,200180661;0,620070615;0,108320065;-0,671007187;-0,064269563;-0,137642115;1,896429927;1,415649968;-0,001118746;1,053761982;-0,055756971;-0,057574993;-0,047515908;-0,134303818;-0,120961451;-0,048993753;-0,081297685;-0,071491795;-0,135546104;-0,005489858;-0,113403712;1,69792234;0,043390847;0,196883622;0,029723917;-0,130991268;2,320338057;-0,112734966;-1,618928601;-0,097847533;0,654880479;-0,076535812;-0,115998844;-0,043490731;0,279898571;-0,143019928;-0,062222552;-1,148515584;-0,271702596;-0,061895857;-0,04191043;-0,124865202;-0,066775129;-0,056125988;-0,484073855;-0,113325298;-0,138367827;-0,085214533;-0,030985509;-0,045444848;0,033685385;-0,046619687;-0,022301139;-0,025288197;0,078844047;-0,117960134;-0,152428384;-0,084259117;0,358548314;0,556137575;-0,039445125;-0,131442482;-0,110037791;-0,130305009;-0,443738607;-0,082570932;-0,131767605;-0,067572137;-0,029822342;0,451329512;1,39762332;-0,073439371;-0,050237799;0,033047974;-0,090193466;-0,087938844;-0,120278547;-0,128276986;-0,119435054;0,675361373;-0,122760796;1,047160752;-0,096285724;-0,12302827;0,028765511;0,713738708;-0,100310172;-1,06106618;-0,061148625;-0,048936146;1,267835599;-0,119738063;-0,136362129;-0,603539846;-0,034913527;-0,118371046;-0,109912683;0,393359134;-0,115120242;-1,175522975;-0,283129028;-0,081217452;-0,102144291;-0,054582171;-0,09087759;-0,102248972;-0,038532514;-1,286846464;1,490938502;-0,067632854;-0,044215496;0,234002806;-0,082438099;-0,113576405;-0,07372284;1,296313599;-0,016050063;-0,062371833;-0,093655209;0,988655195;-0,106995461;-0,39195339;-0,016960474;0,029683796;-1,000903384;0,046174607;0,069036784;-0,044054598;-0,090875717;-0,00416357;-0,114814661;-0,084316285;-0,111740382;-1,362594207;0,048644106;-0,047714457;0,198782836;-0,868638706;-0,135058648;-0,889630093;-0,597751846;-0,0371128;-0,094265446;-0,134420986;-0,131624025;-0,08471201;-0,099825882;-0,340618589;-0,062857494;-0,067383001;-0,061812144;-0,098014096;-0,012664322;-0,085054618;-0,895436025;-0,028230404;0,07034155;0,115210602;-0,136802463;0,199140151;-0,076332945;-0,053534124;-0,053224088;-0,140500027;-0,07079091;-0,121228264;-0,083491965;-0,036675875;-0,142616254;-0,051993669;-0,132505423;-0,080004974;-0,067720478;-0,088852092;-0,634533947;-0,864088075;-0,083364958;-0,070930058;-0,084384879;-1,560336275;-0,04488281;-0,115176853;-0,057626367;-0,115473955;-0,827322385;-0,124365975;1,91489247
-0,17134083;-1,507426538;-0,119090292;-0,052052381;-0,083556824;-0,071417334;-0,00616588;-1,063782855;1,3231973;-0,064989783;2,046365243;0,823352853;-0,984193369;-0,036869986;-0,049397134;-1,653017225;0,806455234;0,558550591;-0,57601228;-2,144638779;-0,030804853;-0,068689268;-0,055880361;-0,699117183;-0,078392781;-0,037311637;-0,097993712;0,012530509;-1,41156438;-0,107587512;-0,104061444;-0,095319358;0,003031376;-0,337072955;1,207082413;-0,060149608;-0,110507868;-0,107868717;-0,120655236;1,113379319;-0,099672006;-0,04263978;-0,00039807;-0,051661785;-0,063430647;-0,094140098;-0,000926858;-1,320136879;-0,122804514;-0,012375569;0,239980984;-0,081952196;-0,089511683;-0,036643976;-0,02953103;-0,056451715;-0,108612039;-0,001162308;-0,100522057;-0,037885134;-0,066237143;-0,006732068;0,000474311;-0,084886652;-0,312704225;0,155465772;-0,0384082;-0,030934753;0,365876134;-0,018969717;-1,369593401;0,013571486;-0,033469173;-0,086317932;0,034502394;-0,025784042;-0,102579637;-0,226184889;-0,085387559;-0,043242495;0,603522359;-1,032354921;-0,08255264;-0,019378638;0,059717635;-1,926779495;1,912786177;-0,118365326;-1,831771432;1,99826487;-0,039904242;-0,158754143;-0,079803322;-0,047790056;-0,033473332;0,658168769;-0,007343695;0,561147066;-0,063651575;-0,04065338;-0,020936765;-0,072501036;-0,04057409;0,121663664;-0,061310575;-0,051467576;-0,0575904;-0,072829378;-0,117351026;-0,645833362;-0,043677143;0,716724526;-0,010543924;-0,133864566;-0,164479254;-0,028743174;0,291081837;-0,124421395;1,24873965;-0,030244322;-0,06259818;-0,104582177;-0,605508835;-0,030777078;-0,054048866;-0,88709294;-0,352452986;-0,032441505;-0,069617689;-0,109593293;-0,058023848;-0,110093081;-1,454543225;-0,083844827;-0,044040161;-0,052122949;-0,023788423;-0,083501362;0,015096827;-0,100076714;-0,008253278;0,004718395;-0,096961609;-0,114424807;-0,056129543;0,005797032;0,172001665;-0,385224324;0,003089179;-0,04608383;-0,089150754;-0,05531743;0,433360873;-0,055547571;-0,087030775;-0,016296255;0,000619242;0,937469523;0,022682009;-0,058567965;-0,106433768;0,025225686;-0,067442215;-0,059360446;-0,100184345;-0,054771643;-0,110784598;-0,256263954;-0,075976447;-1,096091781;-0,066481193;-0,072752494;-0,016625783;-1,516516986;-0,052369915;1,239567734;-0,064439148;-0,072759383;-1,833026273;-0,090102628;-0,094770257;-1,284056245;0,406551491;-0,019877432;-0,026819722;-0,273333332;-0,078546791;-1,859038908;-0,28508991;-0,24949931;-0,110885469;-0,032969783;-0,04093867;-0,069199677;-0,038121458;-0,098670557;0,502584981;-0,053212238;-0,058285705;2,312222957;-0,02328001;-0,098531019;-0,114028683;1,359573193;-0,001233061;-0,036183488;-0,052821374;-0,257913364;-0,096711105;-0,64879938;-0,043649439;-0,054569139;0,368541983;-0,024773563;0,129288843;-0,026240006;-0,026887072;-0,073354036;-0,028639593;-0,088314998;-0,009056266;0,823760839;-1,56948628;0,039289367;0,487807579;-0,923351629;-0,105804646;0,367564562;1,492639455;0,008193449;-0,127062009;-0,090190428;-0,088585697;-0,079301832;-0,10888364;1,062854448;-0,133693046;-0,088609582;-0,014465994;-0,012651371;-0,087233524;-0,122899914;0,442583276;0,017857099;0,036907445;0,161267119;-0,045767261;-1,884397646;-0,066339933;-0,089299243;-0,078822333;-0,021297185;-0,034914752;-0,133776864;-0,048020238;-0,066139396;-0,090826636;-0,006148725;-0,099610068;-1,366659509;-0,60681446;-0,059280333;1,579016391;0,116809349;-0,075558084;-0,054858966;-0,04147145;-0,264473366;-0,01441946;-0,106162308;-0,028352111;-0,118469842;0,79076557;-0,051166392;1,29476108
-0,065336667;-0,317268199;-0,103201553;-0,0196657;-0,046695691;-0,003740672;-0,060729461;0,226166383;0,207943762;-0,089613721;1,111048941;-0,457479438;-0,919933611;-0,073611077;-0,029092187;0,157877954;-0,572719808;0,024177631;-0,997872478;0,394563918;-0,052224973;-0,040787985;-0,122877559;0,570611504;-0,000754818;-0,014424549;-0,091504045;-0,059138531;0,622427394;-0,11415909;-0,073304139;-0,108955466;-0,014839983;-0,897198286;-0,308693975;-0,026484821;-0,049772013;-0,109470761;-0,055113385;1,083056669;0,433820908;-0,003816883;-0,031930789;-0,045468498;-0,063439844;-0,030901245;-0,151230755;-1,075665646;-0,012129333;-1,921179687;0,000879235;-0,014541906;-0,021341714;-0,086406034;-0,001210031;-0,104365653;-0,030073489;-0,037543139;0,0137843;-0,07081869;-0,055793186;0,007525118;-0,157880124;-0,012166525;0,007049849;0,240006424;-0,060854769;-0,057408691;0,294665112;0,00202879;-0,186812;0,052151744;-0,025728367;-0,03883922;0,01617732;-0,1141053;-0,101572142;-0,253933377;-0,035567038;-0,11114144;1,261356133;-1,030477292;-0,057125752;0,025322746;-0,074451977;1,013616404;-1,919249657;-0,08006554;-0,435002233;-1,170687067;-0,117270541;-0,926968055;-0,055113063;-0,025551023;0,62244663;-0,292977071;0,030187834;0,981937645;-0,065662197;-0,04280691;-0,081582846;-0,100947667;-0,028860344;-0,729877121;-0,051842946;-0,059817008;-0,031562009;-0,063675599;-0,02032687;-1,16571594;-0,048575476;1,355317485;0,030546936;-0,079493691;-1,472636657;-0,014614944;-0,834859364;-0,094726947;0,986660298;-0,08327587;-0,106170302;-0,031627758;1,156285225;-0,100118633;-0,057826001;-0,52973219;1,104026537;-0,108452151;0,000469268;-0,002222158;-0,034857774;-0,01710176;0,006799392;-0,05102619;-0,017566326;-0,028775819;-0,000209622;-0,086241358;0,018649209;-0,040769942;0,045913281;-0,023986418;0,5428902;-0,071008983;-0,091355947;-0,024663556;0,058813501;-0,159624899;0,067680526;-0,062403435;-0,059040294;-0,023670946;0,037367064;-0,086956171;-0,09782445;-0,11240214;0,007474404;-1,271847943;0,038810565;-0,075154896;-0,08652342;-0,015053758;-0,071329211;-0,115800928;-0,003476819;-0,018357476;-0,084038083;0,483278743;-0,014747766;1,498021526;-0,010340264;-0,041086717;0,008585658;0,374546546;-0,09699456;0,569065693;-0,10089857;-0,034076484;-1,35573733;-0,09019194;-0,096693992;-0,765901143;0,787321189;-0,103318422;-0,066297926;1,549420276;-0,078371491;-0,941379804;0,280182814;0,126072204;-0,056243082;-0,084508795;-0,098291927;-1,21E-05;-0,020005526;-1,029261915;0,181142239;-0,017011848;-0,049741136;-1,86735272;-0,065934523;-0,093410093;-0,074377228;0,122874606;0,026203978;-0,002620332;-0,009269983;-0,801086435;-0,029553177;-0,181982254;-0,033727105;-0,048899911;-0,968345646;0,032360421;0,056482475;-0,092615515;-0,05784844;-0,063808972;-0,023230717;-0,103166902;-0,026068538;0,745484865;-0,760558382;0,004314665;0,059824411;-1,482033145;-0,05909211;-0,078584862;1,147737879;-0,031103862;-0,046030058;-0,120439866;-0,069806467;-0,02624195;-0,026726643;0,847638866;-0,080061125;-0,024941441;-0,016689955;-0,054599668;-0,015104494;-0,029265751;-1,015679599;0,002063069;-0,24694064;-0,057877522;-0,098968262;-0,909588312;-0,037983118;-0,044438602;-0,055682271;-0,108246786;-0,02262379;-0,084447418;-0,01119128;-0,02755846;-0,079349213;-0,08714199;-0,108634208;0,002556475;0,035041711;-0,077569565;-1,237235198;0,307348713;-0,097470861;-0,002059039;-0,049210382;0,778397505;-0,019347185;-0,045368053;-0,036383381;-0,098306521;-1,031675075;-0,029640189;0,716368511
-0,190003862;0,908038726;-0,122287077;-0,078122409;-0,068791267;-0,066966988;-0,092035241;1,09342314;1,8802689;-0,109383893;-1,840438733;-0,742204884;-0,936090168;-0,034083389;-0,024176166;-0,618531896;-0,255361642;1,438804137;-0,886853172;-0,273562485;-0,047819272;-0,123434101;-0,049977661;0,850423796;0,005365653;-0,071812328;-0,084579962;-0,019214722;-0,817630711;-0,079384413;-0,021071049;-0,109892619;-0,022411631;-0,006646972;-0,244543114;-0,080209701;-0,118821668;-0,074030928;-0,066367137;0,128561272;-0,407355689;-0,069482;-0,033146601;-0,036845698;-0,09320081;-0,122713828;-0,075632161;-0,497766399;-0,040877633;-0,278762419;-0,436706094;-0,020894216;-0,009456244;-0,087751072;-0,017589222;-0,026600624;-0,068016711;-0,0305578;0,002313203;-0,041027545;-0,079428894;-0,059840538;-0,017025493;-0,103379756;-0,059867548;0,074443058;-0,043971557;-0,122205942;1,565980858;-0,000217774;-0,110817701;-0,045710845;-0,063354667;-0,079193305;0,020805771;-0,099847781;-0,04201022;-0,032005187;-0,051965438;-0,094798588;0,130639521;1,728140509;-0,102490224;0,00433601;-0,05559755;0,510965413;-0,51674569;-0,026978476;0,758047181;0,946169041;-0,032915685;0,248684731;-0,051052853;-0,039688823;-0,173432734;-0,666159836;0,042642989;-1,230662806;-0,084931336;-0,052445473;-0,025428274;-0,071918679;-0,064716395;0,605932202;-0,080931778;-0,052198626;-0,040690111;-0,073196112;-0,083709247;0,173380944;0,029414817;-1,082734964;0,039660725;-0,114745207;-2,064809112;-0,066652515;0,217805239;-0,092435735;-1,177730249;-0,078119413;-0,032341782;-0,104626695;-0,241229837;-0,075708024;-0,046788119;-0,599446995;-1,790345152;-0,055883142;-0,04279005;-0,090777318;-0,098830616;-0,051638062;-0,116779658;-0,000989242;-0,032494995;-0,015660617;0,060573425;-0,02348492;0,010079604;-0,065402615;0,047849644;-0,060454233;-0,59066519;-0,1102003;-0,122774694;-0,086695663;-0,285560532;-0,430041699;-0,005403408;-0,092002911;-0,082418934;-0,07411213;-0,830716051;-0,039576588;-0,073348738;0,04547605;-0,004096993;1,487619809;1,864330745;-0,016496959;-0,049891618;0,015487385;-0,045638278;-0,100359428;-0,036832254;-0,108990611;-0,067251202;0,196307118;-0,029581873;0,795441632;-0,071666497;-0,072473792;-0,029722187;-0,93459542;-0,114899541;1,103075508;-0,055987579;-0,107135086;-0,915874894;-0,118702821;-0,070649956;-0,900666288;-0,275837492;-0,087155286;-0,095847965;-0,1780693;0,161541537;-1,777099983;-0,032293564;-0,100800018;-0,048782944;-0,103773291;-0,084670687;-0,059370348;-0,017392523;1,931327604;-1,453598723;-0,093654798;-0,016203613;0,684658359;-0,019823562;-0,030491828;-0,07283865;-1,840479298;-0,005031037;-0,071540508;0,01659098;-0,740572311;0,027364414;0,540564003;-0,042574313;-0,052558115;-2,308501375;-0,012197864;-0,019697013;0,005275132;-0,096349098;0,022269061;-0,113631511;-0,049523632;-0,072635375;0,166119841;-1,585310406;-0,045526034;2,860425253;-0,713053021;-0,022876315;-0,218802851;-1,988247541;-0,000379724;-0,031816942;-0,053370559;-0,029342349;-0,172493405;-0,060742313;0,407065487;-0,039270745;-0,021608454;6,86E-05;-0,058886972;-0,058688667;-0,041432703;0,314570067;-0,049810226;-0,134248247;0,028383033;-0,017282501;0,954981248;-0,087422425;-0,053426171;-0,012354203;-0,045477942;-0,126805143;-0,029563622;-0,014025763;-0,046536357;-0,105796264;-0,076653861;-0,039645346;-1,289875287;-0,492191245;-0,119692298;-1,833558805;1,73796336;-0,084360935;-0,079615225;-0,082910083;1,844470766;0,014398202;-0,034651698;0,002551633;-0,042406319;2,062332944;-0,084427205;0,924580424
-0,135053123;-1,793567767;-0,090525562;-0,0349943;-0,094982175;-0,020589811;-0,084622266;0,622948808;0,863471906;-0,093799735;-0,199645816;-0,100458979;-0,972118194;-0,080396716;-0,090120423;-0,155713198;0,928622803;-0,85053541;0,86517628;-0,052496312;-0,09330975;-0,031671468;-0,094798961;-1,285379468;-0,063801493;-0,035951885;-0,053946306;-0,04989113;0,761403415;-0,110580929;-0,05476903;-0,058504873;-0,042560862;0,302976336;1,545715457;-0,038746335;-0,103098938;-0,06102074;-0,053191434;0,742832958;-0,421599587;-0,081969965;-0,069381972;0,019772059;-0,045179413;-0,066326052;-0,057302313;-0,884952129;-0,054704125;-0,110402393;0,12142764;-0,006908385;-0,038554532;-0,040473298;0,005297928;-0,092591874;-0,070172872;0,050268705;-0,10687077;-0,056455454;-0,095353774;-0,021333767;0,005094716;-0,013815219;-0,21269858;-0,339571165;-0,085537837;-0,029303679;1,081179862;-0,078545424;0,472395046;-0,049437753;-0,008472962;-0,003091805;0,003840828;-0,033751445;-0,029309452;-0,226176565;-0,022808031;-0,032002655;-0,650862974;-0,408633245;-0,117405981;0,015629116;-0,172988026;1,674121266;0,437758274;-0,072627086;1,034329965;1,089229528;-0,082653639;0,388955871;-0,077052052;-0,117615045;-0,562026115;0,212142883;-0,020227642;-1,153563916;-0,010687924;-0,065548043;-0,075175025;-0,064518695;-0,005369038;0,009599506;-0,056508342;-0,049872003;-0,053650772;-0,012269383;-0,107578286;0,503010693;0,010229151;0,395401652;-0,043195087;-0,033693841;-1,185720593;-0,075777351;0,189730358;-0,063732589;-1,789094606;-0,051747317;-0,07924412;-0,040125836;1,16189413;-0,090601103;-0,04238755;-2,112441582;-1,018738512;-0,102541645;-0,005442837;-0,094780588;-0,106605267;-0,047920223;-0,23077678;0,00271679;-0,129807676;-0,075666401;0,070227549;-0,067288108;-0,023380033;-0,098800119;0,047748149;-0,056823794;1,007226677;-0,033031386;-0,096649373;-0,072360785;0,171068537;1,872937036;-0,096548743;-0,072679282;-0,067488535;-0,000829642;-0,2789195;-0,092906116;-0,009164939;-0,074935742;0,06623284;0,68995631;-0,987890023;-0,051918891;-0,072727408;-0,027801475;-0,109040638;-0,113183165;-0,075011587;-0,031889367;-0,084467358;0,99642586;-0,012803319;-1,161305358;-0,037742933;-0,083225818;-0,07110665;-0,194701244;-0,117300589;1,538682104;-0,097014313;-0,111124511;-0,29264764;-0,127971883;-0,091318607;0,511987307;0,240291639;-0,017874078;-0,089489904;-1,5615775;-0,045217212;-1,574184197;0,119025895;-0,450078449;-0,1121353;-0,090682983;-0,068606789;-0,030920655;-0,008263858;-0,222148019;-0,091602805;-0,078904679;-0,004612796;-2,516531153;-0,048602539;-0,121624258;-0,103862574;-0,38029761;-0,002326357;-0,092235329;0,011402118;0,355311906;-0,052981367;0,722405126;-0,054131255;-0,094979335;-0,82367334;-0,015099424;-0,009221124;0,013824946;-0,082598008;-0,003606976;-0,104849291;-0,090811211;0,008821808;0,855225766;-1,215009566;-0,068615309;-1,019904839;-1,797817231;-0,126117607;1,17599011;1,274938537;-0,015346732;-0,046590767;-0,036080347;-0,05280063;-0,03496006;-0,04485822;-0,567178912;-0,043860505;-0,017147453;-0,056656292;0,000683365;-0,049907735;-0,085033037;-0,88512393;-0,048175204;-0,022033901;-0,061213169;-0,033466465;-0,903323306;-0,015122065;-0,101104319;-0,076854955;-0,041209742;-0,093196678;-0,120122599;-0,111398616;0,023865114;-0,061741461;-0,07616139;-0,03172479;0,880583357;0,045670183;-0,112650807;-1,075412986;0,706714252;-0,060513682;-0,063499603;-0,066831054;0,578727847;-0,068793031;-0,117782881;-0,022643226;-0,089915052;-1,526734116;-0,028994697;0,80863758
-0,168351005;-2,600050402;-0,049866989;-0,107038321;-0,062894787;-0,003587112;-0,042185097;-0,515375595;-2,215338835;-0,07038288;0,80676675;-1,873269637;1,35887397;-0,049130746;-0,085023107;-1,429570417;-0,896694331;0,277914835;-1,381505923;1,305749241;-0,07897988;-0,085273279;-0,040765144;0,601511921;-0,07642169;-0,071762319;-0,08686367;-0,032174616;-1,000486302;-0,025685286;-0,05899219;-0,036324905;-0,062866757;-0,476678072;-0,874722279;-0,013592044;-0,067351561;-0,096741074;-0,113032098;1,092339735;-0,580037541;-0,026058907;-0,053064521;-0,084568578;-0,066945493;-0,018971179;-0,009998617;-0,802677556;-0,032278302;-0,058502772;0,081805135;0,00649265;-0,034896085;-0,063176932;-0,005948661;-0,026583502;-0,09372175;-0,022030928;-0,005064651;-0,034291094;-0,036451931;-0,067394126;0,020590438;-0,075741363;0,048339639;-1,086287632;-0,045300726;-0,095871051;-1,2209311;-0,045727997;0,005030193;0,006963661;-0,014001533;-0,019302602;0,037856429;-0,024725926;-0,046673159;-0,233064414;0,010669777;-0,014615171;2,419592017;0,147104672;-0,116071434;-0,001876916;-0,209782439;0,706228012;-0,928614482;-0,077202769;0,855562325;2,569946679;-0,079242276;2,245968728;-0,016963175;-0,110791409;-1,201130024;-0,392385074;-0,011405695;-1,090573884;-0,091515105;-0,071497558;-0,068226664;-0,109828235;-0,060742049;-0,234453827;-0,106524439;-0,048825991;-0,036986719;-0,062212001;-0,035143219;-1,784175943;-0,037737515;1,66737862;0,050126665;-0,116763037;1,344651096;-0,05621194;0,313831902;-0,057306081;2,052938269;-0,022165452;-0,039576921;-0,018915895;-0,718971325;-0,098361111;-0,058103643;0,128658957;-1,179705902;-0,075067409;-0,001968076;-0,045576926;-0,106185538;-0,096406585;1,581545637;-0,089728524;-0,110077555;-0,059569332;-0,027292822;-0,051006596;-0,069326387;-0,115957332;0,028198595;-0,033036936;-0,239737608;-0,033013327;-0,105034641;-0,008529302;-0,119215669;0,6250769;-0,006455671;-0,09817332;-0,055213422;-0,087030105;0,133546824;-0,052812565;-0,074195134;-0,035654557;0,003510759;-1,927194794;0,671049228;-0,05110919;-0,095536087;0,028489904;-0,057591549;-0,102191249;-0,080177228;-0,040236806;-0,03207231;-0,018454167;-0,065948964;-1,258670669;-0,020847813;-0,087409401;0,075315421;-0,585443689;-0,042095896;1,314907975;-0,113200489;-0,060688126;-1,156924732;-0,09580508;-0,116426309;1,182609231;0,757121075;-0,001991177;-0,089190991;-1,32726882;-0,042979871;1,100739273;0,197329696;0,071502748;-0,069981742;-0,01696864;-0,085794126;0,021753635;-0,000797641;-1,445787269;-1,529252818;-0,02167015;-0,048989319;-0,478354801;0,000514273;-0,072999492;-0,100959783;1,364051017;-0,04885162;-0,061111287;-0,05618795;0,344684858;-0,078700365;0,602470626;0,010688394;0,028569062;1,116979811;-0,004418087;0,010155586;0,007132685;-0,012644358;0,020488998;-0,083432739;-0,031799393;-0,091403989;1,701298083;0,350838642;-0,032238529;-0,726225548;-0,715956759;-0,093489748;-2,018197285;0,959572966;-0,024272329;-0,097144099;-0,094010907;-0,075118267;0,012987937;-0,032345209;-1,311044846;-0,078215885;-0,065724625;-0,063319568;-0,023065571;-0,04100071;-0,091757552;-0,951899414;0,03579782;-0,29575862;0,017506689;-0,108399094;-0,883455486;-0,038710101;-0,043329571;-0,043771807;-0,038241851;-0,047898951;-0,043563696;-0,071405263;-0,034259927;-0,07858459;-0,037799188;-0,078713188;0,726353128;0,247514505;-0,074297814;0,405780612;0,480770735;-0,041361626;-0,069235564;-0,090094356;-0,731264689;0,016738427;-0,022769832;-0,022523334;-0,088536082;0,035015189;-0,080593612;-0,631941066
-0,119781693;-1,088801145;-0,07149183;-0,018851261;-0,026010387;-0,057247494;-0,00479572;2,256953208;-0,378637436;-0,081567565;0,487115416;-1,180118058;0,208773367;-0,044603801;-0,067427397;-0,840647938;1,271400747;-0,836670432;0,133303633;-0,337107558;-0,069596164;-0,036966882;-0,058733219;0,300266893;-0,060591148;-0,026370855;0,00405887;-0,045770136;-0,011268618;-0,120419659;-0,025191647;-0,099078755;-0,070468802;-1,346045292;-0,984115592;-0,005004107;-0,052219215;-0,047836509;-0,115899773;-1,10642172;-0,329006616;-0,048854396;0,004141559;-0,034522431;-0,134735499;-0,050708798;-0,058677824;0,565674992;-0,056019807;-0,577932952;0,261294318;-0,017840619;-0,061715075;-0,045106105;0,008831128;-0,07281652;-0,120961809;-0,047915844;0,029364234;-0,072302938;-0,071757281;-0,052146158;-0,144364296;-0,0631205;-0,193286318;0,871765539;-0,051108686;-0,087320123;-2,519777933;0,005459162;1,130116541;0,00768505;-0,024345507;-0,064599616;0,042270212;-0,04288282;-0,068601176;0,128572031;-0,048411463;-0,08402982;-1,286707419;0,349573676;-0,078494121;-0,019856474;-0,161037247;-1,216788136;0,126328304;-0,117428797;-0,725867532;0,3710842;-0,018453364;-0,751088627;-0,030375442;-0,071502933;-0,791987819;1,068395381;-0,033754898;-1,180809978;-0,076767832;-0,042395849;-0,069967525;-0,058195989;-0,030770278;0,1441378;-0,073280845;-0,06713822;-0,08313392;-0,10086385;-0,092840222;-1,296716049;-0,055615861;1,802213945;-0,016454389;-0,097664237;2,369231741;-0,032574552;-1,468695733;-0,029526369;-0,245784651;-0,083006606;-0,097954043;0,001562342;1,985665527;-0,085234262;-0,034164885;0,014795283;-2,020668879;-0,083318478;-0,061929011;-0,014466786;-0,10985527;-0,090102801;-1,08828749;-0,030622623;-0,057459127;-0,043907674;0,080764045;0,005569191;-0,060951712;-0,073570781;-0,010217354;-0,015452423;-0,075944967;-0,082591317;-0,047469803;-0,084533743;-0,23456676;-1,240685709;0,028419202;-0,069860337;-0,111958555;-0,009657066;-0,216896357;-0,015887282;-0,018658804;0,017257802;-0,036822674;1,006190687;1,273342226;-0,079619327;-0,083350502;0,009775959;-0,047094042;-0,133225398;-0,070329795;-0,009537046;-0,038834636;0,574795305;-0,019887055;-2,319079195;-0,066545965;-0,075661209;-0,155414223;1,41879879;-0,061253587;-0,028028953;-0,073902451;-0,033493002;-1,42611267;-0,095929781;-0,104779378;-0,229270377;0,260997284;-0,043851853;-0,008066456;-1,442009013;0,140448332;-0,292238995;-0,246518576;-0,467176296;-0,102309675;-0,021581477;-0,089753854;0,044135982;0,012754199;0,196999928;2,594005262;0,01816352;-0,02849464;0,690455712;-0,011306095;-0,067689689;-0,039187432;-0,740943319;0,002779769;-0,10835838;-0,088332432;0,802377218;-0,110166696;-0,855557643;-0,00031584;-0,076752128;0,646339741;-0,026846005;0,035789792;-0,021165601;-0,097400789;-0,011571015;-0,093350166;-0,067706089;-0,046602684;0,696294357;-0,408446186;0,015634014;1,001796312;0,104607399;-0,134149904;-0,231825187;1,038152779;0,015540672;-0,041869393;-0,056927006;-0,09027942;-0,00688095;-0,028815528;0,226555318;-0,132027296;-0,080734306;-0,014893621;-0,037615616;-0,044506829;-0,094092203;-0,797428238;-0,007512405;0,030452869;0,214654965;-0,071643052;-1,046067082;-0,030457045;-0,027910086;-0,064285916;-0,0245997;-0,086226545;-0,128352799;-0,062824029;-0,02631365;-0,088970283;-0,079991031;-0,020748394;-0,105322688;0,241740312;-0,122546111;-1,43682834;1,475355392;-0,048797344;-0,099212654;-0,126688223;0,73874919;-0,002157341;-0,106903405;0,04623525;-0,033737223;-2,333517618;-0,103479855;1,976166925
