-2,023797727;-0,06935674;-0,364941552;0,324935097;-0,097942724;-0,069351384;-0,476248871;-0,357923525;-0,072600428;-0,069363259;-0,040155088;-0,37420453;0,161873466;0,300845042;-0,362038101;0,122341852;0,119025289;0,185176862;0,162613545;0,340512119;0,282704076;-0,330047484;-0,220052512;-0,069359968;-0,069362501;0,426548228;-0,020398841;-0,126990183;-0,069341683;0,345225722;-0,622878764;-0,069353755;-0,362810941;-0,069337444;-0,219682299;-0,30191048;-0,023611598;-0,06935329;0,21088071;-0,069363048;-0,069326116;-0,372865152;0,342838074;0,297490237;0,288972858;-0,32416147;-0,069345702;-0,276477898;-0,069351376;-0,303963406;-0,033981122;-0,50518164;0,141772914;-0,069351679;-0,598087226;0,227833017;-0,069345538;-0,069363417;-0,361360178;-0,060213414;-0,210391829;-0,18865131;0,090427178;0,360841867;-0,325420182;-0,258169071;0,2370551;0,249844182;-0,069331984;0,261417209;0,335792141;-0,069358835;-0,069336548;0,192118847;-0,069335669;-0,184558679;-0,473562186;0,164971061;0,200027069;-0,069350311;-0,576331218;-0,069340165;-0,030307018;-0,206156332;-0,602752347;0,221653746;-0,069337682;-0,069355389;-0,285321569;0,187109257;0,107929766;-0,482031618;-0,06932806;-0,25434503;0,147134444;0,085765586;-0,47357832;-0,06934983;0,363076332;0,172150797;-0,035471994;0,051308295;-0,069357342;0,369470562;-0,247274462;-0,344352683;-0,027754063;0,300790423;-0,398057672;0,126308173;0,042460688;-0,26173594;-0,174417097;-0,46182059;-0,145201465;0,510005771;-0,069358548;-0,146605721;-0,069362776;-0,207185776;0,161857163;-0,365467097;-0,069363745;-0,014165835;-0,069356561;-0,069357872;-0,026441183;-0,06932988;-0,307160417;0,088663183;-0,069357461;-0,069343306;-0,069359818;-0,250992944;0,00175037;-0,069332128;-0,296211899;0,432218398;-0,069348833;0,252875925;-0,039937899;-0,069357138;-0,094693595;-0,069340233;-0,069345461;-0,003941414;0,360764538;-0,069333635;0,38783075;-0,069334504;-0,455311314;-0,092425169;-0,069328355;-0,46042367;-0,252574157;-0,069345558;-0,069347323;-0,069339602;-0,069360642;0,261726833;-0,410856379;-0,069356363;0,277678085;-0,069337759;-0,479742457;-0,370764714;-0,072843339;0,334683044;0,03201858;-0,280197214;0,223593724;0,108357106;-0,069342847;-0,52008279;-0,06932737;-0,276857301;-0,062053195;0,117924164;0,376148099;0,019089242;-0,308116457;0,141211668;-0,09121776;-0,069355276;0,27345581;-0,069352917;0,084007551;-0,372157042;-0,407110626;0,083955846;0,325861738;0,144761736;0,220907269;0,065632479;-0,349727201;0,467996243;-0,1548831;-0,069346621;0,300742491;-0,069358026;-0,069356285;-0,100771704;-0,069341004;-0,069357929;0,386232868;0,34976947;-0,069362346;0,15279425;-0,069348104;0,180618155;-0,535341036;0,244029822;-0,069338387;-0,243525586;-0,200504149;-0,065107628;-0,182208349;-0,400140326;0,183052771;-0,069335522;-0,06934351;-0,325611994;0,081523995;-0,009647213;0,177563695;0,083029491;-0,411718968;-0,069343375;-0,069331279;0,151484076;-0,069342696;-0,291369597;-0,069152818;0,436633872;-0,069353883
-1,752344664;-0,056526786;-0,270907234;0,131995415;0,100008509;-0,056521216;0,18959144;-0,300503976;-0,218627086;-0,056533549;-0,019700681;-0,21651945;0,228834381;0,160754305;-0,238381789;-0,395956195;0,250373143;-0,300389165;-0,406819858;0,204477117;-0,245434562;-0,168194433;0,216304407;-0,056530136;-0,056532763;-0,25358729;-0,550607268;-0,203812563;-0,056511098;0,265891532;0,171256138;-0,056523683;0,128552876;-0,056506664;0,231302318;0,09406141;-0,215782824;-0,056523199;-0,322750999;-0,05653333;-0,056494778;-0,214195352;-0,292682638;0,326200807;0,25522611;0,348275914;-0,056515294;0,21390482;-0,056521208;-0,34426018;0,031308068;0,252522492;0,142925138;-0,056521523;-0,310047462;0,09224701;-0,056515124;-0,056533713;0,163572335;-0,25359546;-0,172184834;-0,221953913;-0,16225597;0,216323593;0,207176413;0,243169899;0,139713796;0,07952441;-0,056500942;0,090601824;-0,28082232;-0,056528961;-0,056505726;0,166313294;-0,056504805;-0,266807772;0,112749515;0,169845043;0,187630131;-0,056520098;0,185414397;-0,05650951;0,192630103;-0,21232444;-0,283950727;-0,297118954;-0,056506913;-0,056525382;-0,123241118;-0,322118033;0,26180387;-0,278377767;-0,056496822;-0,167335984;-0,34724389;0,171651787;-0,308430631;-0,056519598;0,177886368;0,14559429;-0,008868139;0,077551103;-0,056527411;-0,235492369;0,226419529;-0,3059987;0,088325569;0,280195251;-0,216504777;-0,349161557;0,226600327;-0,334522163;0,185022179;0,063660851;-0,214284038;-0,312708529;-0,056528664;-0,140859108;-0,056533049;-0,229412345;0,081247687;-0,324182372;-0,056534052;0,044809235;-0,0565266;-0,056527962;0,004913666;-0,056498733;0,284374375;-0,392921953;-0,056527535;-0,056512793;-0,056529981;0,232558411;0,122707672;-0,056501093;0,240994834;-0,350135191;-0,056518559;-0,208814296;0,175835217;-0,0565272;0,143734464;-0,056509582;-0,056515043;-0,335238204;-0,30895573;-0,056502673;-0,261947914;-0,056503584;0,256340612;-0,266340532;-0,056497132;0,211591102;-0,15674451;-0,056515144;-0,056516985;-0,056508922;-0,056530836;-0,267798669;-0,140401898;-0,056526394;0,071445392;-0,056506993;-0,475311342;0,214720676;-0,273484416;0,201924214;0,195601137;0,228973218;0,13717197;0,082950272;-0,056512313;0,267845876;-0,056496097;-0,327257593;-0,137006157;-0,252276212;-0,295734596;0,06819533;-0,297169602;-0,3833397;0,151799524;-0,056525265;-0,221577902;-0,056522812;0,185777808;0,156608961;-0,390475427;-0,205013778;0,080421143;-0,325416784;0,066998763;0,221593442;-0,157982095;-0,110830547;-0,239835106;-0,056516253;0,186162956;-0,056528121;-0,056526313;-0,136532807;-0,056510388;-0,05652802;-0,23049266;-0,268169737;-0,056532603;-0,396804204;-0,0565178;-0,009681288;0,029126524;-0,306943622;-0,056507651;-0,309888405;-0,266317313;-0,04701461;0,281174846;-0,304542714;-0,251118909;-0,056504651;-0,056513006;-0,305426438;0,078754497;-0,300647468;-0,250341437;0,219531124;0,108230604;-0,056512865;-0,056500202;-0,353608268;-0,056512156;-0,175015055;0,093131387;0,277598336;-0,056523816
-2,061167507;-0,070451192;-0,348238652;-0,437879113;0,161541138;-0,070440932;-0,015580102;-0,323440899;-0,164293092;-0,070463646;-0,018344749;-0,17412791;-0,55612644;-0,342172184;-0,322863002;-0,420832277;0,152970591;0,182607283;0,252832694;-0,291921908;0,179057727;-0,092677229;-0,332720198;-0,070457363;-0,070462199;0,147714025;0,038036161;-0,261561527;-0,070422273;-0,398888043;-0,320149132;-0,070445476;0,222869186;-0,070414091;-0,171140843;0,284589135;-0,159306458;-0,070444585;-0,331823311;-0,070463242;-0,070392143;0,339622128;0,316700148;-0,383596341;-0,367964767;-0,322134469;-0,070430013;0,234571714;-0,070440916;-0,462060276;0,018139315;-0,353947783;0,224103753;-0,070441496;-0,248322884;-0,012243941;-0,070429699;-0,070463946;0,124193141;-0,448681228;-0,220429332;-0,229782226;-0,092013938;0,2429222;0,361179726;-0,343913934;-0,407902934;0,115019995;-0,070403528;0,008318099;-0,332667968;-0,070455198;-0,07041236;0,106560261;-0,07041066;-0,216350758;0,038012779;0,072023443;0,168047663;-0,070438871;0,223982784;-0,070419345;-0,370470373;-0,298740242;-0,36410808;-0,362320869;-0,070414551;-0,070448606;-0,077748699;0,254974552;-0,246223413;-0,362829849;-0,070395918;-0,32381536;0,17512335;0,192014179;-0,403960464;-0,070437948;-0,268546866;-0,410604201;-0,003537007;-0,022882832;-0,070452345;0,316544624;0,127859465;0,22649102;0,036025782;-0,367051832;-0,275835484;0,110753578;0,154406389;-0,276494965;0,174809819;0,202984694;-0,2199132;0,321310954;-0,070454651;-0,097112036;-0,070462725;-0,185351568;0,003731939;-0,372958303;-0,070464571;0,021513462;-0,070450851;-0,070453358;0,049966474;-0,070399449;0,237453127;0,081965977;-0,070452573;-0,070425401;-0,070457076;-0,365496735;0,061111527;-0,070403806;0,161122279;-0,322063528;-0,070436034;-0,330027362;0,202609222;-0,070451955;0,244124064;-0,070419477;-0,070429551;0,218824674;0,253900995;-0,070406725;0,194016734;-0,070408406;-0,323139932;0,315090253;-0,070396492;0,182010454;0,369824043;-0,070429737;-0,070433131;-0,070418259;-0,070458651;-0,199685953;0,149786981;-0,070450471;-0,164723345;-0,070414699;0,10988199;0,31123782;-0,302571363;-0,470511518;0,275946514;0,132595599;0,144000907;0,235240387;-0,070424516;-0,21361206;-0,070394578;0,301658628;-0,056281669;0,416514436;0,20272019;0,045912895;-0,276212952;-0,467491437;-0,410319602;-0,070448391;-0,301636638;-0,070443871;0,269840808;0,239360767;-0,329224453;0,285766151;0,030852406;0,150400445;0,063335405;0,296922718;-0,06990282;-0,061302196;-0,312763879;-0,070431782;0,186770329;-0,070453651;-0,070450321;-0,196182122;-0,070420964;-0,070453466;0,216182368;0,259197468;-0,070461903;-0,480924546;-0,070434633;0,023879941;0,054807687;0,250467098;-0,070415914;0,309829374;-0,176812386;-0,052201403;0,321632227;0,212355413;-0,344609334;-0,070410375;-0,070425793;0,207052349;0,214591441;-0,316147278;-0,053846815;0,34306974;0,130659825;-0,070425534;-0,070402162;-0,438955515;-0,070424225;-0,190592131;0,004553025;-0,287173102;-0,070445722
-1,961408748;-0,071045149;-0,226977904;0,16050245;0,120979228;-0,071038545;0,149900637;-0,238507612;-0,251328622;-0,071053164;-0,044565997;0,156247002;0,056226897;0,149532733;0,23176864;-0,317726695;-0,111910106;0,255927685;0,098256468;0,076027919;0,194354348;-0,21644477;-0,05185889;-0,07104912;-0,071052233;-0,36784057;-0,045843782;-0,289273902;-0,071026537;0,181948872;0,22556267;-0,07104147;-0,350712522;-0,071021272;-0,050133916;0,311807467;0,057085356;-0,071040897;-0,095705049;-0,071052904;-0,071007146;0,30699515;0,181713514;0,221112136;0,262872026;0,195950693;-0,071031518;-0,37628693;-0,071038535;-0,100476467;0,119782561;-0,369108955;-0,349035166;-0,071038909;-0,3402992;-0,414960446;-0,071031317;-0,071053357;0,046952133;0,254010941;0,338389609;0,310430136;-0,215121726;-0,333076196;-0,328743589;0,030061503;-0,441700097;0,156192811;-0,071014474;0,187979021;0,027510118;-0,071047727;-0,071020157;0,11239765;-0,071019064;0,204922357;-0,329468067;0,052000341;-0,405773989;-0,071037219;-0,267795314;-0,071024653;-0,132774629;0,207611706;-0,06913685;0,104993578;-0,071021567;-0,071043485;0,371679943;0,076085274;-0,340408933;0,150309617;-0,071009576;0,290535556;0,207411787;0,102706704;-0,243274003;-0,071036625;0,175760271;0,143663201;-0,052636585;0,123776047;-0,071045891;0,165165998;0,197371483;0,173433395;-0,029434252;0,176370225;-0,208319873;0,214331543;0,150841748;-0,211144619;0,14866788;-0,273977739;-0,243812978;-0,321641955;-0,071047375;-0,297848937;-0,071052571;-0,203165585;0,025951375;-0,338494256;-0,071053759;-0,038505847;-0,071044929;-0,071046543;0,117240749;-0,071011848;0,226527219;0,21821277;-0,071046037;-0,071028551;-0,071048936;-0,313131379;0,169571064;-0,071014653;-0,234739361;0,007643241;-0,071035393;-0,370503195;-0,204395731;-0,07104564;-0,311821088;-0,071024738;-0,071031221;0,125824118;0,120275525;-0,071016531;0,057252818;-0,071017613;0,373109358;0,245722629;-0,071009945;0,287201218;-0,055358153;-0,071031341;-0,071033525;-0,071023954;-0,07104995;0,278010093;-0,308767319;-0,071044685;-0,322375227;-0,071021663;0,238265624;-0,2484623;-0,208365785;-0,33878252;-0,381776232;-0,312108016;-0,383005252;0,1319295;-0,071027981;0,284177375;-0,071008714;-0,346889559;-0,274334672;0,17229911;-0,306208183;0,219232881;-0,225188049;0,155018314;0,095700257;-0,071043346;0,140745231;-0,071040437;-0,274514033;-0,398536932;-0,290566622;0,180671906;-0,382266237;0,068594944;0,170479508;0,189170009;0,24343793;0,48951068;0,212693791;-0,071032657;-0,343893733;-0,071046732;-0,071044589;-0,170017484;-0,071025695;-0,071046612;0,154973142;-0,41019712;-0,071052042;0,176381403;-0,071034492;-0,444727301;-0,370359869;-0,391820705;-0,071022445;-0,230056004;0,100203457;-0,067300179;-0,212062243;0,343659876;-0,314412548;-0,07101888;-0,071028803;0,240188709;0,083080491;0,070315629;-0,042170305;-0,335841465;-0,55623143;-0,071028636;-0,071013594;0,205134754;-0,071027794;-0,322393598;0,072475399;-0,273705645;-0,071041628
-1,82997727;-0,063636997;0,251682145;0,105426198;0,032761478;-0,063632213;-0,416253146;0,2022146;-0,252050491;-0,063642807;-0,053381077;0,317481628;0,157134162;0,200659175;-0,14805556;-0,325555299;-0,22186334;0,183095307;-0,284308417;-0,372131619;0,177517909;-0,165993466;-0,285287911;-0,063639875;-0,063642132;0,23909891;0,069907411;-0,346052343;-0,063623521;-0,202295581;0,352608211;-0,063634332;0,15341161;-0,063619712;-0,198631557;-0,371791017;-0,248478606;-0,063633916;0,291542038;-0,063642618;-0,063609501;-0,341267541;-0,237419787;-0,238646766;-0,302798456;-0,250441804;-0,063627126;-0,414074453;-0,063632206;0,200060272;-0,016835731;-0,394841332;-0,289170044;-0,063632476;-0,245594093;-0,05396703;-0,063626979;-0,063642947;0,181309642;0,242933068;-0,127604693;-0,178771277;-0,17890862;-0,389536482;-0,303474533;-0,263405655;-0,375501355;0,119116365;-0,063614797;0,003902354;0,294219833;-0,063638865;-0,063618906;0,098003415;-0,063618115;-0,204071522;0,137300788;0,084066628;0,199370953;-0,063631253;0,112311248;-0,063622157;-0,409078465;-0,463620892;-0,139907185;-0,287481938;-0,063619926;-0,063635791;-0,100791934;0,293622636;-0,207642307;-0,470141384;-0,063611257;0,195811101;0,000328025;0,227928247;0,204984152;-0,063630823;-0,360820284;-0,414682111;-0,038728292;0,014266762;-0,063637534;-0,300385099;-0,59150484;-0,469243949;0,031601765;-0,268579594;-0,203340136;0,173303007;-0,179325324;-0,231795897;-0,559833437;0,346766944;-0,222699155;0,095488564;-0,06363861;-0,071597036;-0,063642377;-0,242502509;0,096119578;-0,37597005;-0,063643239;0,045775442;-0,063636838;-0,063638007;0,190869583;-0,063612899;-0,544289171;0,344357831;-0,063637641;-0,063624978;-0,063639741;-0,152126602;0,263415323;-0,063614926;0,323265721;0,276499203;-0,063629931;-0,259841858;-0,344994848;-0,063637352;-0,332974522;-0,063622219;-0,06362691;0,28791866;-0,379463167;-0,063616284;0,214302632;-0,063617066;-0,269810794;0,213379035;-0,063611524;-0,241685488;-0,435213722;-0,063626997;-0,063628578;-0,063621652;-0,063640476;-0,232181831;-0,373820196;-0,063636661;0,1550651;-0,063619995;0,180353184;-0,311851758;0,267827813;0,15975575;-0,403698797;-0,24512012;0,179007488;-0,359689158;-0,063624565;-0,278251211;-0,063610634;0,198851067;-0,140282425;0,36839561;0,08770804;0,097217193;0,357187238;0,206812657;-0,426721491;-0,063635691;-0,29004976;-0,063633583;0,302093444;0,114026085;-0,312135612;0,30444444;0,142580767;0,162934932;0,117830508;-0,392246061;-0,119662407;-0,162600785;-0,403447329;-0,06362795;-0,328248978;-0,063638144;-0,063636591;-0,239027596;-0,063622911;-0,063638057;0,294739283;0,307091786;-0,063641994;0,157441008;-0,063629278;0,092225464;0,004099315;0,210116078;-0,06362056;0,229277941;-0,155011553;-0,060770867;0,244890882;0,325100869;0,170322931;-0,063617983;-0,06362516;0,290290139;-0,409451385;0,263340621;0,31231698;-0,284350015;0,087451829;-0,063625039;-0,063614161;0,342946313;-0,06362443;-0,217114323;0,140025282;0,278092323;-0,063634446
-2,018811855;-0,064983275;0,196363277;0,115157711;0,040663776;-0,06497711;0,294155064;0,092438839;-0,241367926;-0,064990759;-0,046720899;0,295013325;0,123119012;0,166312086;-0,272146122;-0,203831489;-0,254248961;0,254456297;-0,220067363;0,369731807;0,177962294;-0,175683595;-0,241394901;-0,064986983;-0,064989889;0,297584316;0,12481538;-0,37640592;-0,064965903;-0,164645192;-0,224041533;-0,06497984;0,118310091;-0,06496099;-0,1655436;0,231986942;-0,283076954;-0,064979305;-0,41128518;-0,064990516;-0,064947814;-0,282825946;-0,114025514;-0,229213872;-0,289680129;-0,14448675;-0,064970551;0,238605661;-0,064977101;0,027379537;0,04432989;-0,415904162;-0,26311366;-0,064977449;-0,2778806;-0,222012868;-0,064970363;-0,064990939;0,084058099;0,210369242;-0,184007781;-0,285561886;-0,234847799;-0,412388464;-0,283082233;-0,237155763;-0,312696288;0,171176631;-0,064954648;0,14555622;-0,271924633;-0,064985682;-0,06495995;0,032477622;-0,06495893;0,364044007;0,149062154;0,004122226;-0,563373398;-0,064975872;0,146997416;-0,064964144;0,274226467;0,239610704;-0,190110427;-0,286243691;-0,064961266;-0,064981721;-0,094577222;-0,311208589;-0,24688463;0,150890446;-0,06495008;0,215517011;0,171981583;0,308595526;0,178976856;-0,064975318;0,296125944;0,422761239;-0,020899958;-0,005799442;-0,064983967;-0,214137345;0,171140165;0,202530022;0,119376014;-0,171230373;-0,212773738;0,066844753;-0,491086141;-0,290168706;0,246286692;-0,403915043;-0,300814377;0,164164563;-0,064985353;-0,120706102;-0,064990205;-0,25706862;0,081755828;0,268002506;-0,064991315;0,147097866;-0,064983069;-0,064984576;-0,5152478;-0,0649522;0,151956488;-0,314629866;-0,064984104;-0,064967782;-0,064986811;-0,310874605;-0,533579294;-0,064954815;-0,623045661;0,250983866;-0,064974168;-0,264810377;0,266049428;-0,064983733;0,440000083;-0,064964224;-0,064970274;-0,374761;-0,357227082;-0,064956567;0,248699267;-0,064957577;-0,290039123;0,182719585;-0,064950424;0,23325054;0,308562206;-0,064970385;-0,064972424;-0,064963493;-0,064987757;-0,196796776;0,241478738;-0,064982842;0,109712882;-0,064961355;0,058886217;-0,39868241;0,34471433;0,183763399;-0,2748163;-0,173049034;-0,586445548;-0,271911297;-0,06496725;-0,224817093;-0,064949276;0,136642874;-0,108858968;-0,343345567;0,2105869;0,124361281;0,427937509;-0,498021144;-0,480379635;-0,064981592;-0,361404795;-0,064978876;-0,269478564;0,155979826;-0,317585868;-0,497323534;0,132635386;0,191544032;0,063037787;0,12259965;-0,222896826;-0,043118286;0,275717259;-0,064971614;-0,301811392;-0,064984753;-0,064982751;-0,069876703;-0,064965117;-0,064984641;0,288405467;-0,336020751;-0,064989712;0,178797887;-0,064973326;0,127765027;-0,014432724;0,334287215;-0,064962084;0,163653927;0,378483726;-0,058394369;0,15355857;-0,279496858;0,243680894;-0,064958759;-0,064968017;0,223063302;-0,297165794;0,260074996;-0,412401958;-0,325945883;-0,001854699;-0,064967861;-0,064953828;-0,223670059;-0,064967075;-0,289688129;0,091331461;-0,420895621;-0,064979988
-2,004086934;-0,068124298;-0,335723001;0,266710891;-0,373952889;-0,068113396;-0,265182893;-0,431609363;-0,312745505;-0,06813756;-0,045685712;-0,138595105;-0,43134553;0,013625972;-0,249596362;0,332616779;-0,518481436;-0,500243919;0,302271309;0,265875649;-0,319955016;-0,197634683;-0,055384629;-0,068130865;-0,068136017;-0,141118138;0,184111958;-0,069336519;-0,068093625;0,38207664;-0,073562731;-0,068118222;0,236605923;-0,068084977;0,282117404;0,287593712;-0,485247712;-0,068117276;0,276642483;-0,068137129;-0,068061845;-0,210535026;0,438875616;-0,464505974;0,159099838;-0,236395646;-0,068101817;0,378561113;-0,068113379;-0,405159057;0,067247407;0,260814352;0,187891976;-0,068113995;0,275770209;0,258076428;-0,068101485;-0,06813788;-0,510709387;-0,28627133;-0,124088244;0,018772742;-0,259049378;0,022196416;0,144812364;-0,375423338;0,136507727;-0,441813771;-0,068073832;0,252890693;-0,444731641;-0,068128561;-0,068083148;-0,328531431;-0,068081354;0,101394097;0,25864682;-0,589598942;-0,024408301;-0,068111209;-0,25358516;-0,068090528;-0,270663187;-0,077298166;0,432954723;0,043602407;-0,068085462;-0,068121548;0,154999812;-0,388738045;0,174934375;0,005723229;-0,068065817;-0,132354099;-0,522137449;0,263061744;-0,187928938;-0,06811023;-0,299616967;0,281440243;-0,029389788;0,206528305;-0,068125524;-0,453857483;-0,498267528;-0,213019554;0,100453276;-0,353129934;0,250210286;0,45960311;0,170579856;0,406142264;-0,325825471;0,134505592;-0,266662806;-0,407508071;-0,068127978;-0,006070198;-0,068136578;-0,101432983;0,286505415;-0,46739433;-0,068138547;0,003630808;-0,068123935;-0,068126602;0,129738761;-0,068069534;-0,36206584;0,270809942;-0,068125767;-0,068096934;-0,06813056;0,256059106;0,139536929;-0,068074125;-0,289957814;0,319194487;-0,068108199;-0,321876518;0,340960858;-0,06812511;0,189858145;-0,068090667;-0,068101328;0,314929895;0,294186307;-0,068077203;-0,186040399;-0,068078976;-0,232752163;-0,331972873;-0,06806642;0,118151388;0,204658675;-0,068101525;-0,068105121;-0,06808938;-0,068132238;0,224265622;0,153801809;-0,068123532;0,001480353;-0,068085619;0,266166803;0,301691904;-0,302888713;-0,391316875;0,088863896;0,472596638;-0,052689595;-0,169912949;-0,068095997;-0,506232557;-0,068064407;0,352759415;-0,227215192;-0,216934361;-0,362463607;0,095568377;-0,394417506;0,176889294;-0,280284092;-0,06812132;-0,406595386;-0,068116517;0,2390894;-0,024411719;0,276598635;0,039495195;0,198047345;-0,39210922;0,315682463;0,044195449;-0,205071153;-0,262969558;-0,22523831;-0,068103691;0,135116341;-0,068126915;-0,068123372;-0,063407379;-0,06809224;-0,068126717;0,430301331;0,071294145;-0,068135702;0,179172262;-0,068106714;0,097622164;0,001586897;0,361235582;-0,068086902;-0,384770799;-0,294248757;-0,061098294;-0,310306951;-0,303996217;-0,358707388;-0,068081054;-0,068097349;-0,05478186;0,102498873;-0,364355882;-0,386512059;0,077633209;0,301089801;-0,068097075;-0,068072392;-0,514568868;-0,06809569;0,078662173;0,27758539;-0,104189954;-0,068118483
-2,190425329;-0,078653286;0,265667673;0,242952693;0,042222972;-0,078651317;0,203269434;0,194771138;-0,286720404;-0,078655682;-0,070405079;-0,408142766;0,169195524;0,265780809;-0,126214;-0,210694335;-0,341747715;0,206768545;-0,293799133;-0,347832799;0,149992507;-0,268346284;-0,28003932;-0,078654473;-0,078655403;-0,614482752;0,104575501;0,412444242;-0,078647746;-0,254947117;-0,306509848;-0,078652189;0,13296959;-0,078646184;-0,243809867;0,215820516;-0,177497429;-0,078652018;-0,338136383;-0,078655604;-0,078642004;0,253312969;-0,228028597;-0,197107044;0,443309498;-0,262534797;-0,078649226;0,294802996;-0,078651314;0,121465815;0,019421893;0,231610769;-0,365969501;-0,078651425;-0,350807244;0,166635891;-0,078649166;-0,07865574;-0,018307604;0,180648258;-0,192480536;0,373890481;-0,15551799;0,427065161;-0,449385498;0,164160388;-0,356034184;0,141050665;-0,07864417;0,103915722;-0,417657584;-0,078654056;-0,078645854;0,085263833;-0,078645529;-0,386240254;0,156141998;0,050188775;0,227806292;-0,078650922;0,064642636;-0,078647187;-0,46111226;0,296965922;-0,097996832;-0,167362251;-0,078646271;-0,078652789;-0,176002351;-0,364555234;-0,221753083;0,270918662;-0,078642722;0,269112395;0,086410658;-0,40863734;0,213095814;-0,078650745;-0,322970899;-0,359142639;-0,053388748;0,004175213;-0,078653508;-0,289266099;0,142598041;0,173835158;0,056640513;-0,208614186;-0,244655421;0,147557958;0,355622121;-0,252487857;0,158738155;-0,471029316;-0,34428385;0,136436866;-0,078653951;-0,121469962;-0,078655504;-0,266368902;0,046205974;-0,502334172;-0,07865586;0,082799243;-0,078653221;-0,078653702;0,337098606;-0,078643394;0,189042308;-0,348796601;-0,078653551;-0,078648344;-0,078654417;-0,182475317;0,285705255;-0,078644223;0,277244228;-0,538628882;-0,078650378;-0,179914097;0,255897912;-0,078653433;-0,376576763;-0,078647212;-0,078649137;-0,25180568;-0,382664737;-0,078644779;0,220739502;-0,0786451;0,539146566;0,095693255;-0,078642831;0,157554578;0,129819442;-0,078649173;-0,078649822;-0,078646979;-0,07865472;-0,198836767;0,306596328;-0,078653148;0,177843873;-0,0786463;0,090259629;0,25634942;-0,524689076;-0,588403745;-0,394581713;-0,339689827;0,259644145;-0,266718204;-0,078648174;-0,244653652;-0,078642467;0,166459573;-0,165086722;-0,304340081;0,2350485;0,133173142;-0,446324175;0,311041933;0,339225055;-0,078652748;0,497088601;-0,078651881;-0,449852153;0,001065229;-0,385916796;0,330630004;0,152079764;0,235359661;0,125744191;-0,398787181;-0,260306985;-0,068806652;0,286687881;-0,078649564;0,383559459;-0,078653759;-0,078653119;-0,240511049;-0,078647496;-0,078653723;0,220660822;-0,423575053;-0,078655347;0,202188947;-0,07865011;0,134310828;0,115185303;-0,440430996;-0,078646532;0,186815199;-0,391850544;-0,0683773;0,216557554;0,3267963;0,230333495;-0,078645475;-0,078648419;0,258594909;-0,466381876;-0,499174367;-0,186608365;-0,440496395;-0,041871262;-0,078648369;-0,07864391;-0,332478236;-0,078648119;-0,316789798;0,00720072;0,385590557;-0,078652236
-1,75795192;-0,059049651;0,254292895;-0,4182928;0,110513501;-0,059044368;-0,313662127;0,15555946;0,357818833;-0,059056062;-0,016490195;-0,368177232;0,174859107;-0,382816848;-0,231239;-0,145840494;-0,147487861;0,213273723;-0,185724093;0,299169528;0,157797076;-0,264912085;-0,256216027;-0,059052828;-0,059055318;0,206164881;0,078253135;-0,321263958;-0,059034755;-0,266225022;-0,266899195;-0,059046708;0,18503553;-0,059030538;-0,261020764;0,170997781;-0,187584946;-0,059046249;-0,199247244;-0,059055855;-0,05901922;0,268929303;-0,154657947;-0,168631221;-0,402733179;-0,195953274;-0,059038743;-0,300201415;-0,05904436;0,08419052;0,048933385;0,258270399;-0,354006063;-0,059044659;0,289432497;0,185083743;-0,059038581;-0,059056217;0,027570225;-0,351420938;-0,122834747;-0,364085356;-0,187267759;-0,321223141;-0,31553559;0,323214625;-0,400827503;0,047091525;-0,059025092;0,168383329;0,191313424;-0,059051714;-0,059029645;0,126250227;-0,059028769;-0,167922155;0,143095065;0,056874217;-0,495039361;-0,059043306;0,225872754;-0,059033246;0,21730894;-0,37122043;-0,152598016;-0,142923496;-0,059030775;-0,05904832;-0,087292498;0,135152373;-0,351524933;-0,386143497;-0,059021167;-0,309720376;0,266395351;-0,299537634;0,277621347;-0,059042831;0,278941086;-0,273348487;-0,022341959;0,006745024;-0,059050245;-0,321605602;0,180468232;-0,396932745;0,104595678;0,278779855;-0,245262879;-0,500800566;0,308097704;0,238350242;0,080638614;0,199352063;0,254909601;-0,397529691;-0,059051432;-0,202057222;-0,059055588;-0,22100029;0,122855633;-0,432832948;-0,059056539;0,028613678;-0,059049475;-0,059050767;-0,452575832;-0,059022989;0,156674257;-0,371865681;-0,059050362;-0,059036367;-0,059052681;-0,370135773;0,149917778;-0,059025236;0,212379198;0,180108214;-0,059041845;-0,115988897;0,193324209;-0,059050044;-0,293651648;-0,059033314;-0,059038505;-0,398484729;-0,396602749;-0,059026741;0,205043629;-0,059027607;-0,259039972;-0,073816001;-0,059021463;0,197106663;-0,360485726;-0,059038601;-0,05904035;-0,059032686;-0,059053492;-0,206959896;-0,263237425;-0,05904928;-0,462059424;-0,059030851;0,115965874;0,221113919;-0,213180777;0,185624271;0,179253873;-0,315435126;0,060520714;0,314019702;-0,059035911;-0,237520224;-0,059020476;-0,420574356;-0,148628048;0,287256028;0,337630053;0,107883025;-0,25486656;0,199575962;0,198385243;-0,059048209;0,315829182;-0,059045881;0,290149405;0,20157538;-0,433062215;0,065560035;0,072021421;-0,418649268;0,043009055;0,211179029;-0,244559814;-0,052378019;0,22498526;-0,059039654;-0,244933178;-0,059050918;-0,059049203;-0,213665365;-0,05903408;-0,059050822;-0,360438024;-0,287596107;-0,059055166;0,172474936;-0,059041123;0,057878459;0,071263038;0,167118213;-0,059031478;0,225928542;0,291799857;-0,053506454;0,265600724;-0,339186501;-0,275617674;-0,059028623;-0,059036569;-0,310874556;0,154160662;0,059158218;-0,283077093;-0,377370086;0,013059992;-0,059036435;-0,059024388;-0,345005422;-0,059035761;-0,178584348;0,056963773;0,256553805;-0,059046834
-1,784876413;-0,061723825;-0,353460711;0,129204017;0,030481567;-0,061712299;0,031577401;-0,386028223;-0,328856118;-0,061737761;0,009511606;-0,180389878;0,123102168;0,190518876;-0,208462894;0,281464922;0,232380037;-0,316648485;0,17788622;0,0658865;-0,356188049;-0,267156948;-0,299379282;-0,061730738;-0,061736145;-0,356859328;0,043031961;-0,343790106;-0,061691237;-0,285485099;-0,168484174;-0,061717409;0,171798013;-0,061681959;-0,249990983;-0,12221828;0,092596356;-0,061716408;0,12929394;-0,06173731;-0,06165695;-0,337635847;0,243035851;-0,336797852;-0,332593181;0,237615911;-0,061699989;0,235313426;-0,061712281;0,086773512;0,181026159;0,214376883;-0,311168363;-0,061712934;0,250080027;-0,259185037;-0,061699635;-0,061738096;0,143964306;-0,334841814;-0,343190915;-0,398665334;-0,159456676;0,074777187;-0,408462146;-0,213523979;0,093704097;0,194179438;-0,061669945;0,191451466;0,144667716;-0,061728314;-0,061679993;0,142256363;-0,061678061;-0,055144019;0,253064085;0,059542735;0,234287959;-0,061709979;-0,313941973;-0,061687919;-0,239930956;0,140351242;-0,319033618;0,289325265;-0,061682481;-0,061720924;0,263849754;0,062141593;0,19580931;0,089390878;-0,061661264;0,160808277;-0,415334652;0,217613016;-0,231075447;-0,06170894;0,229414011;0,208489742;0,043523534;0,144750347;-0,061725117;-0,308861344;0,194832276;-0,426942717;0,112616501;0,244034003;0,013095106;-0,342346039;-0,020275574;0,188849063;0,320478445;-0,470834459;-0,297752156;-0,357908964;-0,061727702;0,238902498;-0,061736732;-0,271498195;0,133943866;-0,219048598;-0,061738794;0,072937035;-0,061723442;-0,061726253;-0,362817034;-0,061665295;0,260220844;-0,038213273;-0,061725373;-0,061694777;-0,061730417;-0,392625575;-0,374431984;-0,061670262;-0,239949641;-0,363497384;-0,061706783;0,010821457;-0,298469723;-0,06172468;-0,269776619;-0,061688069;-0,061699467;-0,376791616;0,245870007;-0,061673586;0,186328751;-0,061675499;0,073448015;-0,306858018;-0,061661919;0,026879721;-0,230393162;-0,061699677;-0,061703509;-0,061686688;-0,061732179;-0,436755075;-0,039551505;-0,061723017;-0,321645633;-0,06168265;-0,406473311;-0,168570006;0,308613849;0,067504903;0,25802463;-0,206625473;-0,325918907;0,179264056;-0,061693775;0,194922368;-0,061659734;0,203723494;0,249368829;0,281399792;-0,243540576;-0,459687331;-0,039409671;0,210301225;-0,127262239;-0,061720683;-0,433371626;-0,061715605;0,138631118;0,281114453;-0,050509879;-0,058241626;-0,35720154;0,166704992;0,179255597;-0,352155997;0,204363684;-0,123555966;0,130053607;-0,061701987;-0,379969837;-0,061726582;-0,061722849;-0,194629599;-0,061689754;-0,061726374;0,205158417;-0,23276045;-0,061735815;0,204169919;-0,061705204;-0,391001721;-0,331753514;0,231509336;-0,061684028;-0,360267498;0,246665473;-0,006044115;0,342172334;-0,204250491;0,216425328;-0,061677738;-0,06169522;0,212116486;0,086985666;-0,26714504;0,127651665;0,196512113;0,151718641;-0,061694927;-0,061668388;-0,31824201;-0,061693446;0,060504603;-0,009867349;-0,229881676;-0,061717685
-1,882021567;-0,067542459;-0,29128424;-0,043074151;0,096773037;-0,067542176;0,068610551;0,073263354;0,221819635;-0,067542808;0,020041138;0,113936808;0,008958312;-0,289636397;-0,308819809;-0,358738807;0,256967786;-0,229470548;-0,423692572;-0,191631655;-0,079670551;0,237554954;0,270777845;-0,067542632;-0,067542767;-0,426100332;0,022179289;0,216110251;-0,067541669;-0,255955113;0,320267349;-0,067542301;-0,47128593;-0,06754145;-0,325365471;-0,039592225;-0,353443897;-0,067542276;-0,489569556;-0,067542797;-0,067540871;0,238239331;-0,111364388;-0,523910888;0,314350841;-0,087964385;-0,067541878;-0,615247452;-0,067542176;0,003270273;0,252712336;-0,411354558;-0,37361474;-0,067542191;-0,127411934;0,071185638;-0,06754187;-0,067542817;0,032673014;0,098570008;-0,38586231;0,315678156;0,484961693;-0,24392078;-0,557861578;-0,108406253;-0,377924994;0,184163295;-0,06754117;-0,121542183;0,089122807;-0,067542571;-0,067541404;-0,215411888;-0,067541359;-0,304253967;0,310356739;-0,003669722;0,186288042;-0,067542119;0,224956831;-0,06754159;0,364114211;-0,185368688;-0,242273522;-0,217876227;-0,067541462;-0,067542388;-0,31217148;-0,266928295;-0,024581894;0,121752363;-0,06754097;0,227499757;0,148137046;-0,274457339;0,407058211;-0,067542094;-0,258270127;-0,400715816;-0,031272323;-0,011187394;-0,067542491;-0,054845731;0,066834381;0,210639306;0,162076206;-0,200666707;-0,457240519;0,10719096;-0,500231377;-0,141124972;0,393031021;-0,300911291;-0,241216156;0,107608833;-0,067542556;-0,427283089;-0,067542782;0,469575912;-0,252681137;0,126082076;-0,067542834;0,114923868;-0,06754245;-0,06754252;0,177999901;-0,067541063;0,099216872;-0,051952228;-0,067542498;-0,067541753;-0,067542623;-0,386604055;-0,300246871;-0,067541177;0,205101575;-0,244085596;-0,067542042;0,286871266;-0,284048063;-0,06754248;-0,439575082;-0,067541594;-0,067541865;-0,436077332;-0,489385421;-0,067541254;0,32031837;-0,067541299;-0,184624795;0,240763252;-0,067540985;-0,30920446;0,403689557;-0,067541871;-0,067541963;-0,067541561;-0,067542668;-0,160344009;-0,37952028;-0,067542439;0,131176444;-0,067541466;0,100867035;0,191792616;0,379954214;0,126356011;0,41578478;-0,317632856;0,209125833;-0,180645043;-0,067541729;0,229880069;-0,067540935;0,088695746;0,271563903;-0,271267561;0,102374228;-0,475716011;0,446188934;0,128656965;0,007698626;-0,067542382;-0,108029052;-0,067542257;0,170212659;0,171277063;0,184282832;-0,482929847;-0,506970069;-0,046976696;0,082248411;-0,31763922;-0,42696547;-0,036258949;0,296299036;-0,067541926;-0,241605783;-0,067542528;-0,067542435;0,315456753;-0,067541634;-0,067542523;-0,390834088;0,199888743;-0,067542759;0,13891445;-0,067542004;-0,516142485;0,151529411;-0,244279877;-0,067541499;0,100681452;-0,27028155;-0,061387145;-0,451870679;0,303716342;0,148977899;-0,067541351;-0,067541764;0,020725423;-0,432644583;0,343560411;-0,477152386;0,267621374;0,005729203;-0,067541757;-0,067541134;0,244106656;-0,067541722;0,158384578;0,061152598;0,277465089;-0,067542308
-2,110292689;-0,070195137;0,239249745;0,122064186;0,157064039;-0,07020631;-0,405213716;0,001731694;0,18360554;-0,070181616;0,065820888;-0,273368235;-0,535608313;-0,377982527;-0,381936287;-0,279270162;-0,275408977;-0,305954864;-0,346269687;-0,416977522;0,145216223;-0,267837507;-0,413201003;-0,070188431;-0,070183184;0,187226977;-0,460089113;0,270734049;-0,070226703;-0,13655996;-0,307646036;-0,070201358;0,125231092;-0,070235675;0,186956112;0,318913269;-0,482182067;-0,070202328;0,305772371;-0,070182053;-0,070259827;0,354463032;-0,121990073;-0,261341239;-0,286124587;-0,289403671;-0,070218232;0,279964746;-0,070206327;-0,026323881;0,208796243;0,280859289;-0,295737402;-0,070205694;-0,304041272;0,160127686;-0,070218575;-0,07018129;-0,022549205;-0,363447463;0,417258467;0,366698129;-0,280545229;0,335058727;0,214601184;0,220796953;-0,496113865;-0,076209436;-0,070247283;0,129020356;-0,166555493;-0,070190782;-0,070237576;0,061674847;-0,070239442;0,30745057;-0,017725306;-0,074046001;0,267817891;-0,070208558;0,191902532;-0,070229912;0,171364132;0,229371484;-0,340259777;-0,221591856;-0,070235171;-0,07019795;-0,191826441;-0,33448578;-0,280174736;0,23595127;-0,070255665;0,21909528;0,365381013;-0,251050168;0,251983066;-0,070209564;0,119938168;-0,204678595;0,044320231;0,039028919;-0,070193883;-0,204380105;0,252923313;0,33979322;-0,416506329;-0,267933499;-0,399144087;0,169019514;-0,421201761;0,20652357;0,237366037;-0,000693663;0,174049151;0,15721332;-0,070191377;-0,21173151;-0,070182614;0,3688418;-0,060848693;0,160816274;-0,070180612;-0,405069881;-0,070195508;-0,070192782;0,158344731;-0,070251774;0,11954381;-0,404695803;-0,070193636;-0,070223277;-0,070188742;-0,399899887;-0,393120991;-0,070246978;0,094648243;0,277740797;-0,070211654;-0,350161537;0,17834434;-0,070194306;-0,382095356;-0,070229767;-0,070218737;-0,34872319;0,152185618;-0,070243767;-0,294352588;-0,070241919;0,336414243;0,052336456;-0,070255033;0,328411941;0,053812013;-0,070218534;-0,070214824;-0,070231102;-0,070187033;-0,094764011;-0,150259352;-0,070195921;0,239762184;-0,070235007;0,163757953;0,345217758;0,215327665;0,168132812;-0,238570559;0,230214393;0,182044752;-0,296868506;-0,070224246;-0,261345415;-0,070257142;0,162762979;-0,151795364;-0,246777424;-0,53368382;-0,492887191;-0,34952381;-0,287471611;-0,136457439;-0,070198184;-0,360669796;-0,070203106;-0,219610275;0,152610852;0,175166633;-0,250189865;0,028825436;-0,440154012;0,11387961;0,375658232;-0,246839929;-0,002573123;0,362487675;-0,070216298;-0,269094138;-0,070192463;-0,070196084;0,410966381;-0,070228137;-0,070192664;-0,246902423;-0,27524865;-0,070183504;-0,349294476;-0,070213183;0,078117584;0,078174046;-0,283430929;-0,070233674;-0,023825831;0,220095292;-0,065065682;0,181969014;-0,116519621;-0,28138867;-0,070239755;-0,070222849;0,173097048;0,009797177;-0,419218563;-0,463359001;0,235585039;-0,052811766;-0,070223132;-0,070248787;-0,246508143;-0,070224565;0,316478533;0,039991621;-0,332463412;-0,07020109
-2,169185651;-0,077073702;-0,369415805;0,137949343;0,084043151;-0,077061456;0,142327201;0,315163353;-0,459674668;-0,077088581;-0,032839298;-0,402306182;0,331749133;0,46917161;0,397892748;0,185512389;-0,667961555;-0,145319776;0,229656721;0,462824638;-0,401552576;-0,049539284;0,386014735;-0,077081072;-0,077086852;-0,001507104;-0,003285626;-0,380335255;-0,077039219;-0,031768315;0,289259152;-0,077066878;0,055848145;-0,077029481;-0,41510499;-0,620570769;0,340377261;-0,077065815;0,359208958;-0,077088098;-0,077003396;-0,456074481;-0,370297673;0,264254354;0,35734319;-0,235605669;-0,077048438;0,086457273;-0,077061437;0,168993767;0,16693036;-0,465511363;0,316929176;-0,07706213;-0,110236019;-0,443091411;-0,077048065;-0,07708894;-0,674309269;0,300158439;-0,335560378;-0,206482833;0,341442926;0,07655673;-0,199661285;-0,235568345;0,34336944;-0,405044129;-0,07701692;-0,314203084;-0,166238462;-0,077078486;-0,077027421;0,239169253;-0,077025399;-0,315048969;-0,092577612;0,233219153;0,005055278;-0,077058998;0,304661169;-0,077035733;-0,021906321;-0,372445367;0,373251633;0,52589429;-0,077030028;-0,077070614;-0,048460473;-0,626040605;0,033397578;0,264720018;-0,077007878;-0,470075869;-0,357595097;0,304106302;0,316058099;-0,077057898;-0,280705801;0,151696099;0,040523914;0,125217674;-0,077075078;-0,490621665;0,314141674;-0,302059851;-0,232102693;-0,235172028;0,3140525;0,366796339;-0,100093885;-0,385594078;-0,399623108;0,227243759;-0,484258652;-0,128254755;-0,077077832;-0,004254248;-0,07708748;-0,486140201;0,186188218;0,277970299;-0,077089688;-0,262642898;-0,077073294;-0,077076288;-0,209336307;-0,077012073;-0,475619191;-0,498222716;-0,07707535;-0,077042944;-0,07708073;0,221537918;-0,361873213;-0,077017251;-0,050226406;0,134299236;-0,077055615;0,400107114;-0,000368508;-0,077074613;0,006888094;-0,07703589;-0,077047888;-0,344209411;0,283261656;-0,07702072;-0,073237643;-0,077022719;-0,278453574;-0,291438349;-0,07700856;-0,395913266;-0,50756987;-0,077048109;-0,077052155;-0,077034441;-0,077082612;0,205134893;0,232820404;-0,077072841;0,063966509;-0,077030204;0,134119656;-0,349257628;0,068770488;0,314972162;-0,647293377;0,218181486;-0,005055051;0,337935414;-0,07704189;0,294612339;-0,077006288;0,047481124;-0,270202481;-0,246063642;0,347306685;0,264643501;0,24895604;-0,197164347;0,247603289;-0,077070358;0,1656092;-0,077064963;-0,473694609;0,345072092;0,193810952;-0,509020158;-0,061621671;0,462559096;0,414990538;-0,491137829;0,021466111;-0,224170455;0,028702252;-0,077050546;-0,367525786;-0,077076639;-0,077072662;-0,482915944;-0,07703766;-0,077076417;0,552397851;-0,167863537;-0,077086498;-0,167389144;-0,077053945;-0,211795522;0,063800449;-0,479036052;-0,07703165;-0,222629309;0,438358291;-0,069273368;-0,166417413;0,381715204;0,040829739;-0,077025061;-0,077043411;0,270497907;-0,540987289;0,206591853;0,332704124;-0,073434387;0,085626821;-0,077043102;-0,077015296;-0,136382512;-0,077041544;0,042810934;-0,652589427;0,446592256;-0,077067171
-1,878722584;-0,070436746;-0,233911891;-0,344737781;-0,013576852;-0,07043601;0,124412647;0,14184962;-0,326095714;-0,070437646;0,019662353;-0,228224597;0,120617241;-0,27608291;0,183607364;0,316629316;-0,351940495;-0,256883077;0,224553377;-0,249037356;0,109228433;-0,371742587;-0,227461954;-0,070437191;-0,070437541;0,187821302;-0,014612207;-0,327076977;-0,07043468;-0,318767157;0,262767415;-0,070436336;-0,309975483;-0,0704341;-0,134470746;-0,316110585;-0,364965894;-0,070436272;0,213764702;-0,070437616;-0,070432555;0,158583447;0,393381923;0,260394283;-0,303947531;-0,335884755;-0,07043523;0,224896773;-0,070436009;0,148452447;0,188426463;-0,216494362;-0,366898502;-0,070436051;-0,353020398;0,131450156;-0,070435208;-0,070437667;0,07829124;0,068880944;0,321533698;-0,242606123;0,37176705;0,482123032;-0,286810137;-0,001491539;-0,279253748;-0,245172363;-0,070433355;-0,140973571;-0,430392381;-0,070437035;-0,070433978;0,036412834;-0,070433858;0,266176059;0,200159221;-0,013439502;0,326720849;-0,070435863;-0,327019211;-0,070434472;0,22805857;0,245915082;-0,37272803;0,245544167;-0,070434133;-0,070436561;-0,217976514;-0,206265249;0,054860013;0,219150535;-0,07043282;0,18759132;-0,037640238;0,273880678;-0,258395573;-0,070435797;-0,29174882;-0,054710706;-0,025551686;-0,004274447;-0,07043683;0,242731868;0,041630041;0,103188458;0,112678397;-0,252812898;0,245988582;0,006373131;-0,435400359;-0,159020135;0,219808524;-0,557530525;0,144597872;0,275360936;-0,070436996;-0,261574051;-0,070437579;-0,181171125;0,048068104;0,179684516;-0,070437713;0,07195256;-0,070436722;-0,070436903;0,139316423;-0,070433068;0,108758479;-0,100173019;-0,070436846;-0,070434902;-0,07043717;-0,391525124;0,337909332;-0,070433374;0,019747698;0,102639887;-0,07043566;0,251530321;-0,347452045;-0,070436801;-0,041622537;-0,070434482;-0,070435197;0,234405598;0,108863582;-0,07043358;0,126757672;-0,070433699;-0,170218301;0,315211167;-0,07043286;-0,418145151;-0,359873149;-0,070435211;-0,070435453;-0,070434395;-0,070437284;-0,215815576;-0,333371621;-0,070436695;0,233219461;-0,070434143;-0,158514737;-0,44049106;-0,362006705;0,092791654;-0,222450101;0,378343382;0,24856773;-0,365701694;-0,070434839;-0,327166041;-0,070432726;0,321942832;-0,262117184;-0,272287654;0,166760056;-0,432701382;-0,256961427;0,209191302;0,19704977;-0,070436545;0,012408667;-0,070436221;-0,382393424;0,305937533;-0,256208332;0,23112026;-0,512042661;0,153969594;0,049837818;0,250915749;-0,371704881;-0,101912215;0,213928191;-0,070435356;-0,283422852;-0,070436924;-0,070436684;0,374125701;-0,070434587;-0,07043691;0,2334774;0,180514032;-0,070437519;-0,477176035;-0,07043556;-0,407448804;-0,568095382;-0,059175807;-0,070434229;0,175977828;-0,305499488;-0,069587714;-0,244388538;0,278447955;-0,123228017;-0,070433838;-0,07043493;0,172657376;-0,433917721;0,291155158;0,315421507;-0,357058637;0,048159198;-0,070434911;-0,070433258;0,139556633;-0,070434819;-0,298935399;0,115451407;-0,278302803;-0,070436353
-1,944610171;-0,065652998;-0,275931139;0,172565828;0,141251713;-0,065654591;-0,324993541;0,040217999;0,323163192;-0,065651064;0,115538168;-0,151516558;0,268864446;-0,340780023;0,184929395;0,241185959;0,019857485;-0,077778829;0,271897178;-0,293005625;-0,302510036;-0,274425298;0,293243149;-0,06565204;-0,065651288;0,045466557;-0,596153369;-0,398207247;-0,065657483;-0,138627761;0,39980605;-0,065653886;0,152980658;-0,065658749;0,253007639;0,196295441;0,220467342;-0,065654024;-0,328211987;-0,065651126;-0,065662136;-0,321101733;-0,187698945;0,261977933;-0,271694805;-0,211705883;-0,065656284;0,267990446;-0,065654594;0,086670095;-0,424124122;-0,328297282;0,186532714;-0,065654504;0,49135745;0,127040788;-0,065656333;-0,065651017;0,28465932;-0,432850676;0,303935379;-0,314070276;0,288729572;-0,406288249;0,06812463;-0,181897447;-0,525548545;-0,033578252;-0,065660381;0,188072155;0,339664287;-0,065652376;-0,065659017;-0,423379794;-0,065659279;-0,443071947;0,012223587;0,02993217;0,1150651;-0,065654911;0,182965138;-0,065657936;0,061721445;-0,368099102;0,216879412;-0,346692169;-0,065658678;-0,0656534;-0,084946094;-0,333040184;-0,326682335;-0,325304505;-0,065661555;0,285019617;-0,39334429;-0,263132182;0,256711504;-0,065655054;-0,221432739;-0,387437843;-0,609864196;-0,039929759;-0,06565282;-0,282652115;0,017295263;-0,412930982;-0,189743838;0,058143672;-0,406894073;-0,095849675;-0,113035404;0,312267319;-0,205664047;0,03098563;0,216382121;0,082834379;-0,065652461;0,055150543;-0,065651207;-0,317928044;0,099960403;0,027767721;-0,06565092;-0,334106025;-0,065653052;-0,065652662;-0,123189169;-0,06566101;0,224868079;-0,096788539;-0,065652784;-0,065656999;-0,065652084;0,176360508;-0,264048335;-0,065660338;0,102775358;0,070575618;-0,065655351;0,244694781;-0,151406869;-0,06565288;0,180333369;-0,065657916;-0,065656356;-0,118187436;0,063048286;-0,065659887;-0,130274287;-0,065659628;-0,269222053;0,352584731;-0,065661466;0,255603515;0,189641183;-0,065656327;-0,065655801;-0,065658104;-0,06565184;-0,050277504;-0,253790426;-0,065653111;0,118296194;-0,065658655;0,051715917;0,311156387;0,041062845;0,019939725;0,206795289;0,142985257;-0,468619346;-0,418509026;-0,065657136;0,299333364;-0,065661761;0,19636163;-0,166772962;-0,178037754;0,246502901;-0,464951041;0,22776585;-0,271986307;0,115409997;-0,065653434;-0,251526873;-0,065654135;0,341663659;0,28172583;0,148233702;-0,103328023;0,054810319;-0,301026344;-0,001820864;-0,40376827;-0,177224298;-0,009635503;-0,313092227;-0,06565601;-0,295195211;-0,065652617;-0,065653134;0,227916075;-0,065657686;-0,065652645;-0,192354417;-0,35642329;-0,065651334;-0,27345529;-0,065655568;0,075164653;0,002375571;-0,322754811;-0,065658467;-0,017975078;0,298180311;-0,056662964;0,330856752;0,228991442;-0,311003894;-0,065659323;-0,065656938;0,187510442;0,054209996;-0,405458865;0,272990252;0,086761096;-0,031509971;-0,065656978;-0,065660592;-0,257370508;-0,065657181;-0,391312104;0,314638873;0,310271261;-0,065653848
-1,616506877;-0,061442528;0,273816605;-0,208818123;0,080764195;-0,061436593;0,167216478;0,149439907;-0,231155964;-0,061449735;-0,013201253;-0,345757503;-0,444123363;0,216306792;-0,326505792;-0,333284857;-0,388656787;0,268729278;-0,320546402;0,270703921;-0,395921725;0,226951919;-0,371130934;-0,061446098;-0,061448897;-0,350762893;0,011731766;0,236556061;-0,06142581;-0,268973579;-0,225833306;-0,061439221;0,227841164;-0,061421085;-0,198174363;0,247292344;0,237985918;-0,061438706;0,205378211;-0,061449501;-0,06140842;0,288758066;-0,193124459;-0,303707749;0,304140268;-0,321212939;-0,061430282;0,26141084;-0,061436584;0,046965649;0,167254593;0,212585481;-0,354295152;-0,06143692;0,097750461;0,104951705;-0,0614301;-0,061449909;0,099370543;-0,414654073;-0,17796238;-0,218525591;0,297981554;0,307622625;-0,258249717;-0,250858527;-0,299984735;-0,268978886;-0,061414988;-0,302431052;-0,388870623;-0,061444846;-0,061420085;0,072897513;-0,061419104;0,358312029;-0,29834949;0,065583947;-0,277107745;-0,061435402;0,104959177;-0,061424119;0,1706977;0,203560826;-0,305209228;0,273806063;-0,06142135;-0,061441032;-0,093338145;0,111523641;0,253488668;0,062189287;-0,061410597;0,168272274;-0,394220502;0,323740239;0,202784175;-0,061434868;0,282870132;0,158689635;-0,052143545;0,095864366;-0,061443195;-0,376540317;0,106848409;0,139484767;0,06218058;-0,184829757;-0,315242358;0,137268239;0,199691697;0,228388464;0,133433916;-0,391154746;0,183486127;-0,20532538;-0,061444529;-0,218472825;-0,061449202;0,300117426;-0,387981909;-0,486099237;-0,061450271;0,008360916;-0,06144233;-0,061443781;-0,296037871;-0,061412634;0,160539774;-0,403385188;-0,061443326;-0,061427617;-0,061445933;0,180173538;-0,36766489;-0,061415148;-0,181986707;0,209360943;-0,061433762;-0,269689136;-0,076305085;-0,061442969;-0,227462453;-0,061424195;-0,061430014;-0,371679884;0,131688594;-0,061416833;0,122464776;-0,061417803;-0,227630182;0,310483039;-0,061410928;0,300624281;0,173169883;-0,061430122;-0,061432084;-0,061423492;-0,061446844;0,302121654;-0,400533413;-0,061442111;0,201432217;-0,061421436;0,052627795;0,211264707;-0,376967349;-0,373043793;0,092545195;-0,198907777;-0,330256666;-0,287608559;-0,061427106;-0,23942193;-0,061409825;0,21159223;-0,191666713;-0,303867361;-0,356107693;0,158058665;0,268744869;0,093976944;0,094011923;-0,061440907;0,147910177;-0,061438293;-0,329549039;-0,318379373;0,08280369;0,206256427;-0,323239369;-0,375584703;0,101109058;0,280711984;0,192604447;-0,085827705;0,126724621;-0,061431304;-0,296701415;-0,061443951;-0,061442024;-0,225420912;-0,061425054;-0,061443843;-0,151818111;0,14717128;-0,061448726;0,060893495;-0,061432952;-0,34072765;-0,356215775;0,194558139;-0,061422138;-0,336809581;0,323494615;-0,053955037;-0,220885512;-0,257013027;-0,28401095;-0,06141894;-0,061427843;-0,262787943;-0,323918428;0,175415668;-0,243837688;-0,258249833;0,033649163;-0,061427694;-0,0614142;-0,300654738;-0,061426938;0,306620529;0,094079062;-0,288766304;-0,061439363
-1,67698743;-0,060869691;0,18347072;0,056266438;-0,534205325;-0,060874648;0,189167541;0,064321749;0,17803684;-0,060863683;-0,008980862;-0,076183922;-0,165522674;0,226786734;-0,246663616;-0,322121163;-0,267530155;-0,195476834;-0,280892904;0,287947114;-0,296111193;-0,274976026;0,149168476;-0,060866713;-0,060864381;0,21046746;-0,385562814;0,186534312;-0,06088368;-0,231610145;0,146616575;-0,060872452;0,01042154;-0,060887648;0,234965551;-0,3357495;0,23141899;-0,060872882;0,141235543;-0,060863878;-0,060898308;-0,247511618;-0,178355432;-0,259273191;0,248467686;-0,212527599;-0,060879931;0,172053659;-0,060874656;0,052084599;0,046018825;0,157829905;-0,32000019;-0,060874375;-0,362479481;0,192804895;-0,060880083;-0,060863539;0,112965332;-0,274690259;-0,249441728;-0,328994893;-0,214320948;0,149219387;0,075094937;0,284065004;0,131054929;0,159643864;-0,060892775;0,073893153;-0,055784713;-0,060867757;-0,060888488;0,144307859;-0,060889313;0,261037283;0,05330764;0,073512249;0,116988224;-0,060875645;0,08727605;-0,0608851;0,189497149;0,231830421;-0,212595645;-0,180312403;-0,060887425;-0,060870939;-0,220165426;-0,255855187;-0,267624037;0,127278582;-0,060896473;-0,26753332;0,101948113;0,305563232;0,088470263;-0,060876091;0,300404794;-0,354547308;-0,013433712;-0,001360545;-0,060869134;-0,075784384;-0,420306449;-0,350362021;-0,390271926;-0,149535591;0,253203434;0,018129762;-0,31354006;0,208705011;-0,28835614;-0,182202205;0,198166562;0,125273883;-0,060868021;-0,182512813;-0,060864127;0,269100915;0,028336076;-0,411296027;-0,060863237;-0,433422783;-0,060869856;-0,060868645;0,199287986;-0,060894757;-0,272624115;0,24253851;-0,060869024;-0,060882165;-0,060866851;-0,270984335;0,281015915;-0,06089264;0,226272505;-0,428220385;-0,060877017;0,323253852;0,190979619;-0,060869322;0,295088263;-0,060885036;-0,060880155;-0,239269622;-0,391422228;-0,060891223;-0,165483232;-0,060890407;0,200612203;0,261098028;-0,060896194;-0,240655895;-0,286183027;-0,060880065;-0,060878422;-0,060885626;-0,060866091;-0,246497237;-0,346273111;-0,060870039;0,15704291;-0,060887353;-0,483095218;-0,301278958;0,054345007;0,169253874;-0,285964404;0,170961192;-0,288309133;-0,336004504;-0,060882594;0,213064879;-0,060897124;0,166195267;-0,245321022;-0,228119205;0,295646999;0,171027459;0,262414308;-0,344066311;-0,299145156;-0,060871043;-0,231107072;-0,060873227;-0,273744568;0,049672477;0,049780848;-0,187690363;0,052115519;-0,207633393;-0,386986879;-0,270456804;-0,258870487;-0,049997925;-0,372737223;-0,060879075;-0,050667201;-0,060868503;-0,060870111;-0,276597841;-0,060884315;-0,060868593;-0,232373608;0,020783988;-0,060864523;-0,363941446;-0,060877695;0,001182476;0,054906208;-0,171768;-0,060886764;0,135660241;0,216910866;-0,057166885;0,157833207;-0,233250693;0,158497862;-0,060889451;-0,060881975;0,113519101;-0,282608443;0,26414593;0,212423937;-0,441648153;0,045969314;-0,0608821;-0,060893439;-0,286035819;-0,060882734;0,205874114;-0,090180188;-0,156083855;-0,060872333
-1,56879985;-0,055472709;0,286804385;0,118531065;0,094288175;-0,055462318;-0,390404116;0,392350418;-0,098222315;-0,05548531;-0,048178032;-0,346196328;0,327988198;0,033132448;0,402855748;0,122233425;-0,404866568;0,128597841;-0,033374133;0,165475132;-0,260928446;-0,160123545;-0,307082112;-0,055478955;-0,055483847;-0,319248094;0,033328037;-0,144276819;-0,055443401;-0,384574984;0,082472772;-0,055466921;0,169857393;-0,055435097;-0,318373152;0,237201634;-0,404260905;-0,055466019;0,236206755;-0,055484902;-0,055412799;-0,126575523;0,299454406;0,136476257;0,092199456;-0,191367367;-0,055451251;-0,184941549;-0,055462302;-0,288851632;0,015862815;0,186548249;0,122009139;-0,05546289;0,219456398;0,254398084;-0,055450933;-0,055485614;-0,246294061;-0,344903748;-0,109397257;-0,249851186;-0,213583059;0,203739621;-0,258709346;0,339356333;0,07092497;0,109572494;-0,05542437;0,156707295;-0,364686341;-0,055476764;-0,05543334;-0,400850009;-0,055431614;-0,144917386;-0,419951353;-0,328392718;0,095015724;-0,05546023;0,167550464;-0,05544043;-0,351580488;-0,211159189;0,328323494;0,099771488;-0,055435564;-0,055470091;-0,152519238;0,120306785;-0,528010409;0,280086551;-0,055416637;-0,158868712;0,095959093;0,071038778;0,201653327;-0,055459295;0,101526135;0,172655337;-0,01017418;0,24865926;-0,055473876;-0,291381411;-0,373435599;-0,254602849;-0,008452922;0,246104832;-0,316508287;-0,306026983;0,151552027;0,072911798;-0,357747242;-0,058011034;-0,114321435;-0,412216982;-0,05547621;-0,152194047;-0,055484379;-0,341683578;-0,361820265;-0,253372379;-0,055486247;-0,017354658;-0,055472363;-0,055474902;0,147179022;-0,055420226;-0,183775475;0,114355603;-0,055474107;-0,055446574;-0,055478665;-0,351434242;0,0926673;-0,055424653;-0,187698921;-0,391063183;-0,055457355;-0,041447218;-0,335774744;-0,055473482;-0,456730109;-0,055440564;-0,055450782;0,242432923;-0,304106112;-0,055427618;-0,278252349;-0,055429325;0,175105532;-0,241228621;-0,05541722;0,333935748;-0,396460782;-0,055450971;-0,055454412;-0,055439328;-0,055480258;0,150464125;0,377319952;-0,055471979;0,115980585;-0,055435715;-0,155817336;-0,225222875;-0,220742367;-0,370874773;-0,467649368;0,464993623;0,195406987;0,082849699;-0,055445676;0,190032959;-0,055415275;-0,26673476;-0,101721721;-0,102689392;0,262094335;-0,004833624;0,196981785;0,04847174;0,249210695;-0,055469873;-0,288838799;-0,055465296;-0,319847257;-0,029990245;-0,414312486;0,16445148;0,137083892;0,306963032;-0,500047097;0,062448814;-0,139034315;0,296565979;-0,214534896;-0,055453045;0,206059879;-0,055475199;-0,055471828;-0,058261132;-0,055442073;-0,055475011;-0,133144882;-0,253716822;-0,055483548;0,046391151;-0,055455935;0,083220094;-0,44892855;-0,33590086;-0,055436948;-0,193378892;0,439688308;-0,023041337;-0,188463401;0,27709382;0,148611754;-0,055431325;-0,055446972;-0,18513534;-0,04244685;0,099330999;0,110015199;-0,381781354;-0,283656037;-0,055446709;-0,055422982;0,106173607;-0,055445381;-0,204077738;0,205336853;0,253502984;-0,05546717
-2,253451731;-0,08489446;0,290150491;0,073915187;0,056732811;-0,084887481;0,038555223;0,239357025;0,290770446;-0,084902936;-0,075302035;0,388258433;0,175241129;0,115101288;-0,406368563;-0,128303363;-0,392392957;-0,257236356;-0,352742487;0,131100354;-0,324670693;0,314372727;0,235420507;-0,084898659;-0,084901951;-0,406669837;-0,244847729;0,2315435;-0,084874798;-0,253445611;0,336080245;-0,084890571;0,061149172;-0,08486924;-0,511851917;0,294344509;0,237331518;-0,084889966;0,117267517;-0,084902661;-0,084854341;-0,2353442;-0,233034436;-0,186086804;0,17179664;-0,303814649;-0,084880057;0,113846802;-0,08488747;0,078165121;0,251244756;0,133931073;-0,273458081;-0,084887865;0,184507164;-0,112401;-0,084879844;-0,08490314;0,097098068;-0,325039764;-0,163642153;0,205405933;-0,157415671;-0,187212785;0,158549941;-0,527597032;0,102388748;0,07788405;-0,084862068;0,2525444;0,115709937;-0,084897186;-0,084868064;-0,453959625;-0,08486691;-0,365121325;-0,079136568;0,23292176;0,186919529;-0,084886079;0,127739879;-0,084872808;-0,350173517;0,186570303;-0,430855319;-0,241485648;-0,084869552;-0,084892701;0,420521721;-0,29181245;0,222377309;0,036020628;-0,084856902;-0,250901356;0,389532922;-0,441424625;0,166616818;-0,084885452;-0,377048616;0,274525952;-0,064034737;0,094090167;-0,084895244;-0,215021721;-0,066325742;-0,406782263;0,336282968;-0,308239984;0,202293815;-0,346368683;0,236969838;0,268285582;-0,263881033;0,16735762;0,207316088;0,30907026;-0,084896813;-0,469433485;-0,084902309;-0,309791159;0,060523453;-0,499258472;-0,084903566;0,107984887;-0,084894228;-0,084895934;-0,531559702;-0,084859299;-0,51190306;0,321726835;-0,084895399;-0,084876923;-0,084898464;-0,431614935;-0,417221306;-0,084862256;-0,321438109;0,192705483;-0,08488415;-0,281482272;0,303956984;-0,084894979;-0,420224823;-0,084872898;-0,084879743;-0,360957148;-0,48533373;-0,084864238;-0,07274654;-0,084865379;0,167138893;-0,467191791;-0,084857291;-0,417489784;-0,388935565;-0,08487987;-0,084882177;-0,084872071;-0,084899536;0,402985792;0,218865589;-0,08489397;0,164380945;-0,084869653;0,18544792;0,006059967;0,333585739;-0,472299134;-0,246521092;-0,133437322;0,14301646;0,234487281;-0,084876322;0,127535743;-0,084855993;0,193867872;0,340012423;-0,164072864;-0,360269248;0,286419651;0,408534657;0,128687963;-0,513165817;-0,084892554;-0,134681131;-0,08488948;0,353891416;-0,013465728;0,090390522;-0,256411455;0,211069274;-0,355113043;0,09456524;-0,11780388;0,284952956;-0,137795864;0,214388114;-0,08488126;0,231463195;-0,084896133;-0,084893867;-0,129907704;-0,084873908;-0,084896007;0,452551406;-0,291796861;-0,08490175;0,12322734;-0,084883198;0,143790936;-0,009193497;-0,212709612;-0,084870478;0,270839562;0,300344505;-0,084985473;0,218484122;-0,153693786;0,407949528;-0,084866716;-0,08487719;-0,290150308;-0,657737533;-0,387540386;0,293576774;0,178697814;0,025296988;-0,084877013;-0,08486114;-0,365632992;-0,084876124;0,06353909;0,014258505;-0,306520124;-0,084890738
-2,085319576;-0,066563663;-0,259352865;0,265166238;0,14786537;-0,066561426;-0,442665308;0,14009659;0,210893037;-0,066566383;0,061321591;-0,192249246;0,148367308;0,244742145;0,055410796;-0,283464398;-0,261465138;-0,297965231;-0,372688788;0,252810078;0,18923045;-0,259718224;-0,211147612;-0,06656501;-0,066566066;0,089390231;0,052880775;-0,28965095;-0,066557369;0,269739404;-0,252971712;-0,066562416;-0,420419528;-0,066555593;-0,227695301;0,037370768;-0,379593375;-0,066562222;-0,372657363;-0,066566294;-0,066550841;0,174091214;-0,31464657;-0,372511503;-0,264600661;0,059444022;-0,06655905;-0,435786505;-0,066561423;0,066630542;0,240614773;-0,287704645;-0,312934366;-0,066561549;0,302405951;-0,409321806;-0,066558982;-0,066566448;0,032173263;0,364206946;-0,359526064;0,221260782;-0,237953733;-0,25996777;-0,44655275;-0,271294661;-0,314232281;0,344447651;-0,066553305;0,23132943;0,1995358;-0,066564537;-0,066555218;0,121877398;-0,06655485;0,221475369;0,185481231;0,010588705;0,141061729;-0,066560977;-0,440180862;-0,066556733;0,217651294;-0,467344732;-0,310647689;0,193312692;-0,066555693;-0,066563099;-0,080049774;0,236549043;0,349098432;-0,445097077;-0,066551657;0,216351783;-0,38935547;-0,123304228;-0,370912894;-0,066560777;0,212391328;0,282969709;0,021544768;-0,019306865;-0,066563914;0,139308192;0,063085813;-0,37973182;0,110191573;0,269480667;-0,434417032;0,172709875;-0,272188458;0,279909061;0,197376577;0,056700683;-0,322426064;-0,366333788;-0,066564417;-0,345216415;-0,066566181;-0,204685114;0,058680219;0,066703984;-0,066566585;0,034616396;-0,066563588;-0,066564135;0,21246879;-0,066552422;0,07300529;-0,209955141;-0,066563964;-0,066558048;-0,066564947;0,233589881;-0,203345316;-0,066553365;0,27646995;0,059131124;-0,06656036;-0,315965143;0,038382581;-0,066563829;0,222667472;-0,066556762;-0,06655895;0,332740752;0,246601853;-0,066553997;-0,510347909;-0,066554361;-0,245934797;0,352777793;-0,066551782;0,151379722;-0,332695506;-0,06655899;-0,066559728;-0,066556498;-0,066565291;-0,163589918;-0,256663781;-0,066563505;0,161260729;-0,066555725;0,086192042;0,248573704;0,316451419;0,179558303;0,052658054;0,264619321;0,197134286;0,222908424;-0,066557856;-0,248386324;-0,066551368;-0,410049603;-0,18803226;-0,161601798;-0,389647031;-0,334603915;-0,28425152;-0,349575164;0,203385196;-0,066563052;-0,472184381;-0,066562066;-0,345265623;-0,451068727;-0,142103464;-0,308111866;0,071347529;0,258273732;0,029389177;0,1706166;-0,326053373;-0,061008467;0,194545426;-0,066559435;-0,317219623;-0,066564199;-0,066563473;0,472216135;-0,066557085;-0,066564159;0,241628091;-0,303027294;-0,066566002;-0,1652225;-0,066560055;0,116499135;0,062333328;-0,319172586;-0,066555989;0,239594332;0,233247868;-0,058206634;-0,314048102;0,23425646;-0,242368461;-0,066554788;-0,066558133;-0,356759294;-0,066879378;0,370346501;-0,331914391;0,176161637;0,01402961;-0,066558077;-0,066553009;0,3136619;-0,066557793;-0,228648437;0,116156443;0,226328234;-0,06656247
-1,901416236;-0,063753601;0,190065743;0,127480801;-0,46082231;-0,063752875;-0,234394154;-0,409518697;0,229844851;-0,063754455;-0,534193708;-0,180259207;0,24854005;-0,349703901;0,183078724;0,179859055;0,178776296;-0,224833307;0,164092638;0,352226273;-0,259486657;-0,154182918;-0,249619713;-0,063754028;-0,063754358;0,046450224;-0,540383824;-0,271193033;-0,063751499;-0,176635113;-0,268598307;-0,063753199;0,108055824;-0,063750873;-0,301786893;-0,221280594;0,157371831;-0,063753136;0,30164491;-0,063754428;-0,063749127;0,309199229;0,246524148;-0,419148941;-0,155787003;0,270562445;-0,063752078;-0,234672881;-0,063752874;0,123457154;0,268417395;0,242165391;0,195062003;-0,063752915;-0,279949729;-0,0733688;-0,063752055;-0,063754475;-0,193627726;0,152238498;0,209173068;-0,223140796;-0,349186936;-0,392496347;0,131014238;-0,182360308;0,098121716;0,211637795;-0,063750046;0,130439793;0,264134809;-0,063753879;-0,063750739;-0,264676386;-0,063750607;0,159241842;0,010905328;0,08115115;0,146895923;-0,063752726;-0,358397402;-0,063751277;0,136167871;0,313074344;0,219422141;0,221083528;-0,063750909;-0,06375342;-0,173211761;0,160602391;-0,336947027;-0,297611605;-0,063749435;0,14118476;0,265553947;-0,237723176;-0,235206581;-0,063752659;0,21688097;-0,317643917;-0,474217151;0,051146398;-0,063753682;-0,226428582;0,104615804;-0,295361668;-0,323403701;0,312669892;0,169674735;-0,314334371;-0,292192158;0,112760629;-0,17001081;0,102960577;0,15816911;0,187583392;-0,063753842;-0,270011093;-0,063754393;-0,317760067;0,12074256;0,100906274;-0,063754518;-0,353954088;-0,063753578;-0,063753752;-0,206730427;-0,06374972;0,210233098;-0,255997199;-0,063753698;-0,063751735;-0,063754008;0,190513887;0,310297621;-0,063750068;0,11769399;-0,255560722;-0,06375252;0,209528908;0,231252429;-0,063753654;0,166466935;-0,063751287;-0,063752044;-0,237561975;0,096238937;-0,063750298;-0,233397823;-0,063750431;-0,312423714;-0,271016377;-0,063749481;0,166741552;-0,387697491;-0,063752058;-0,063752308;-0,063751194;-0,063754117;-0,162366078;-0,299471275;-0,063753551;-0,351003439;-0,06375092;-0,480112841;-0,198009887;0,132529168;0,116239187;0,16027704;0,117619818;0,21315265;0,16333456;-0,063751668;-0,33122308;-0,063749326;0,20205298;-0,139800296;0,308589221;-0,335225452;-0,046002209;0,197484473;-0,197193115;-0,414599371;-0,063753405;-0,193543685;-0,063753085;0,271496159;-0,308033464;-0,434595772;-0,193006372;0,074797707;-0,005567194;0,190456675;0,189823962;-0,167831415;-0,046016359;-0,290380105;-0,063752209;0,232161168;-0,063753772;-0,06375354;0,178016648;-0,0637514;-0,06375376;0,363841216;0,280966259;-0,063754338;-0,22192669;-0,063752418;0,105781059;-0,038765082;0,203840377;-0,063751014;0,142997241;-0,092056407;-0,045467259;0,317361826;-0,374803091;0,256094452;-0,063750585;-0,063751764;-0,412950146;0,06838987;-0,131057105;0,177170979;0,10576654;0,041477071;-0,063751744;-0,063749937;-0,38479971;-0,063751646;-0,327912486;-0,242006;-0,279900776;-0,063753217
-2,669551679;-0,091487098;-0,281821198;0,128544127;0,032913161;-0,091477506;-0,245085876;0,077423507;0,199163794;-0,091498739;-0,021857134;0,205123231;0,047544365;-0,320510413;-0,486880683;-0,340305898;0,06296178;-0,226077111;0,387045063;-0,471207942;0,146581461;0,183589198;0,196280893;-0,091492867;-0,091497387;-0,349251524;-0,015912297;0,097901103;-0,091460056;0,151294978;0,270678685;-0,091481755;-0,307546975;-0,091452402;-0,209695355;-0,165915655;0,250482281;-0,091480922;0,315124061;-0,091498362;-0,091431863;0,214417633;-0,316599914;0,160575685;0,313477994;-0,037909094;-0,091467295;0,360404635;-0,091477491;-0,051112043;-0,34350247;-0,318968014;-0,226148055;-0,091478034;0,222235726;0,189179665;-0,091467002;-0,09149902;-0,026726939;0,183973695;0,524034577;0,202803958;-0,484437748;-0,321568036;0,446094832;-0,334004945;-0,342463249;-0,521493561;-0,091442518;0,313741718;0,188303848;-0,091490843;-0,091450782;0,072839083;-0,091449192;-0,365259056;-0,541778758;-0,050586196;0,286986295;-0,091475579;0,314268203;-0,091457317;-0,582365648;0,030123248;-0,286881805;-0,461753187;-0,091452832;-0,091484681;0,522489625;-0,360818263;-0,431259313;0,043634051;-0,091435396;0,20275316;0,267206087;-0,217796274;-0,436220868;-0,091474716;-0,194234858;-0,406206096;-0,063121586;0,067482725;-0,091488176;0,390982974;0,111140687;0,079521198;0,083269436;0,050047822;0,174659359;0,161784726;0,34389968;-0,13731008;-0,527185762;0,355561732;0,380388805;0,16187081;-0,091490332;0,538965434;-0,091497878;-0,438805712;0,092289419;0,032262037;-0,091499604;0,018169571;-0,091486779;-0,091489123;0,166844852;-0,091438701;0,177049837;-0,161528801;-0,091488389;-0,091462982;-0,091492599;-0,359016346;-0,270617407;-0,091442779;0,383536367;0,005574141;-0,091472926;-0,126074389;-0,195005134;-0,091487811;-0,226557513;-0,09145744;-0,091466863;0,433561057;0,289708317;-0,09144551;0,112263968;-0,091447083;-0,315833853;0,215676767;-0,091435933;-0,241360135;-0,456221764;-0,091467037;-0,091470211;-0,091456301;-0,091494071;-0,371555175;-0,366652025;-0,091486425;0,165778998;-0,091452971;-0,15867828;-0,036283474;-0,486216308;0,233263737;-0,434172868;-0,258233746;-0,034057308;-0,379501606;-0,091462154;0,141632292;-0,091434142;0,185772362;0,239153451;0,045041436;0,25784389;-0,369544559;-0,478568903;0,07890411;-0,142214512;-0,09148448;0,261366186;-0,091480254;0,292480363;0,090036625;0,169624718;0,380551324;-0,332408002;-0,101672948;-0,190516123;-0,354275924;0,384131219;-0,0831433;0,041405629;-0,091468949;-0,300671408;-0,091489397;-0,091486284;0,391629857;-0,091458831;-0,091489224;0,3260514;0,228142931;-0,091497111;0,137500321;-0,091471616;-0,358687378;0,094683989;-0,320372063;-0,091454107;0,179885833;-0,401994396;-0,085516725;0,277429119;0,327363382;0,274720333;-0,091448926;-0,091463348;0,174181116;0,403919629;-0,578159638;0,340835271;0,343808161;-0,038168724;-0,091463106;-0,09144124;0,229263894;-0,091461882;0,179451105;-0,195197666;-0,252650408;-0,091481984
-2,031266868;-0,07481978;0,102862522;0,22193851;-0,509474246;-0,074811111;0,122364881;-0,162992267;0,170367505;-0,07483025;-0,505839392;0,208053613;-0,343652684;-0,250887145;0,067071191;-0,253121473;-0,302311885;-0,187434332;0,293101507;0,114281977;0,228705213;0,253931625;0,31119148;-0,074824975;-0,074829036;-0,462683482;0,038160705;0,066448184;-0,074795248;0,12269363;-0,175619714;-0,074814955;0,267100547;-0,074788252;0,186725197;-0,173887643;0,13615203;-0,074814202;0,158489512;-0,074829911;-0,074769367;0,117923684;0,328502171;-0,283527827;-0,189773853;0,091149985;-0,074801843;0,310372734;-0,074811097;0,002638292;-0,466542723;0,096528953;-0,329144839;-0,074811589;-0,455201263;0,208534754;-0,074801576;-0,074830501;0,044455699;-0,328924198;0,135489548;0,113322359;0,234307374;0,20311694;0,16713218;0,192920449;0,106755556;0,025008273;-0,074779185;-0,233089989;-0,360930483;-0,074823154;-0,074786769;0,278018616;-0,074785312;0,057418643;0,122322954;0,023684468;-0,22154736;-0,074809365;-0,197993688;-0,074792747;0,1134116;-0,019280709;0,251813808;-0,369456465;-0,074788646;-0,074817598;0,287872693;0,000720017;-0,320937168;0,080574185;-0,074772628;0,155904326;-0,279730101;-0,24807902;-0,183016364;-0,074808583;-0,022812144;-0,167931327;-0,028000484;-0,43564339;-0,074820751;-0,394022171;0,134726994;0,002928634;-0,32236266;-0,383714645;0,134934029;0,293161616;0,199753234;0,099110034;0,208102025;-0,446829026;0,143684916;-0,020423272;-0,074822693;0,147530931;-0,074829477;0,20616001;0,197906618;0,084721659;-0,074831026;0,250830716;-0,074819492;-0,074821605;-0,270360311;-0,074775673;0,108926857;0,021198802;-0,074820943;-0,074797916;-0,074824734;0,271847154;-0,269630419;-0,074779424;0,182818332;-0,464656669;-0,074806959;0,145147871;0,075739017;-0,074820422;-0,259437871;-0,07479286;-0,07480145;0,174330181;0,15285314;-0,074781934;0,374035583;-0,074783377;0,193089928;0,183188206;-0,074773123;-0,33910873;-0,021107609;-0,074801608;-0,074804494;-0,074791819;-0,074826058;-0,208567536;-0,191265417;-0,074819172;-0,249965128;-0,074788773;0,215252521;-0,338830734;0,148462172;-0,37619344;0,177173752;0,303731425;-0,414438027;-0,260149384;-0,074797162;-0,447002751;-0,074771471;0,311289596;-0,268748568;-0,070534643;-0,221555511;-0,289351787;-0,312880218;-0,383377235;0,137091871;-0,074817417;0,21336152;-0,074813598;-0,270010509;-0,276643335;0,16652555;-0,120928558;0,210792117;0,238884972;-0,246408496;0,129447127;0,223036317;-0,022523164;0,116763729;-0,074803348;0,266560501;-0,074821852;-0,074819045;0,289406587;-0,07479413;-0,074821696;-0,293563944;0,270996288;-0,074828788;-0,422443371;-0,07480577;-0,354022935;-0,510092962;0,313004818;-0,074789813;0,151827145;-0,087542045;-0,055245139;-0,351432919;-0,146852121;-0,236631058;-0,074785067;-0,07479825;0,257091566;0,076793679;-0,391702199;0,16610199;0,104169407;-0,025065577;-0,074798029;-0,074778009;-0,411023988;-0,074796913;0,049042951;0,140078223;-0,200313483;-0,074815162
-1,91248055;-0,065085261;-0,018554226;-0,266206225;-0,549050684;-0,065072351;0,327331255;-0,122990525;-0,173640719;-0,065100965;-0,016521553;0,201891121;-0,272432598;0,211469452;-0,233807621;0,088561146;0,097314955;0,164781614;0,05482118;0,146992802;-0,310086893;0,334082779;0,190247684;-0,065093038;-0,065099138;-0,448977128;-0,055338017;-0,423471932;-0,065048939;0,256210008;0,225980834;-0,065078066;0,357053738;-0,065038698;0,362338025;-0,484047305;0,227453684;-0,065076945;-0,053829934;-0,065100455;-0,065011306;-0,239566251;0,233721288;0,434685352;0,129812089;0,5028276;-0,06505864;-0,209915772;-0,065072331;-0,403364439;0,055547325;0,119866968;0,048981103;-0,065073061;0,153997762;-0,340805844;-0,065058246;-0,065101344;-0,389245909;-0,351368937;-0,175459454;-0,372850223;0,264087161;-0,267082635;0,256114309;0,257705172;-0,028484927;-0,560657158;-0,065025501;-0,371841507;-0,019050467;-0,065090308;-0,065036533;0,17752738;-0,065034408;0,3812045;-0,452132123;-0,383156033;-0,59095565;-0,065069761;-0,533215714;-0,065045271;0,03612226;-0,409931371;0,228404984;0,190264683;-0,065039272;-0,065082005;0,15856271;-0,11803223;0,06734692;0,064920966;-0,065016009;-0,141256969;0,074241586;0,097233225;-0,559533933;-0,065068602;0,264374442;0,105441905;-0,040214733;-0,40718305;-0,065086713;0,268705188;-0,292449576;0,334359607;0,001899904;0,300240229;0,367850991;-0,225657055;0,357397381;-0,483587216;-0,037584019;0,242972067;-0,198829279;-0,479767587;-0,065089619;0,552278599;-0,065099802;0,164508922;-0,319765472;0,423166335;-0,065102133;-0,027530133;-0,065084831;-0,06508799;-0,56455301;-0,065020411;-0,207631152;-0,002421676;-0,065087;-0,065052858;-0,065092676;0,114990202;0,136103515;-0,065025848;-0,085437599;-0,481847761;-0,065066197;0,432598394;-0,306826896;-0,065086222;0,19164336;-0,065045437;-0,06505806;0,294030519;0,256278444;-0,065029492;0,140310037;-0,065031592;-0,535662692;-0,152972986;-0,065016724;-0,297507661;0,283867129;-0,065058294;-0,065062553;-0,065043912;-0,065094663;0,053907526;-0,304690803;-0,065084353;-0,599615772;-0,065039458;-0,532271305;-0,420796216;-0,460083347;-0,149006264;0,051862351;-0,113566763;-0,533214569;0,109199902;-0,065051748;0,145044392;-0,065014339;-0,163513319;-0,241444811;0,204304903;-0,247867548;0,044532492;0,267638104;0,062627511;-0,407485378;-0,065081734;-0,487266598;-0,065076047;-0,007322083;-0,425049566;0,26271023;0,053580332;-0,275326621;0,442499352;-0,589857741;0,320469977;0,430200109;0,435788008;-0,399324935;-0,065060859;-0,035395678;-0,065088359;-0,065084164;-0,069775897;-0,065047299;-0,065088126;-0,160623235;0,256938641;-0,065098765;-0,002813792;-0,065064438;0,108933735;-0,269484776;0,024522712;-0,065040978;-0,069647372;-0,286316648;-0,055698192;-0,212434573;-0,300752731;0,018397114;-0,065034052;-0,065053349;-0,251386365;-0,004779347;0,2361762;0,210941104;0,15901682;-0,477221227;-0,065053024;-0,065023796;0,109271739;-0,065051384;0,327846503;-0,375732074;-0,15092144;-0,065078375
-1,839341701;-0,062874984;0,200166521;-0,561632464;-0,328214222;-0,062868059;-0,487502489;-0,289783386;-0,16005878;-0,062883404;-0,018626139;0,113505199;-0,256212558;0,181554041;-0,151196784;0,192856996;0,196960037;0,117635333;0,170938328;-0,547057053;-0,311838883;-0,136017818;0,02154103;-0,062879154;-0,062882425;0,28494735;0,021906354;-0,227042388;-0,062855496;-0,36171508;0,081357823;-0,062871125;0,035042143;-0,062849998;0,220197323;-0,391116479;-0,599803636;-0,062870524;0,158369964;-0,062883131;-0,062835284;-0,184931246;-0,239248199;-0,288339314;0,120695967;0,413772211;-0,062860703;-0,164284401;-0,062868049;-0,329420989;-0,02815696;0,165280783;0,081076456;-0,06286844;0,186027481;-0,282912741;-0,062860492;-0,062883608;-0,344474039;0,152506772;-0,091956471;-0,247483078;-0,259591995;-0,306384575;-0,196917603;0,212799794;0,077620749;0,114781;-0,06284291;0,189771488;0,179082116;-0,062877691;-0,062848835;-0,445264427;-0,062847694;0,394600783;0,207084881;-0,3127524;0,164379169;-0,06286667;0,169770603;-0,062853527;0,182223053;-0,160275614;-0,467997649;0,182561623;-0,062850306;-0,062873238;-0,184066302;0,127686058;-0,581811384;-0,374072832;-0,062837811;-0,14589527;0,024006478;0,173730522;0,20363835;-0,062866048;0,218496565;-0,527056705;-0,014898291;0,422153675;-0,062875763;0,447928804;-0,271190272;-0,307799638;0,04366704;0,167742588;-0,364469853;-0,293484577;-0,329731116;0,275857866;0,119393459;0,021527196;-0,171681129;0,329523536;-0,062877321;-0,216240696;-0,062882781;0,22877631;-0,376562818;0,367838438;-0,062884031;0,027789846;-0,062874754;-0,062876448;0,292575417;-0,062840176;-0,187136694;0,061678886;-0,062875917;-0,062857599;-0,062878961;-0,54581913;0,059948883;-0,062843097;-0,333427475;-0,055812164;-0,062864758;0,433284685;-0,45068674;-0,062875499;0,169626698;-0,062853616;-0,062860391;0,377553215;-0,221854616;-0,062845054;-0,363047913;-0,062846182;-0,425507236;-0,285690922;-0,062838195;-0,127703432;0,215996545;-0,062860517;-0,062862802;-0,062852797;-0,062880026;-0,561494776;-0,178148962;-0,062874497;0,164832323;-0,062850406;-0,588333342;0,590810405;-0,296513649;0,222369516;0,102836562;-0,195054985;0,348571458;0,051707261;-0,062857004;0,219191842;-0,062836914;-0,223120019;-0,105469465;0,140343876;0,539150796;-0,003151541;0,167145842;0,072261473;-0,301709823;-0,062873093;-0,23799533;-0,062870042;0,239589724;0,360880663;0,130012034;-0,323281195;-0,546685225;-0,1978569;-0,518143182;0,16219006;-0,235386648;-0,483601994;-0,111960248;-0,062861894;-0,378382586;-0,062876646;-0,062874396;-0,126983554;-0,062854615;-0,062876521;-0,140637798;0,357742588;-0,062882225;0,070376409;-0,062863814;0,006725515;0,149865832;0,17297459;-0,062851222;-0,258642908;-0,334862093;-0,056857772;0,445887949;0,440836559;0,131318263;-0,062847503;-0,062857863;-0,200118937;0,127793727;0,084115482;0,232900649;-0,004436002;-0,347482241;-0,062857689;-0,062841994;0,060130602;-0,062856808;-0,286825771;-0,298654426;-0,351995686;-0,062871291
-2,055223463;-0,072667108;-0,173270663;-0,348763294;-0,505727502;-0,072654411;0,121216093;-0,381470839;-0,230491886;-0,072682524;0,026209167;-0,248124266;0,248441686;-0,325835825;0,210504054;0,343751823;0,189482275;0,256654414;0,220824551;-0,339050929;0,232823268;-0,205642718;0,241331469;-0,072674746;-0,072680732;0,219679847;0,045935577;-0,224937507;-0,072631331;0,345907484;0,274927368;-0,072660034;-0,410449187;-0,072621213;-0,003411983;-0,342749101;-0,302059139;-0,072658932;-0,325326216;-0,072682024;-0,072594083;0,149612098;0,267115455;0,223538566;-0,345524978;0,313135807;-0,072640903;0,258230684;-0,072654392;-0,416787653;0,110544671;-0,219095295;0,18827695;-0,07265511;-0,304920488;0,126736553;-0,072640515;-0,072682895;0,115129626;0,310257763;0,318490414;-0,256899735;-0,330160174;-0,48228655;-0,190764355;0,366150156;-0,35038306;-0,414402376;-0,072608154;0,209203953;-0,157639143;-0,072672066;-0,072619072;0,075755349;-0,072616971;0,151210342;0,206458763;0,051454164;-0,425767476;-0,072651861;-0,267312982;-0,072627709;0,185702963;-0,358438458;0,420465474;0,236425472;-0,072621781;-0,072663908;-0,167458499;-0,394882807;-0,359189433;-0,393468289;-0,072598748;-0,131778327;-0,10279166;0,136266252;-0,079093254;-0,07265072;-0,013910214;0,256675626;0,013735956;0,028498736;-0,072668535;0,161455531;0,01091216;0,134089719;0,109323661;0,336221054;-0,093563481;0,176487549;0,156304324;-0,163890419;0,093388208;0,163816018;-0,129453241;-0,45844047;-0,072671389;-0,192295325;-0,072681383;-0,21266141;0,082352801;0,236669948;-0,07268367;0,068224339;-0,072666685;-0,072669789;0,144694333;-0,072603112;0,067918665;0,062068608;-0,072668817;-0,072635199;-0,072674392;0,260720565;0,130509026;-0,072608498;0,231425169;-0,371913504;-0,072648351;0,320323379;0,188376026;-0,072668052;0,160257979;-0,072627872;-0,072640331;0,194893796;-0,039597636;-0,072612106;0,210805502;-0,072614184;-0,268920038;-0,407217545;-0,072599457;0,210413284;-0,269988166;-0,072640561;-0,07264476;-0,072626367;-0,072676341;-0,196512982;0,301554422;-0,072666216;-0,381382778;-0,072621965;-0,252279112;0,232768206;-0,231174211;0,234095185;-0,437679862;0,2656531;-0,280601345;0,194975343;-0,072634104;-0,336709822;-0,072597093;-0,391297774;-0,148693087;-0,338153074;0,234838981;0,142363682;-0,241372626;-0,407110642;-0,156521755;-0,072663642;-0,077292855;-0,072658048;0,004596646;-0,390465186;-0,225615881;-0,380335719;0,189676079;0,154917174;0,065029708;0,003476241;-0,276472859;-0,154528683;-0,257215027;-0,072643091;0,191742042;-0,072670152;-0,07266603;-0,209281861;-0,072629711;-0,072669923;0,197869207;0,202105909;-0,072680367;-0,385531096;-0,072646619;0,209489275;0,210798813;0,262049052;-0,072623467;-0,488111457;-0,185064448;-0,065754063;-0,300789285;-0,022992248;-0,146125303;-0,072616619;-0,072635684;0,244368854;0,136664946;-0,353611479;-0,338803049;-0,431960369;-0,22140483;-0,072635363;-0,072606465;0,304770929;-0,072633745;-0,290808535;0,164804116;-0,217367389;-0,072660338
-2,249332209;-0,082169788;0,447057366;0,130238485;0,243211484;-0,082168008;0,109152484;-0,545019982;0,387050304;-0,082171964;-0,011350939;0,112489694;0,196845875;0,262797137;0,051404477;-0,100011572;0,274760048;-0,408312426;0,012307481;0,209144464;0,205415944;0,113905361;0,181354157;-0,082170864;-0,08217171;-0,337388213;0,099696282;0,146568299;-0,082164803;0,341824127;0,28719458;-0,082168795;0,494105355;-0,08216341;-0,046807139;-0,304250054;-0,32973405;-0,082168641;0,187060522;-0,082171893;-0,082159708;-0,407156982;0,003064154;0,012620149;0,079123157;0,121765811;-0,082166128;0,324840469;-0,082168006;0,074752739;0,068837077;0,158654643;-0,494686168;-0,082168106;-0,071916758;-0,492534783;-0,082166074;-0,082172017;0,029642219;0,460801027;0,039471909;0,242275754;-0,180097122;-0,037466684;0,175818988;0,375604499;0,135920018;0,174972434;-0,082161622;0,012298064;0,19888043;-0,082170486;-0,082163116;0,067470456;-0,082162828;0,459212911;-0,290667339;0,120190196;-0,573485076;-0,082167653;-0,021398703;-0,082164304;0,437209888;-0,01644857;-0,147105802;-0,281168734;-0,082163488;-0,082169338;0,280468983;-0,435759286;-0,480085733;-0,009133881;-0,082160341;-0,193334242;0,223338554;0,36239194;0,408222349;-0,082167493;0,376048813;-0,246190101;-0,070832378;-0,041887874;-0,082169989;-0,51448124;-0,583438996;0,197624091;0,229442046;0,286624731;-0,35525646;-0,317334991;0,27157303;-0,374749177;-0,305682129;-0,300663658;0,453812441;-0,049427443;-0,082170391;0,351652604;-0,082171802;0,408939818;0,103317977;0,108547537;-0,082172127;0,117043401;-0,082169728;-0,082170165;0,024021755;-0,082160935;-0,454489825;0,112705487;-0,082170028;-0,082165338;-0,082170814;-0,227844405;-0,546705564;-0,082161669;-0,369240267;0,315546069;-0,082167163;0,07802574;-0,415868422;-0,08216992;-0,244372046;-0,082164326;-0,082166049;0,219637124;-0,316342228;-0,082162162;0,244234054;-0,082162446;0,336870296;0,105454324;-0,082160438;0,008989023;-0,092517375;-0,082166081;-0,082166664;-0,082164119;-0,082171089;0,405939748;-0,453036924;-0,082169663;-0,286308299;-0,082163513;-0,463830178;0,232379185;-0,300303274;0,030752136;-0,587308087;-0,244719951;-0,582018475;-0,573970229;-0,082165186;0,124163762;-0,082160117;-0,128842965;0,329277315;-0,498616598;-0,370505418;0,226444765;0,460286625;0,12824314;-0,489180003;-0,082169301;0,265981085;-0,082168517;-0,228199325;0,21422317;0,110432776;-0,515157442;-0,46214493;0,205917592;-0,280944701;-0,34397904;0,212469196;-0,349824806;0,272870791;-0,082166432;-0,540171204;-0,082170216;-0,082169636;-0,298389238;-0,08216458;-0,082170184;-0,053871337;-0,489972731;-0,082171659;0,076519575;-0,082166922;-0,041729733;-0,212042485;-0,261185376;-0,08216372;-0,528599868;0,351507516;-0,091253546;0,355003553;-0,270049472;0,228305869;-0,08216278;-0,082165405;0,027181123;0,166164732;0,361049224;-0,284605336;-0,581115736;0,115851528;-0,08216536;-0,082161392;0,299111151;-0,082165137;0,008710403;-0,439425241;-0,154429911;-0,082168838
-2,144771046;-0,073669822;0,208671733;0,312849369;-0,457191175;-0,073658532;0,329667138;-0,350253872;-0,136285464;-0,073683547;-0,020804602;0,321532004;-0,256769211;0,038760975;-0,209010814;0,100227623;0,230971796;0,159131968;0,297404796;0,433976226;-0,102016559;-0,293115736;0,202341247;-0,07367662;-0,073681951;0,395271067;0,026582335;-0,106358631;-0,073638042;-0,27527905;0,086524772;-0,07366353;0,056223382;-0,073629073;0,229088985;0,503090896;0,346102165;-0,073662551;0,178601144;-0,073683101;-0,073605064;-0,110177463;0,021138764;-0,471819993;0,102662446;-0,423611494;-0,073646535;-0,209079666;-0,073658515;-0,252035573;0,016911393;0,044237778;0,064989831;-0,073659153;-0,206788557;-0,383468992;-0,073646191;-0,073683878;-0,217135856;-0,363450296;-0,094368087;-0,234486041;0,196426621;-0,505373687;-0,444221957;0,294483264;0,017372592;0,178958662;-0,073617509;0,268523785;0,307533666;-0,073674234;-0,073627177;0,273968037;-0,073625315;-0,451952447;0,324763244;-0,251135234;0,167322863;-0,073656266;0,227077996;-0,073634831;0,199845934;-0,166768167;0,478223926;0,128239078;-0,073629577;-0,073666975;-0,194746456;0,261434949;0,356053806;-0,387296592;-0,073609188;-0,136604991;0,13634002;0,073418128;0,31205056;-0,073655252;0,222472695;0,314158204;-0,002543529;-0,520165736;-0,073671091;-0,533881978;-0,416839183;-0,340613903;0,049882829;0,224815098;-0,456407708;-0,209164308;-0,508135004;0,344369304;0,227188757;0,232570708;-0,159915901;-0,526998413;-0,073673631;-0,343633322;-0,073682531;0,263607928;-0,272712255;-0,594775001;-0,073684568;0,017223931;-0,073669446;-0,073672208;-0,608951932;-0,073613048;-0,201254877;0,157505422;-0,073671342;-0,073641473;-0,073676304;0,374051386;0,095670712;-0,073617814;-0,173615855;-0,064333642;-0,073653148;-0,642532642;0,522293994;-0,073670662;0,110521749;-0,073634975;-0,073646027;-0,626588671;-0,429096422;-0,073621008;-0,253963476;-0,073622848;0,347893364;-0,231511898;-0,073609815;0,452727184;0,157824987;-0,073646232;-0,073649959;-0,073633641;-0,07367804;0,389153235;-0,250578575;-0,073669028;0,239702084;-0,073629739;0,382752199;-0,402317616;0,556277078;0,230130713;0,103419776;-0,153623749;-0,678209866;0,039675422;-0,073640502;0,174358192;-0,073607724;-0,324065218;-0,096420083;-0,033768556;-0,455469546;-0,000202198;0,088959874;0,091835658;-0,520538043;-0,073666738;-0,166128224;-0,073661765;0,383499856;-0,502367609;-0,258142827;-0,526495563;0,416468173;0,291446688;0,466265444;-0,499758405;-0,275823374;0,437174996;-0,17402688;-0,073648477;-0,3817538;-0,073672531;-0,073668863;-0,098545656;-0,073636606;-0,073672326;-0,03533518;-0,442818525;-0,073681625;0,058979047;-0,07365161;-0,00505852;0,267176141;0,389093934;-0,07363107;-0,235169693;0,680799937;-0,065081148;-0,41347276;-0,529516872;0,125878962;-0,073625003;-0,073641903;-0,133730654;-0,033653513;0,118103232;-0,607708354;0,110290354;-0,33334809;-0,073641619;-0,073616015;0,153567877;-0,073640183;-0,319842176;-0,20612018;-0,347420107;-0,073663801
-2,272891955;-0,075921878;-0,245280145;-0,343258579;-0,220294001;-0,075909549;0,157022024;0,048299795;0,187056644;-0,075936866;0,005997435;0,268756975;0,165404828;-0,347760415;-0,341663303;0,304257739;0,221207005;-0,202876518;-0,351273464;-0,350751872;0,04969988;0,267313546;0,043928741;-0,075929302;-0,075935123;0,18844488;0,020654764;0,132781691;-0,075887174;0,386534349;0,198727361;-0,075915008;0,161729547;-0,07587738;0,20690666;-0,221185947;-0,291946109;-0,075913938;-0,340172948;-0,07593638;-0,075851162;-0,311236496;-0,074260539;0,253460081;0,201015743;0,307882348;-0,075896448;0,262952116;-0,075909531;0,043558507;0,106501859;0,321998523;0,239266047;-0,075910228;0,22445432;0,059708651;-0,075896072;-0,075937228;0,152604686;0,202271784;-0,222959916;-0,384334583;0,217662013;-0,260779811;0,175774086;-0,307833163;0,183400641;-0,380686272;-0,075864752;0,186689793;0,119963197;-0,075926697;-0,075875309;0,108535246;-0,075873276;-0,281292969;0,198853285;0,075568549;0,129331682;-0,075907075;0,111535808;-0,075883667;0,086378389;-0,357316534;-0,3015788;-0,338062128;-0,07587793;-0,075918769;-0,163110982;-0,188545632;-0,257009849;-0,32507824;-0,075855665;-0,339206268;0,208467151;-0,284264095;0,188400602;-0,075905968;-0,270419918;0,280969212;0,023249891;0,002110457;-0,075923265;-0,249966776;0,168616081;-0,381931495;-0,391286093;-0,272887697;0,211549478;0,16212996;-0,283383504;-0,251014518;-0,273209174;0,153921737;0,088972699;0,171912891;-0,075926038;-0,119375152;-0,075935757;0,268327548;0,070082092;0,055832562;-0,075937981;0,175618191;-0,075921468;-0,075924484;0,033523821;-0,07585988;-0,350914175;-0,300128959;-0,075923538;-0,075890921;-0,075928957;0,203253437;-0,275310164;-0,075865084;0,163659543;0,122256535;-0,07590367;0,102097819;-0,323039425;-0,075922796;0,216056669;-0,075883825;-0,075895894;-0,264866192;-0,351589128;-0,075868572;-0,331668352;-0,075870581;-0,284840748;-0,375528668;-0,07585635;-0,251758193;-0,077932126;-0,075896117;-0,075900188;-0,075882368;-0,075930852;-0,235468099;0,29632379;-0,075921012;0,034434339;-0,075878107;0,056446964;0,227996142;0,235378033;0,005915655;-0,377257412;0,124155786;-0,34565868;-0,332677395;-0,075889861;0,119377992;-0,075854067;-0,35428605;0,34966061;-0,14446344;0,19049243;0,21715797;0,087067234;0,22290734;-0,379736745;-0,075918511;-0,298117486;-0,07591308;0,194697214;0,130962001;0,0440201;-0,112538362;0,149273056;-0,269255695;-0,378156636;-0,306388502;-0,160892483;-0,04710954;-0,376203918;-0,07589857;-0,192311552;-0,075924836;-0,075920831;0,320639198;-0,075885606;-0,075924613;-0,231130911;0,216965068;-0,075934768;0,227589698;-0,07590199;0,12011742;-0,002621635;-0,187232343;-0,075879561;0,200271557;-0,324561343;-0,069784061;0,232767588;-0,387127418;0,241070858;-0,075872936;-0,075891391;-0,266823541;-0,409592259;0,113470945;-0,27189528;-0,376675503;0,019351311;-0,07589108;-0,07586312;0,186139448;-0,075889512;0,214938434;-0,35302932;0,16578437;-0,075915303
-2,005119751;-0,070468878;0,056114516;-0,168111657;0,076411605;-0,07046745;-0,446682465;-0,109899586;-0,27376225;-0,070470574;0,073891386;-0,414801078;-0,242642369;0,029136787;0,225715197;0,140913538;0,016098206;-0,391282181;0,203133011;-0,364387773;-0,212809043;0,268450926;-0,372431244;-0,070469724;-0,070470379;0,041593959;-0,023965112;0,350881768;-0,070464782;-0,359308673;-0,356000401;-0,070468086;-0,33949729;-0,070463583;-0,323540022;0,206176558;0,124118596;-0,070467962;-0,080818534;-0,07047052;-0,070460279;-0,342021702;0,124532038;-0,024563006;0,335771021;-0,349636908;-0,0704659;-0,242036313;-0,070467448;0,194983057;0,041795463;-0,056684868;0,127280074;-0,07046753;0,17617421;0,180525326;-0,070465855;-0,070470615;-0,411690123;-0,382474408;-0,268408052;0,336186869;0,245023658;0,201779747;0,227044812;-0,276999095;-0,032161422;0,196655929;-0,070462009;-0,371350677;-0,319178913;-0,070469428;-0,070463327;-0,307943159;-0,070463075;0,062147905;0,260853624;-0,449510443;0,254376784;-0,07046716;-0,394275922;-0,070464355;0,019342118;0,30352296;0,223792137;0,165437237;-0,070463651;-0,070468521;0,282773418;0,113179662;0,188961578;0,109496785;-0,070460856;-0,333150409;-0,414688174;-0,452165875;-0,275926302;-0,07046703;-0,017487709;-0,404252559;0,062869454;-0,347514361;-0,070469037;0,234528;0,23496391;0,170025738;0,164572946;-0,305909504;0,179811401;-0,106484876;0,153328497;0,046918185;-0,291636873;0,205417235;0,362965033;0,191045952;-0,070469354;0,322418914;-0,07047045;-0,054472874;-0,353752526;0,185452723;-0,070470699;0,091359991;-0,070468831;-0,070469176;0,20785643;-0,070461393;-0,328253219;-0,024465353;-0,070469069;-0,070465236;-0,070469685;0,16468428;0,10135204;-0,07046205;-0,331439397;0,239233359;-0,070466759;0,044340848;-0,291680888;-0,070468983;-0,355689662;-0,070464374;-0,070465834;-0,415467134;-0,145385206;-0,070462488;-0,002922822;-0,070462739;0,244186335;-0,016269341;-0,070460944;-0,300705265;0,272038259;-0,07046586;-0,070466346;-0,070464196;-0,070469899;0,224159698;0,22413468;-0,070468779;-0,365352704;-0,070463673;-0,225122655;-0,290442106;0,238165227;-0,2941032;0,124415932;0,133626726;0,280098973;-0,231041882;-0,070465108;-0,410489332;-0,070460652;0,297283526;-0,202145297;0,371424199;-0,219841455;0,149405484;-0,040265406;0,227707888;0,068558144;-0,070468491;0,27987521;-0,070467862;0,270011775;-0,133223464;0,235016172;0,202402949;-0,343083851;-0,345075527;-0,126426583;0,006293047;-0,425114573;-0,217891875;0,209141861;-0,070466153;0,160672509;-0,070469217;-0,070468758;-0,322799108;-0,070464591;-0,070469191;-0,30150482;0,12408343;-0,070470339;0,191298107;-0,07046656;-0,449838447;-0,387741193;0,205076402;-0,070463851;-0,362798445;-0,224358762;-0,015949518;-0,21504054;0,338844728;0,014819923;-0,070463032;-0,070465292;-0,238943396;-0,084268247;-0,444726188;0,2063837;0,258507006;0,210484539;-0,070465255;-0,070461803;0,087369164;-0,070465065;-0,058190187;-0,173250476;-0,25548755;-0,070468121
-1,866950027;-0,070004114;0,141511749;0,178691235;-0,278744397;-0,070070593;-0,309325879;0,138310509;0,202813411;-0,069923972;-0,404457966;-0,2652613;-0,244673323;-0,182909749;0,049203235;0,206561338;0,176802742;0,296969441;-0,36718362;0,195068616;-0,286234042;0,168126913;-0,288284255;-0,069964328;-0,069933252;0,132713374;0,029712669;0,171957842;-0,070192519;0,252005149;-0,163601533;-0,070041099;-0,296946598;-0,070246409;-0,295362726;0,202313175;0,122740652;-0,070046873;-0,32377294;-0,069926561;-0,070392232;0,181335985;0,225187061;0,09984559;-0,217766275;0,175068044;-0,070141781;-0,14115903;-0,070070694;0,03824382;-0,297470729;0,170533546;0,119868296;-0,070066922;0,196262829;0,081838961;-0,070143833;-0,069922047;0,147123444;-0,210484852;0,188478915;0,164524561;0,130444629;0,182822648;-0,393800342;0,25039146;0,046061595;0,175749978;-0,070316358;-0,240761096;-0,290257535;-0,069978269;-0,070257845;-0,303622988;-0,070269083;0,073945594;0,122043766;0,083527552;-0,273079079;-0,070083994;-0,18963188;-0,070211779;0,052530265;0,119203098;0,14173754;0,122055522;-0,070243376;-0,070020831;-0,207748403;0,088153716;0,222293454;-0,183578331;-0,070367021;-0,24533149;-0,219459681;-0,188546735;-0,123078236;-0,070089998;0,145615995;-0,187489177;0,08012682;-0,368584441;-0,069996671;-0,30339298;0,041357205;0,095307392;-0,297973367;0,245511318;0,08845418;-0,248617307;-0,29095838;0,22276627;-0,170954033;-0,054593147;0,13201653;-0,339249331;-0,069981796;0,139997151;-0,069929878;0,185754936;0,123383475;0,050674024;-0,069918039;0,137260116;-0,070006321;-0,069990132;0,182205062;-0,070343486;0,134055201;-0,289035744;-0,069995202;-0,070171985;-0,069966171;0,035860201;-0,242156907;-0,070314512;0,168334806;-0,367346106;-0,070102468;0,080719495;0,174807464;-0,069999186;0,142506109;-0,070210909;-0,070144804;-0,27128682;-0,312239382;-0,070295141;-0,239097054;-0,070284002;0,203910325;-0,242304837;-0,070363195;0,200305652;0,124741767;-0,070143587;-0,070121404;-0,070218925;-0,06995604;0,257415697;0,240411961;-0,070008771;-0,255220961;-0,070242394;-0,336856122;0,231916792;0,148698175;0,090044973;-0,392661933;0,167698279;0,000744362;0,118972455;-0,070177793;0,159290321;-0,070375962;-0,249485406;-0,151980002;-0,29407299;-0,195209224;0,101816819;0,180891297;-0,283727978;0,12250291;-0,070022221;0,191859985;-0,070051506;-0,283610213;-0,168332168;-0,382520347;-0,229802067;0,084424613;-0,225881004;-0,271143584;0,05245107;-0,224682868;-0,028325555;0,198063089;-0,070130217;0,153073743;-0,06998824;-0,07000974;0,219873075;-0,070201126;-0,069989435;-0,173569013;-0,318776444;-0,069935148;-0,294038742;-0,070111601;-0,369550171;0,121805461;0,119456404;-0,07023438;0,139589954;-0,228534875;-0,040674657;-0,177331282;-0,239868546;-0,189830443;-0,070270966;-0,070169416;0,24919201;0,029013377;0,117657509;-0,313787436;-0,398906075;0,008111795;-0,070171114;-0,070325438;0,117158713;-0,070179701;0,143085231;-0,310396158;0,217589473;-0,070039507
-1,633761044;-0,060617238;-0,244491087;-0,402531806;-0,196221562;-0,060604921;-0,136350933;-0,018957409;0,279376554;-0,060632195;-0,026717336;-0,329384563;0,121102402;-0,429801724;0,331497875;0,274798347;-0,044613625;-0,273510883;0,130270209;0,378791909;0,361158766;0,366460849;-0,44530447;-0,060624649;-0,060630457;-0,431533515;-0,022664115;0,172636714;-0,06058254;0,19614772;-0,518936813;-0,060610376;-0,387442319;-0,060572732;-0,14634539;-0,341175608;0,239882828;-0,060609307;0,207878353;-0,060631711;-0,060546442;0,368631043;0,141514196;-0,483328981;-0,437563248;-0,259613323;-0,060591821;0,231497381;-0,060604903;-0,175819295;-0,273603248;-0,297060267;-0,208774698;-0,060605599;0,200371718;0,206550251;-0,060591445;-0,060632556;-0,039694467;0,271663796;-0,291009191;-0,188138108;-0,390798636;-0,251467125;-0,270395812;-0,145349393;-0,187267219;-0,339363063;-0,060560076;-0,444507235;0,376479104;-0,060622049;-0,060570657;0,150636206;-0,06056862;-0,289768962;-0,350335103;0,065732229;-0,517943056;-0,060602448;-0,341995329;-0,060579029;-0,344750634;0,064506338;0,404968393;0,262562098;-0,060573283;-0,060614133;0,470164105;0,318303565;0,2695123;0,043314832;-0,060550962;0,080458395;-0,386111522;-0,250416148;-0,187283755;-0,060601341;-0,398495769;0,211995687;-0,022341265;0,106811351;-0,060618622;-0,174928378;0,015048159;0,213221399;0,026585266;-0,268731684;0,315994796;0,168527381;0,213560773;-0,274219204;-0,404312472;0,151744114;-0,446655966;0,121154415;-0,060621391;-0,472795895;-0,060631089;-0,249749132;0,193589664;-0,259172705;-0,060633308;-0,034391643;-0,060616828;-0,060619839;0,349132548;-0,06055519;0,213843763;-0,07701962;-0,060618896;-0,060586291;-0,060624305;0,320851216;-0,089912967;-0,060560409;-0,286243522;-0,026124748;-0,060599044;0,007902261;-0,122898635;-0,060618154;-0,408358963;-0,060579187;-0,060591267;-0,256957323;0,158334777;-0,060563906;0,057769476;-0,06056592;-0,277991444;-0,328093505;-0,060551649;-0,447622733;-0,398674927;-0,06059149;-0,060595562;-0,060577728;-0,060626196;0,497198644;0,375627805;-0,060616373;0,181169164;-0,060573461;-0,125473812;0,380823261;0,04804747;-0,530568856;0,273248885;-0,349963569;0,431571927;0,398158849;-0,060585229;-0,590542697;-0,060549358;0,203255539;0,075884169;-0,040790438;0,315910256;-0,284490604;-0,400459338;0,159779849;-0,233098086;-0,060613875;0,160236873;-0,060608449;0,398969631;0,062163526;-0,524107413;0,292987369;0,059042506;0,201474494;0,042161168;-0,231230193;0,250288237;-0,086296625;-0,139355266;-0,060593943;0,502778288;-0,060620191;-0,060616193;-0,303679349;-0,06058097;-0,060619969;0,305360033;0,224389903;-0,060630102;0,17152459;-0,060597364;-0,323869009;-0,450708851;0,258301555;-0,060574917;0,178404578;0,006575565;-0,030428847;-0,163682251;-0,412900741;-0,390444497;-0,060568279;-0,06058676;0,095960838;-0,13035412;-0,506321578;0,16534764;-0,406962238;-0,106161295;-0,06058645;-0,060558439;-0,477213781;-0,06058488;0,352554729;-0,11115005;-0,356611713;-0,060610671
-2,164603125;-0,076593376;0,172261687;-0,283535765;0,243959773;-0,076603944;0,100493132;0,146754115;0,134386608;-0,076580567;-0,542134753;0,161420727;-0,193859859;-0,265482587;0,12180423;-0,249077409;0,270565654;-0,217391299;-0,244919215;0,188769652;0,182780723;0,119029129;-0,324020461;-0,076587027;-0,076582054;0,228428221;0,057266069;0,05285072;-0,076623191;-0,125336981;-0,225916671;-0,076599262;-0,343124408;-0,076631643;0,209488489;-0,193812037;0,156902444;-0,076600179;0,114744164;-0,076580982;-0,076654347;0,149614398;-0,38705484;0,052613424;-0,299167691;0,222662526;-0,076615203;-0,449673513;-0,07660396;-0,013020755;0,226380787;0,111898143;-0,274445813;-0,076603362;0,262322741;-0,512852201;-0,076615526;-0,076580258;0,053806834;-0,037952708;0,217934523;0,086541453;0,259568688;0,100885184;0,112564693;0,184854458;0,099753161;0,203029707;-0,076642564;-0,344448491;0,129657156;-0,076589254;-0,076633432;-0,487501142;-0,076635189;0,109740358;0,17282955;0,004365282;-0,23031772;-0,076606068;-0,248059243;-0,076626215;0,170786983;0,066712422;-0,288380679;0,277792302;-0,076631168;-0,076596038;0,214689862;0,209920728;-0,195639238;0,156851041;-0,076650439;0,241173175;-0,180708989;-0,240951534;-0,190783663;-0,076607019;0,153843848;-0,203122381;-0,037962569;-0,454114047;-0,07659219;0,383028472;0,104952274;0,052956442;-0,394873469;0,278896529;0,055445072;-0,354297386;0,015880814;0,243695665;0,260756097;-0,40244816;0,050505551;0,156641964;-0,076589817;0,099480762;-0,076581513;0,252960428;-0,579758241;0,088289589;-0,076579616;-0,580703282;-0,076593728;-0,076591147;-0,127396937;-0,076646784;0,135890406;0,170002381;-0,076591956;-0,076619962;-0,076587321;-0,391906558;-0,316383782;-0,076642276;0,198094921;0,22472965;-0,076608992;0,156513292;-0,274308361;-0,07659259;-0,236490131;-0,076626079;-0,076615679;0,146586171;0,153241462;-0,076639257;-0,39436846;-0,076637519;0,189979599;0,200440051;-0,076649845;-0,31258958;-0,105169237;-0,076615487;-0,076611986;-0,076627337;-0,076585702;-0,311458353;-0,204147229;-0,076594118;-0,280212353;-0,076631014;-0,353073113;-0,300720624;0,211071142;0,188466176;0,208958563;-0,441666337;0,268146205;-0,299295991;-0,076620875;0,26366499;-0,076651826;-0,366620791;0,337792175;0,300084568;-0,19521857;-0,361936025;-0,261673523;0,273468313;0,225917227;-0,07659626;0,086525036;-0,076600915;-0,225800232;-0,298393598;0,070313165;0,306877217;-0,477299959;-0,332583317;-0,288738699;0,126179473;0,179819686;-0,068445634;0,106997991;-0,076613378;-0,400639528;-0,076590845;-0,076594273;0,313557998;-0,076624543;-0,076591036;-0,179151935;-0,370040518;-0,076582358;0,268249609;-0,076610437;-0,34335244;0,117016435;-0,308110744;-0,076629759;0,202228701;0,282065577;-0,064918079;0,362614941;-0,126820474;0,188342228;-0,076635483;-0,076619557;-0,466265252;0,025966262;0,255686522;0,203057781;0,177289756;-0,028846563;-0,076619824;-0,076643977;0,119621686;-0,076621176;0,128576631;0,137316065;-0,269781662;-0,076599009
-2,034470255;-0,069389149;-0,246344458;-0,231757083;0,072058364;-0,069378379;0,09143625;0,069921172;-0,400235281;-0,069402218;0,046303244;-0,279755577;0,191417685;-0,308221046;0,176771491;0,293976998;0,292912694;-0,220099727;0,296274234;-0,271206905;-0,368621197;0,197003708;-0,219965182;-0,069395625;-0,0694007;0,363646255;-0,026292209;-0,486734879;-0,06935879;-0,368270774;-0,319019363;-0,06938315;-0,340802198;-0,069350198;-0,268161133;0,317606574;0,232805894;-0,069382215;-0,309853679;-0,069401794;-0,069327145;0,234981526;-0,249369881;0,293589311;-0,373663103;-0,268457565;-0,069366917;-0,362122251;-0,069378363;0,032407642;-0,301024994;-0,297140672;0,292279658;-0,069378972;0,178956158;0,17441449;-0,069366587;-0,069402533;-0,575119771;0,144464459;-0,289460942;-0,312250377;0,219200753;-0,342906449;-0,329167158;-0,099397429;-0,422842999;-0,192047023;-0,069339104;-0,230641004;0,038016934;-0,069393353;-0,06934838;0,100928857;-0,069346595;-0,398232284;-0,356632362;0,046311552;-0,383292104;-0,069376216;-0,410762636;-0,069355715;-0,348001338;-0,435105186;0,334016512;0,156193229;-0,06935068;-0,069386435;-0,181908514;0,2999944;0,116555737;0,140994637;-0,06933111;0,268149007;-0,037161596;-0,307038906;-0,321648973;-0,069375248;-0,201026197;0,184799625;0,05375731;0,030664141;-0,069390359;0,293920038;-0,022207239;0,134525861;0,203692645;-0,200547547;-0,486011986;0,124439065;-0,424529922;-0,233173663;0,182429364;0,151634503;0,254331654;0,066250657;-0,069392779;-0,244848825;-0,069401252;-0,250374775;-0,539333043;0,11199788;-0,069403189;0,098980695;-0,069388791;-0,069391423;-0,350689887;-0,06933482;0,219467642;-0,165685416;-0,069390598;-0,069362075;-0,069395325;0,099119158;-0,268913397;-0,069339396;-0,317681321;0,072530618;-0,069373238;0,18067748;-0,217432005;-0,06938995;0,140702422;-0,069355853;-0,069366431;-0,301356849;0,125667913;-0,069342462;0,206233047;-0,069344227;-0,21754871;-0,288475262;-0,069331713;0,333851802;0,205623728;-0,069366627;-0,06937019;-0,069354575;-0,069396977;-0,308753403;0,129879276;-0,069388393;0,206688485;-0,069350837;0,006510353;0,226469726;0,286154932;0,19181765;0,209670758;-0,274078732;-0,376570423;-0,311154239;-0,069361145;0,255849278;-0,069329703;-0,360263644;-0,268364982;-0,16860742;0,142784549;0,230473893;0,304293154;0,182660096;0,079465196;-0,069386209;0,164468483;-0,069381465;0,319782841;-0,548301213;0,192098263;0,329419967;-0,396196833;-0,383695872;0,075821175;0,287412722;0,226889227;-0,055482486;0,20196633;-0,069368774;-0,250258388;-0,06939173;-0,069388235;0,336186747;-0,069357415;-0,069391536;0,181907251;0,123785758;-0,06940039;0,203586924;-0,069371767;-0,344627225;-0,536835483;0,1691338;-0,069352112;0,215852176;0,297939035;-0,065010811;-0,168242919;0,287689351;-0,17823368;-0,069346296;-0,069362486;-0,402079683;-0,353654388;0,197906207;-0,068201392;-0,310089235;0,000400263;-0,069362214;-0,069337669;0,18466186;-0,06936084;-0,477946489;0,204948218;0,19894589;-0,069383407
-1,660938051;-0,060069323;0,386194207;0,151414568;0,206231914;-0,060068826;-0,416037906;0,218052911;-0,304562049;-0,060069899;0,168910953;-0,123956194;-0,400826624;0,326548589;0,098059675;0,038814961;0,20530172;-0,161456676;0,072356731;-0,386603978;-0,153509349;-0,206348427;-0,351457574;-0,060069612;-0,060069834;0,02195054;0,153416772;-0,223163236;-0,06006787;-0,144999249;-0,416043991;-0,060069049;0,122072166;-0,060067429;-0,174939186;0,258547592;0,084421667;-0,060069006;-0,358269506;-0,060069881;-0,060066179;-0,2586837;-0,293285798;0,200778355;-0,322286796;-0,351786628;-0,060068275;-0,318921406;-0,060068825;0,068618275;-0,498577496;-0,331390999;0,01229779;-0,060068854;-0,274700188;0,250104891;-0,060068259;-0,060069912;-0,343451177;0,266277178;0,197232748;-0,225005378;0,242137632;0,262460155;0,080881373;-0,128223297;0,121100211;0,26125985;-0,06006684;0,105339491;-0,412526408;-0,060069512;-0,060067334;-0,33402279;-0,06006724;0,105940612;0,01849853;-0,602557204;0,08959147;-0,060068724;0,346382428;-0,060067713;0,084945987;-0,371625716;0,081397133;-0,469486051;-0,060067454;-0,0600692;-0,151745002;0,278171379;0,255884915;-0,334155671;-0,060066401;0,228004464;0,229832072;-0,367793699;-0,262526596;-0,060068678;-0,356829726;0,284884077;-0,48263929;0,108560168;-0,060069378;-0,30803228;0,03545328;-0,310342881;-0,277791006;-0,280052311;0,113943334;-0,38235189;-0,172800799;-0,295069428;-0,285633491;0,036090531;-0,380614779;0,027883151;-0,060069486;-0,33731728;-0,060069857;-0,147004879;0,172300944;0,073864188;-0,060069941;-0,315235999;-0,060069307;-0,060069425;-0,386315695;-0,060066606;-0,479684251;-0,210847532;-0,060069388;-0,060068035;-0,060069599;0,045805985;-0,439707281;-0,060066855;0,141936475;0,150877246;-0,060068582;0,103371583;0,208092434;-0,060069359;0,122599822;-0,060067721;-0,060068251;-0,116415545;-0,50786889;-0,06006702;-0,143631599;-0,060067114;-0,270009527;-0,241185569;-0,060066435;-0,293349551;0,258152543;-0,060068261;-0,060068435;-0,060067655;-0,060069672;-0,224535495;0,308959679;-0,060069289;0,311431631;-0,060067462;0,240281512;-0,282341776;0,029377228;0,118140285;0,18473053;0,071994094;0,180722328;0,168404484;-0,060067988;-0,470906741;-0,060066323;0,2135721;-0,050463403;-0,361881716;0,306077828;-0,01457984;0,023330077;-0,226906792;0,213559055;-0,06006919;-0,187698898;-0,060068971;0,311453833;-0,341059083;0,15938891;-0,197272941;0,116100386;-0,31247654;-0,468624824;0,213278348;-0,067454742;-0,057426709;-0,197113091;-0,060068366;0,359496022;-0,060069439;-0,060069282;0,27382936;-0,0600678;-0,060069431;-0,261732329;0,322546715;-0,06006982;-0,241984585;-0,060068511;0,10995869;0,118504606;0,31063837;-0,060067528;0,122799009;-0,316193408;-0,030121472;-0,300112915;0,26952997;0,327613505;-0,060067224;-0,060068056;0,261314333;0,106443602;0,097436548;-0,398248984;0,084916785;0,050565326;-0,060068042;-0,060066762;0,244214342;-0,060067973;0,352480361;-0,388334914;-0,361461379;-0,060069061
-1,878806538;-0,068109191;-0,178639249;-0,163141024;0,134861492;-0,068103574;-0,307790292;0,128812697;0,21974564;-0,068115993;0,005384216;-0,468310427;0,138823099;0,122958784;0,385896421;-0,413368735;0,099114233;-0,125227442;-0,3885084;0,051515937;-0,367613322;0,407983491;-0,239935937;-0,068112563;-0,068115204;0,146875005;-0,057418931;0,24330618;-0,068093335;-0,325510375;-0,406996932;-0,068106063;0,214255993;-0,068088834;0,487993917;0,190948956;-0,250997351;-0,068105576;-0,0772417;-0,068115773;-0,068076727;-0,232042898;-0,184830681;-0,433967082;0,413650275;-0,186861212;-0,068097587;0,043730826;-0,068103566;0,049814243;-0,661121152;0,349874791;-0,336191921;-0,068103884;0,088305415;0,194231973;-0,068097414;-0,068116157;0,065372609;-0,076512963;-0,342200148;0,244591509;-0,498401834;-0,194529396;0,102636233;0,014073239;0,04899717;-0,443483291;-0,068083013;-0,647788347;0,134085299;-0,068111381;-0,06808788;-0,292470401;-0,068086944;-0,428083466;0,30826781;-0,500208444;0,245952047;-0,068102445;0,34883318;-0,068091725;-0,544642281;-0,109932744;0,519951913;0,158636772;-0,068089087;-0,068107776;-0,168547305;0,04224362;0,334703303;0,123580308;-0,068078813;-0,463766187;-0,519971871;-0,271890641;0,403368907;-0,06810194;-0,361322919;0,281321083;0,065121407;0,08642464;-0,068109821;0,219779214;-0,260991286;-0,443102776;-0,744105661;-0,044610251;-0,228650335;-0,227139675;-0,465375777;0,288576785;-0,326903163;0,105102335;0,252127212;-0,537900252;-0,068111082;0,566825088;-0,068115491;-0,203907538;-0,389469437;0,290008294;-0,068116498;0,190634892;-0,068109004;-0,068110375;0,152689079;-0,068080762;0,295313393;-0,500129487;-0,068109945;-0,068095054;-0,068112407;0,401984969;-0,19531703;-0,068083166;-0,362083134;0,110868022;-0,06810089;-0,471368064;-0,102386065;-0,068109608;0,097166191;-0,068091797;-0,068097333;-0,220229905;0,347515261;-0,068084776;-0,477211603;-0,068085703;0,374233274;-0,198090903;-0,068079129;0,384755858;0,278522527;-0,068097435;-0,068099298;-0,068091128;-0,068113267;-0,527819795;0,230439416;-0,068108796;0,15445113;-0,068089169;0,113298141;0,163844419;0,042246177;0,281805595;0,009946707;-0,196835727;0,094590717;0,296636092;-0,068094568;0,238285718;-0,068078072;-0,327005187;0,425044752;-0,124483213;-0,148328053;-0,437009438;-0,575664269;0,322290413;0,323054305;-0,068107659;0,379900251;-0,068105185;0,07533718;0,252004078;0,093372292;-0,289093687;-0,112083853;-0,275368556;0,05001682;-0,558707198;0,368074783;-0,058026619;0,21988611;-0,068098557;-0,05848865;-0,068110535;-0,068108714;-0,289185223;-0,068092615;-0,068110434;-0,455954843;-0,38018899;-0,068115042;0,300574171;-0,068100122;-0,16006073;0,111565576;-0,292456747;-0,068089837;0,278747154;0,237126453;-0,061613076;0,352256175;-0,127439546;-0,400473296;-0,068086788;-0,068095269;-0,358042895;0,376134687;-0,224083824;-0,506381949;0,254571658;-0,019321397;-0,068095127;-0,068082259;-0,141969349;-0,068094408;-0,065351401;0,200308417;0,306200242;-0,068106198
-2,288550374;-0,080449349;-0,239367037;0,190767155;0,062237881;-0,080443208;0,125575115;0,169834248;0,211175608;-0,080456804;-0,012650928;-0,078750135;0,05294427;0,252328738;0,071602404;-0,373765456;-0,198519591;-0,206932982;0,182815765;0,163143968;0,127746962;-0,168256181;-0,192753819;-0,080453043;-0,080455938;0,272563502;0,057047146;-0,312046153;-0,080432042;0,264232524;0,313500468;-0,080445928;0,287412086;-0,080427146;-0,190000339;0,196691222;0,280527516;-0,080445395;0,224968577;-0,080456562;-0,080414014;0,155159246;0,24482654;0,321562631;-0,243442197;0,27918885;-0,080436673;0,266138846;-0,080443198;0,039492142;-0,525634588;-0,351707914;-0,232756298;-0,080443546;0,044848442;-0,403660235;-0,080436485;-0,080456984;0,065060191;-0,461362644;0,35043716;0,159257513;-0,261875612;-0,343552043;0,423212322;-0,234714484;-0,375530409;-0,44785528;-0,080420826;-0,492061332;0,134602426;-0,080451747;-0,08042611;0,125019997;-0,080425093;0,11867608;-0,49360709;-0,004157854;0,256836602;-0,080441974;-0,15946018;-0,080430289;-0,41034209;0,246043545;0,300237583;0,107197251;-0,080427421;-0,080447801;-0,368275267;0,109550594;0,166110981;0,210261007;-0,080416273;0,145807657;-0,214815537;0,289696464;-0,131158705;-0,080441422;0,19454388;0,126985689;-0,019548026;-0,027822952;-0,080450039;0,299255176;0,088844288;-0,462227211;0,16329528;0,209294582;0,183379167;0,140286766;-0,195278734;-0,319504124;-0,392978596;0,179082818;-0,264139538;-0,245103671;-0,080451419;0,247670827;-0,080456252;-0,106872122;-0,014111273;0,218722471;-0,080457358;0,099240582;-0,080449145;-0,080450646;-0,420018514;-0,080418385;0,030947204;-0,277435774;-0,080450175;-0,080433913;-0,080452871;0,266930766;0,177908689;-0,080420992;-0,335503264;0,168839641;-0,080440276;-0,350764262;-0,142622885;-0,080449805;0,307487005;-0,080430368;-0,080436396;0,161589354;0,014189656;-0,080422738;0,294051113;-0,080423744;-0,306375248;-0,324978875;-0,080416616;0,191787769;-0,220857977;-0,080436508;-0,080438539;-0,08042964;-0,080453814;-0,184710784;-0,317475527;-0,080448918;-0,024481309;-0,08042751;0,163561898;-0,371249618;-0,322520665;-0,412928411;0,187605586;0,260882096;-0,227688466;0,16012456;-0,080433384;-0,220305489;-0,080415471;0,280759114;0,38670947;-0,274950808;-0,266258286;-0,319209467;-0,18345895;-0,495219811;-0,323276924;-0,080447672;0,233058963;-0,080444967;-0,245428087;-0,356367892;-0,307306944;0,310235512;0,241171005;0,093429006;0,109822327;0,189239314;0,258387874;-0,121195398;0,086182837;-0,080437732;-0,257074082;-0,080450821;-0,080448828;-0,287451151;-0,080431258;-0,08045071;0,159760429;-0,341607253;-0,080455761;-0,477723212;-0,080439438;-0,095374548;0,256197446;0,220544874;-0,080428236;-0,514256584;0,210542153;-0,065332997;-0,261774527;-0,307837343;-0,208508041;-0,080424922;-0,080434148;0,197475155;0,098918193;-0,458141954;0,241633328;0,302938068;0,060111113;-0,080433993;-0,080420008;-0,381965294;-0,08043321;-0,361978424;0,026776366;0,353343319;-0,080446075
-2,00682466;-0,067153924;-0,350831803;-0,43693117;0,068966422;-0,067161331;0,178600056;0,209063956;-0,309338138;-0,067144928;-0,499474208;-0,163312734;-0,29579553;-0,258702818;0,079581184;0,065432019;0,116606121;-0,196095487;0,070650978;-0,333980681;-0,212160985;-0,231605637;-0,244902083;-0,067149467;-0,067145973;0,043958626;0,017038566;-0,192132188;-0,067174786;-0,212056557;0,299072519;-0,067158051;0,153971343;-0,067180681;0,298037652;0,18432977;0,028108225;-0,067158694;-0,310506381;-0,06714522;-0,067196472;-0,064655203;0,29517248;0,175496123;-0,20491933;0,23772965;-0,067169207;-0,219366534;-0,067161342;-0,507137054;-0,279824923;-0,264557211;0,056102926;-0,067160923;-0,302397002;-0,432077899;-0,067169433;-0,067144711;-0,364753258;-0,287587557;0,183652525;-0,198435849;0,192224691;0,264021687;0,118215855;-0,234001088;0,109558849;-0,378019447;-0,067188285;0,141847985;-0,355205517;-0,067151031;-0,067181928;-0,318987044;-0,067183152;0,196971228;0,052958146;-0,04375784;0,173461099;-0,067162818;-0,351096991;-0,067176897;0,07484578;-0,306946438;0,091639747;0,215133381;-0,06718035;-0,067155791;-0,125063711;0,205083409;0,175912565;-0,284772349;-0,067193759;-0,319094411;-0,367521837;0,329345017;-0,220208554;-0,067163483;0,276330666;0,034417293;-0,446938404;0,116928727;-0,067153091;0,36484885;0,046042508;-0,055182433;-0,303503643;-0,10319825;0,13547439;0,1557146;-0,203523275;0,254933877;0,271630706;0,060638043;0,232678275;0,144854897;-0,067151426;0,362190895;-0,067145593;0,280008569;-0,517272073;0,048914076;-0,067144259;-0,357594056;-0,06715417;-0,06715236;-0,267618863;-0,067191219;0,196075277;-0,205060723;-0,067152927;-0,067172532;-0,067149674;0,058388179;0,287764967;-0,067188085;0,134632484;0,152496798;-0,067164864;0,110157196;-0,383518627;-0,067153372;0,061959348;-0,067176801;-0,06716954;-0,219714546;0,214517414;-0,067185984;-0,197407649;-0,067184774;0,350582984;-0,206826063;-0,067193346;0,239074571;0,164080276;-0,067169406;-0,067166958;-0,067177679;-0,067148536;-0,19115546;0,189262515;-0,067154444;-0,381343806;-0,067180243;0,130747278;-0,258777486;0,116412441;0,091862945;0,075594564;0,119621145;-0,400022154;0,133489825;-0,06717317;0,264907682;-0,067194722;-0,370542018;-0,091858615;0,365351716;-0,319312918;0,173807474;0,120779234;-0,236333165;0,128197671;-0,067155946;-0,217514924;-0,067159209;-0,382930889;-0,221216503;-0,266087665;-0,183024579;0,104968921;0,292970297;-0,111263732;0,155717698;-0,150291144;-0,089250587;-0,224542015;-0,067167931;-0,386727726;-0,067152148;-0,067154553;0,207696593;-0,06717573;-0,067152282;-0,273083291;-0,346794931;-0,067146187;-0,230683062;-0,067165875;0,11198666;0,087698128;0,169708623;-0,067179368;0,145544659;0,016659958;-0,055393096;-0,121602362;0,261723321;-0,322035118;-0,067183357;-0,067172249;0,187903828;0,057972607;0,047985898;0,206086565;0,104945933;0,075612159;-0,067172436;-0,067189268;0,200785176;-0,06717338;-0,370076451;0,280514047;-0,050970501;-0,067157873
-2,288228905;-0,074994945;-0,371572391;-0,470546019;0,293929178;-0,074983776;-0,481158486;-0,342025155;-0,080017253;-0,075008528;-0,066918263;0,285759423;-0,301495456;0,08484817;0,417716947;0,050601221;0,249713239;0,147519149;0,156335198;0,183824092;-0,240225558;0,33362822;0,098417893;-0,075001672;-0,075006949;-0,247263568;-0,063440472;-0,23898724;-0,074963514;0,283316666;0,151952041;-0,07498872;-0,560723135;-0,074954649;-0,428010699;0,415094371;0,117039116;-0,074987751;0,132821939;-0,075008088;-0,074930929;-0,099576875;-0,308101498;0,198417063;0,014798683;-0,366566182;-0,074971911;-0,253618516;-0,074983759;-0,366716631;0,020032255;0,114219705;0,013414139;-0,07498439;0,110695129;-0,165090732;-0,074971571;-0,075008856;-0,290092552;0,418872312;-0,045994681;-0,313655746;0,283061319;0,251200417;0,091764676;-0,377726856;0,000222764;-0,386742017;-0,074943223;-0,364370585;-0,177292814;-0,074999311;-0,074952775;-0,496820027;-0,074950935;-0,329705862;-0,329116006;-0,374830843;0,279158474;-0,074981535;0,208458812;-0,07496034;-0,333351904;-0,293923629;0,238688618;0,081477832;-0,074955147;-0,074992128;0,38036885;0,258046853;0,148216259;0,166415342;-0,074935002;-0,09177642;0,228580901;0,146138942;0,323807888;-0,074980532;-0,462523576;0,189312059;-0,059310636;-0,372458868;-0,074996201;0,263494806;-0,370527662;0,183090682;-0,056074459;-0,446527894;0,257291049;-0,014070196;0,143653149;0,468482949;0,223614885;-0,522826608;-0,185010168;0,291288218;-0,074998715;-0,404172011;-0,075007523;0,29003944;-0,327826379;-0,597682875;-0,075009539;-0,067991373;-0,074994573;-0,074997306;0,209604742;-0,074938815;-0,11711019;0,141833478;-0,07499645;-0,074966907;-0,07500136;0,178214271;-0,036442149;-0,074943523;-0,081665968;0,356598942;-0,074978451;-0,505522775;-0,275010004;-0,074995776;-0,059026715;-0,074960483;-0,074971409;0,261972692;0,064420439;-0,074946679;0,252040244;-0,074948497;0,330834987;-0,295384265;-0,074935622;-0,215830523;-0,555362007;-0,074971611;-0,074975297;-0,074959164;-0,075003078;0,045351619;0,35205316;-0,07499416;0,260503299;-0,074955308;0,28571235;-0,211950644;0,209984094;-0,345080068;0,112220786;-0,225737869;0,067798685;0,106735281;-0,074965946;0,193756749;-0,074933557;-0,275854236;-0,145880146;-0,061045468;-0,266591278;-0,034763682;0,157454736;-0,056687571;0,292511219;-0,074991894;0,385390657;-0,074986974;-0,400315658;0,26069963;0,11862274;0,143928028;-0,313362285;-0,457279073;0,342908306;-0,39776565;0,321990243;0,377660373;-0,301384626;-0,074973832;0,126454278;-0,074997625;-0,074993997;-0,050118782;-0,074962095;-0,074997423;-0,241273619;0,248863777;-0,075006626;-0,057915157;-0,074976929;0,157329081;-0,385826949;0,260623523;-0,074956623;-0,094372944;-0,186823234;-0,064273301;-0,114905147;-0,339015455;0,212069208;-0,074950627;-0,074967332;-0,242667494;-0,033403994;0,21141959;0,13054364;-0,506804965;-0,439946767;-0,07496705;-0,074941746;0,085781189;-0,074965631;0,269164519;-0,383082172;-0,364539429;-0,074988988
-2,127577541;-0,073882778;0,199291567;0,078368453;0,068735614;-0,073889056;0,144842901;0,001059402;0,106331775;-0,07387517;0,129327261;0,194728133;0,190873061;0,203859811;0,188011581;-0,240447676;-0,315668769;-0,11191325;-0,002782169;0,070209859;-0,341010366;-0,388816607;-0,328502574;-0,073879006;-0,073876053;0,241461336;-0,517424086;0,199726477;-0,073900493;-0,277940743;-0,294702701;-0,073886275;0,119146571;-0,073905516;0,231920549;0,242617412;0,119763339;-0,07388682;0,037964984;-0,073875416;-0,073919009;0,281138911;0,327608506;-0,096579405;-0,300648818;-0,394477406;-0,073895746;0,15620965;-0,073889066;-0,023534873;-0,347964026;0,110766909;-0,159835249;-0,07388871;0,146727794;-0,36989813;-0,073895938;-0,073874986;0,001385794;-0,197036282;0,32815831;0,153810795;-0,251750951;0,212465522;0,067017297;0,265445383;0,123208007;0,146024855;-0,073912006;0,253578574;0,192266042;-0,073880329;-0,073906579;-0,27171892;-0,073907623;0,205978308;0,075521775;0,063227607;-0,478194648;-0,073890318;-0,348345641;-0,07390229;-0,360862854;0,00673676;-0,206409656;-0,305419416;-0,073905234;-0,07388436;0,235493587;0,172485822;0,266456014;0,028665773;-0,073916687;0,035729039;-0,275019605;-0,041847466;-0,316326187;-0,073890883;0,182754673;-0,381307768;-0,040914174;0,118931599;-0,073882073;-0,291911604;-0,522364311;0,326987239;-0,352284152;0,2609026;0,117192135;-0,345050512;0,211624119;0,15769934;-0,395445017;0,280938936;0,198566354;-0,343611299;-0,073880664;0,238894805;-0,073875732;-0,38368853;0,040361566;-0,32327236;-0,073874605;-0,534221178;-0,073882987;-0,073881454;-0,318021269;-0,073914515;0,154333459;0,302526372;-0,073881934;-0,073898574;-0,073879181;-0,357533043;0,361627436;-0,073911835;0,239594172;-0,081776958;-0,073892056;-0,306092103;0,246530044;-0,073882311;-0,287568532;-0,073902209;-0,073896029;0,290802922;0,137984989;-0,073910041;-0,329061788;-0,073909008;0,139020904;0,233770438;-0,073916334;0,315594605;-0,020600862;-0,073895915;-0,073893835;-0,073902957;-0,073878219;0,031766041;-0,000626342;-0,073883219;-0,3858006;-0,073905142;-0,412917363;-0,245657275;-0,480725798;-0,363171331;-0,460590665;0,175018746;-0,072331228;0,229009724;-0,073899117;0,140559031;-0,073917511;0,046791137;0,190370156;0,331475553;-0,123862126;-0,267922119;-0,265813723;-0,398019631;-0,396315085;-0,073884491;0,145467786;-0,073887257;-0,22246321;0,190867423;0,162566952;0,129338199;0,167574588;0,238617926;-0,353518662;-0,133968389;0,095406581;-0,04232712;0,08567144;-0,073894662;0,22820817;-0,073881275;-0,073883311;-0,345495375;-0,073901296;-0,073881388;0,129783403;-0,218299665;-0,073876233;-0,406396839;-0,073892914;0,232919567;0,146848298;-0,252373305;-0,073904396;0,153073075;0,094793748;-0,062745516;0,219092811;-0,108131619;-0,338248769;-0,073907798;-0,073898334;0,17770201;0,062923871;-0,227913706;0,134654707;-0,047871161;-0,035004468;-0,073898492;-0,073912846;-0,19413726;-0,073899295;0,190773311;0,068880669;-0,252215997;-0,073886124
-1,922500648;-0,064003641;0,261950286;-0,131695647;0,148672084;-0,063999098;-0,313411113;0,214751113;-0,232780162;-0,064009149;0,09997418;0,376575745;0,293034099;-0,509452288;-0,293855379;-0,231907071;0,297057423;0,257403897;-0,345642896;-0,467141316;0,22177353;-0,473087847;0,540419272;-0,064006371;-0,064008509;0,028300623;-0,488210644;0,386859697;-0,063990824;-0,321594143;-0,498748949;-0,064001111;0,220389847;-0,06398719;-0,270827811;-0,374656588;-0,44983696;-0,064000716;0,236477728;-0,06400897;-0,063977426;-0,573318023;-0,264371831;-0,243583272;-0,294745272;0,615040633;-0,063994258;-0,456824516;-0,063999091;0,115546631;0,093113451;0,35434193;0,141653232;-0,063999348;-0,399792445;-0,067482972;-0,063994119;-0,064009281;0,057132881;0,21457905;-0,249943781;-0,421100527;-0,386508925;-0,037773495;-0,176981827;-0,088869094;0,557698673;-0,245392653;-0,063982494;-0,163163301;0,357008425;-0,064005413;-0,063986421;0,144803218;-0,063985665;-0,39021186;-0,27392037;0,106086393;-0,327291328;-0,063998185;0,196777315;-0,063989523;-0,099501785;0,400320163;-0,216151989;-0,27814966;-0,063987394;-0,064002496;-0,251024801;0,275745725;-0,141000894;0,26635928;-0,063979107;-0,072775092;0,261335591;-0,522405197;0,267960974;-0,063997776;0,311652434;0,164150048;-0,037235746;0,272939713;-0,064004151;-0,089898878;0,062558221;0,263630253;0,164864792;-0,342925285;-0,440821416;0,247698841;0,259623013;0,192433806;0,259057754;-0,310003423;0,564757426;0,276686669;-0,064005171;-0,348305314;-0,064008741;0,508253255;-0,277850966;0,350536452;-0,064009558;-0,413956822;-0,06400349;-0,064004599;-0,691886584;-0,063980679;0,308448441;0,432507592;-0,064004252;-0,063992212;-0,064006244;-0,377482623;0,394046468;-0,063982618;-0,171243516;-0,610572143;-0,063996928;-0,296080843;-0,351243257;-0,064003978;-0,316546469;-0,063989582;-0,063994053;0,400399476;0,466694997;-0,063983916;-0,327163315;-0,063984663;-0,336330314;0,012536941;-0,063979363;-0,367789956;0,448477904;-0,063994135;-0,063995641;-0,063989041;-0,064006941;0,162486385;0,545343268;-0,064003322;-0,70625259;-0,06398746;0,221506103;-0,49093737;0,171651772;-0,028260721;0,307884906;0,188621137;-0,022461966;-0,425950529;-0,063991819;-0,225193482;-0,063978511;0,217029955;-0,164396429;0,404595153;0,458361691;0,210555686;-0,484291952;-0,227386014;0,400975808;-0,064002401;0,004572919;-0,0640004;0,24790601;0,247381476;0,401841536;0,154828392;-0,109730947;0,33099983;0,29617686;-0,453752162;0,037888392;-0,160859275;-0,182444056;-0,063995042;0,259100606;-0,064004729;-0,064003256;0,088131789;-0,063990242;-0,064004647;-0,438057911;0,185903501;-0,064008379;-0,274160233;-0,063996307;-0,232049298;-0,480989756;0,078285369;-0,063988;-0,202038164;-0,456409237;-0,054086373;-0,048493191;-0,428038832;0,336154424;-0,063985539;-0,063992386;-0,640034913;-0,56809026;0,187441045;0,306723819;-0,022350314;0,088957593;-0,063992271;-0,063981886;-0,519882442;-0,06399169;-0,56191258;0,158766188;-0,392747022;-0,064001219
-1,611349907;-0,058751138;0,335835995;0,178410642;0,281622485;-0,058744324;0,291623871;-0,185998495;-0,096908657;-0,058759424;-0,046844757;-0,455615246;-0,287105298;0,061723589;-0,336122405;0,097633376;0,191938289;0,110500679;-0,53183696;-0,574218974;-0,218421165;-0,294679566;0,150095227;-0,058755242;-0,05875846;-0,43423552;0,006929799;-0,215961042;-0,05873196;0,289047921;0,053442818;-0,058747341;0,195016093;-0,058726549;-0,371571221;-0,30296573;0,254260605;-0,05874675;-0,583054611;-0,058759155;-0,058712068;-0,103391607;-0,300793882;0,339255359;0,013238003;-0,212838345;-0,058737085;-0,224404739;-0,058744314;-0,242815466;-0,017134918;0,138322283;0,031677233;-0,058744699;0,018492053;0,350103629;-0,058736877;-0,058759624;-0,268744852;0,389230031;-0,049132656;-0,113111069;0,254284768;0,338289088;-0,332605648;-0,236087947;0,038551808;0,249134733;-0,058719574;-0,501991878;-0,356468708;-0,058753802;-0,058725405;0,268890294;-0,058724282;-0,186459203;-0,441015386;-0,318949217;0,061319147;-0,058742957;0,119804386;-0,058730023;0,23801407;-0,179467519;-0,45582845;-0,013123008;-0,058726853;-0,05874942;-0,192176625;-0,599021915;0,200180026;-0,445410944;-0,058714555;-0,103685135;0,146433938;0,100216979;0,192640002;-0,058742345;0,323188209;0,146176608;-0,031759119;-0,438305166;-0,058751905;-0,349615857;0,537889057;-0,294695755;-0,010416113;-0,35959843;-0,342820571;-0,303766424;0,317494361;-0,449594719;0,218925827;-0,523729855;-0,127565716;0,298564202;-0,058753438;-0,121859499;-0,05875881;0,261029918;-0,314397174;-0,383406609;-0,05876004;-0,020818447;-0,058750911;-0,058752578;0,222215647;-0,058716883;-0,163024689;0,155677361;-0,058752056;-0,05873403;-0,058755051;0,182531512;0,12885272;-0,058719757;-0,163210813;-0,162387033;-0,058741075;0,399143563;-0,251619677;-0,058751645;0,157969608;-0,05873011;-0,058736778;-0,449889651;-0,374760116;-0,058721684;-0,371033468;-0,058722794;0,237824371;-0,126205261;-0,058714933;-0,263473959;0,238854879;-0,058736902;-0,058739151;-0,058729305;-0,058756099;0,195797996;-0,353715798;-0,058750659;0,110093403;-0,058726951;0,173079341;-0,212140563;-0,328755833;0,303044746;0,1430181;-0,239323264;0,295909946;0,0815671;-0,058733444;0,119993074;-0,058713672;-0,212315049;-0,074056348;0,276615499;0,378429687;-0,017936268;0,170647151;0,02788409;0,288025412;-0,058749277;-0,337039594;-0,058746275;-0,351283931;-0,380558196;0,094596928;0,379430047;-0,489845079;-0,442650728;0,192062747;0,265548182;-0,266206115;0,353127455;-0,184566712;-0,058738257;-0,411410958;-0,058752773;-0,05875056;-0,081679491;-0,058731094;-0,05875265;-0,211122353;-0,390831453;-0,058758264;0,027061673;-0,058740147;0,118297598;-0,423709824;-0,509591058;-0,058727754;-0,1322505;-0,274865313;-0,050486165;-0,16831068;0,448187528;0,18439909;-0,058724094;-0,05873429;-0,197729218;0,012371843;0,140883392;0,176772355;-0,047237959;-0,298444348;-0,058734118;-0,058718672;0,097758352;-0,058733252;-0,309736512;0,324978664;0,388972072;-0,058747504
-2,110499028;-0,073365222;-0,311153768;0,213499611;0,143343495;-0,073364589;-0,375683711;0,500771874;-0,183720036;-0,073365997;-0,050373975;0,197394426;-0,19698276;0,021167439;-0,21534197;0,105858494;-0,508328879;0,207102106;0,047961629;-0,011795478;-0,155448337;-0,2684144;0,13689564;-0,073365605;-0,073365907;0,298966869;0,037720869;-0,218836934;-0,073363446;-0,403640198;0,168813371;-0,073364869;0,085893225;-0,073362949;0,249344133;0,011797008;0,352124981;-0,073364814;0,181181182;-0,073365972;-0,073361625;-0,082974432;-0,169165213;-0,256380597;0,044127375;-0,210822135;-0,073363919;-0,308409572;-0,073364588;-0,292233279;0,023482547;-0,613186617;0,043960592;-0,073364623;0,087808002;-0,437290353;-0,073363899;-0,073366016;-0,330553183;-0,291203033;-0,075578633;0,49396197;-0,225951182;0,248141777;0,265402419;-0,126570951;0,006025925;0,144100802;-0,07336231;0,11033452;0,332500052;-0,073365471;-0,073362844;-0,366672497;-0,073362741;-0,204934557;0,166435905;-0,286639049;0,083699074;-0,073364462;0,055693961;-0,073363268;-0,269336022;-0,207880138;0,039192965;-0,397641004;-0,073362977;-0,073365062;-0,198345366;0,250084996;0,229893476;0,265582945;-0,073361852;-0,103202214;0,221534219;0,156915429;0,136953088;-0,073364405;-0,303458104;-0,534995478;-0,024396175;-0,527003981;-0,073365294;0,364497546;-0,252191971;-0,2784545;0,056987293;0,084857558;0,265784929;-0,326135451;-0,507843677;0,151063159;-0,37275757;0,132860783;-0,193524736;0,331542474;-0,073365437;-0,060876491;-0,073365939;-0,363148564;-0,441075003;0,368737041;-0,073366055;0,009190696;-0,073365201;-0,073365357;0,184634291;-0,073362064;-0,136884299;0,088293787;-0,073365308;-0,073363637;-0,073365587;-0,465188027;0,04705984;-0,073362327;-0,243170299;0,197021297;-0,073364288;-0,235738978;0,327036469;-0,073365269;0,196143058;-0,073363276;-0,07336389;0,252320075;0,314506063;-0,073362503;-0,274558027;-0,073362605;0,216009719;0,505124075;-0,073361886;-0,338481449;0,162941876;-0,073363902;-0,07336411;-0,073363202;-0,073365686;0,229122064;-0,42987582;-0,073365178;0,098740697;-0,073362986;0,155572968;-0,086312176;-0,009619283;-0,404261753;0,109577765;-0,277830878;0,203854909;0,078071484;-0,073363583;-0,274694995;-0,073361771;0,378851162;-0,098062016;0,065648158;-0,309767651;0,004122203;0,233372371;0,055715544;0,218653463;-0,073365049;-0,256855023;-0,07336477;-0,433230353;0,162174448;0,127849123;0,322177097;0,225739835;-0,326011396;-0,37578043;-0,026183197;-0,236873594;0,446088527;-0,174049534;-0,073364027;0,279004476;-0,073365375;-0,073365168;-0,078981174;-0,073363367;-0,073365363;-0,215851216;-0,349612014;-0,073365888;0,054763154;-0,073364202;-0,008380567;0,167589222;-0,461854719;-0,07336306;-0,229251764;-0,205450631;-0,064518352;-0,13328344;0,42309526;-0,391894378;-0,073362724;-0,073363661;-0,25472087;0,026386411;0,158338169;0,273578328;0,229695334;-0,399188693;-0,073363645;-0,073362228;0,207068535;-0,073363565;-0,375633349;-0,506815979;0,407243514;-0,073364884
-1,971344581;-0,065480169;-0,244255701;-0,323603147;0,217950596;-0,065469447;0,06841101;0,140678932;0,285431339;-0,06549319;0,039573202;0,261523124;0,11517636;-0,221298336;0,175769377;-0,391217595;-0,237636175;-0,191447401;-0,477039101;-0,302626672;0,187598319;0,195024867;0,247894867;-0,06548662;-0,065491677;-0,426262925;-0,044297708;0,270809333;-0,06544996;0,314251811;-0,248106596;-0,065474195;-0,151051976;-0,06544142;-0,267523382;-0,267960858;-0,428699545;-0,065473265;-0,462957575;-0,065492768;-0,065418527;0,088676121;-0,267714871;0,196450074;-0,372071579;0,288307095;-0,065458041;0,131068646;-0,06546943;0,040311813;-0,500697416;0,047206361;-0,340688878;-0,065470037;0,13143522;0,019520961;-0,065457714;-0,065493504;0,102258851;0,205202588;0,395789595;-0,191838105;0,275677337;-0,218279511;-0,217399817;-0,332342266;-0,35092338;-0,188583555;-0,0654304;-0,305298747;-0,514193646;-0,065484357;-0,065439613;0,037514258;-0,06543784;0,273945148;-0,361837189;-0,021778257;-0,321220169;-0,065467294;-0,241268891;-0,065446903;0,245840754;0,199283906;-0,299344357;0,159120294;-0,0654419;-0,065477466;-0,253756028;-0,380392802;0,035284612;0,12531053;-0,065422463;0,242193838;-0,173507672;-0,269819581;-0,240865925;-0,06546633;-0,171412064;0,255277452;-0,055594557;0,04580687;-0,065481374;0,13340975;0,008109916;0,099948304;0,091608773;-0,351178189;0,157950352;0,183596897;0,346521356;-0,211369992;0,297063266;0,162233415;0,239646207;-0,469220637;-0,065483785;0,349914994;-0,065492227;-0,155162101;0,157974852;0,0919622;-0,065494158;0,004323789;-0,065479812;-0,065482434;-0,50789494;-0,065426145;0,043474596;-0,343216947;-0,065481612;-0,065453226;-0,065486321;0,194713164;-0,320390758;-0,06543069;-0,267417681;-0,004866453;-0,06546433;0,149242337;-0,322475108;-0,065480967;0,265584598;-0,065447041;-0,065457559;0,228276713;0,098504025;-0,065433735;0,118617705;-0,065435488;-0,181593521;-0,314426584;-0,065423061;0,284580814;0,248649978;-0,065457753;-0,065461298;-0,06544577;-0,065487967;-0,268335614;0,390775194;-0,065479416;-0,560714812;-0,065442055;0,113031393;0,135024033;-0,348115333;0,163914781;-0,411302072;-0,263226519;-0,46412991;-0,354225631;-0,065452302;0,262464787;-0,065421066;-0,333574778;0,321932116;-0,139989961;-0,049724444;-0,42851682;-0,31855323;0,124206703;0,139732608;-0,065477242;0,090982747;-0,065472518;-0,351108026;0,256954633;-0,421066659;-0,431288005;0,101522923;0,298541955;0,161903682;0,231844515;0,248955827;-0,032084999;0,092060374;-0,065459889;-0,286794802;-0,06548274;-0,065479259;0,365121489;-0,065448593;-0,065482546;-0,309811048;0,136029644;-0,065491368;0,161143617;-0,065462867;-0,369667304;0,280700935;0,19051185;-0,065443323;0,171564647;-0,318241488;-0,058968385;-0,203557677;-0,382855557;-0,22647384;-0,065437543;-0,065453635;0,295381059;-0,431025853;0,198510759;-0,381332606;-0,304206155;-0,031410693;-0,065453365;-0,065428974;-0,409462963;-0,065451998;0,305846545;0,149442263;0,200535184;-0,065474452
-2,147494917;-0,073657022;-0,323510321;-0,399012016;-0,472248222;-0,073650537;0,125346101;0,046828242;0,191535935;-0,073664872;-0,597046151;-0,289249445;-0,409461215;-0,146383724;0,077854902;0,22669875;0,008289995;-0,184206489;0,22744459;-0,267437783;0,32100145;0,305114397;0,272236671;-0,073660914;-0,073663961;0,135012786;0,117394881;0,318982209;-0,073638703;-0,298339507;-0,332547222;-0,073653411;-0,411559502;-0,073633498;0,281277459;-0,388995255;0,199421036;-0,073652848;-0,172064054;-0,073664618;-0,073619485;0,221085593;-0,25519613;0,130585126;-0,248093956;0,043201991;-0,073643618;-0,3210414;-0,073650527;0,037305427;-0,353866208;-0,292526071;0,193821289;-0,073650894;-0,347271441;0,108645058;-0,073643419;-0,073665061;0,12229278;0,281512415;0,219950389;0,195006086;0,103653627;-0,325525358;0,186530757;-0,252181431;0,096559647;-0,326375143;-0,073626763;-0,309823093;0,20326081;-0,073659549;-0,073632395;0,282279733;-0,073631312;0,174570924;0,126426177;0,045288864;-0,360063517;-0,073649232;-0,330005933;-0,073636841;0,013364837;0,351172917;0,215020184;0,253669458;-0,07363379;-0,073655389;-0,15264469;-0,357127094;-0,324954732;-0,18810724;-0,0736219;0,222319653;-0,246262992;-0,17088615;-0,257421379;-0,073648648;-0,283293648;-0,317909476;0,146440884;0,096779023;-0,073657749;0,312429454;-0,038800655;0,281911714;-0,255377012;-0,299368767;0,156431652;0,246914928;-0,223683889;-0,330817543;0,203541169;0,124656165;0,11190044;0,203583147;-0,073659204;0,280793841;-0,073664292;0,315327097;0,099247632;-0,048689408;-0,073665454;-0,437147087;-0,073656806;-0,073658389;0,195212753;-0,073624158;0,102056268;-0,207021652;-0,073657893;-0,073640691;-0,073660734;0,11703454;-0,227665851;-0,07362694;0,131457059;0,128609847;-0,073647436;0,012717899;0,191755817;-0,073657503;0,183154643;-0,073636925;-0,073643325;-0,301258707;0,218750714;-0,073628803;-0,353749923;-0,073629875;-0,287847266;0,318374212;-0,073622267;-0,413250283;0,153235079;-0,073643443;-0,073645596;-0,073636151;-0,073661727;-0,121688763;-0,297473038;-0,073656567;0,175728733;-0,073633885;0,032425168;0,266005267;0,169300815;0,025644532;0,23042836;0,229866944;0,225992333;-0,309490058;-0,073640129;-0,369876302;-0,073621043;-0,365769795;-0,254069457;-0,198500178;0,248486879;-0,407358575;0,162778062;-0,354907936;-0,013312959;-0,073655253;-0,332556815;-0,073652396;-0,03097967;-0,340401914;0,190632604;-0,185180598;0,126535529;-0,309053607;0,20429607;0,176298587;-0,312219671;-0,004896586;-0,401819745;-0,07364474;-0,200975489;-0,073658574;-0,073656472;0,126586579;-0,073637871;-0,073658457;-0,203557277;0,263336838;-0,073663775;-0,365221532;-0,073646548;0,146695988;0,065568776;-0,304882889;-0,073634658;0,029459207;-0,321509861;-0,062747735;-0,221617318;0,203366567;-0,264910988;-0,073631131;-0,07364094;-0,364846809;0,123362101;0,219430727;-0,258029733;0,22266234;-0,060379372;-0,073640775;-0,073625891;0,077646179;-0,073639944;0,28681991;-0,452723975;0,235971845;-0,073653566
-2,690966827;-0,097698637;0,283767825;-0,255203506;-0,594345395;-0,097684901;0,364871779;-0,212237635;0,211518927;-0,0977153;0,068785955;0,312335811;0,383497296;-0,488313435;0,353304054;-0,311346915;-0,465557539;0,129878196;-0,308978116;0,120507991;0,186510347;0,14337173;0,253355876;-0,097706895;-0,097713365;-0,003950145;-0,073046778;0,226109279;-0,097659906;0,120132339;-0,357676533;-0,097690986;-0,384165037;-0,097648938;0,322431286;-0,330333629;-0,338456654;-0,097689793;0,146374566;-0,09771476;-0,097619495;0,405523161;-0,264029237;0,270826279;0,365519818;0,343773704;-0,097670277;-0,162394547;-0,09768488;0,069329144;0,239834281;-0,021972695;0,278994513;-0,097685658;0,094672381;0,173815234;-0,097669857;-0,097715702;0,008801909;-0,418889659;-0,432016277;0,25950068;0,359884433;-0,434020462;-0,346144453;0,338949661;0,250130568;-0,604869815;-0,097634772;-0,396893899;0,475802423;-0,097703998;-0,097646616;0,211518093;-0,097644337;0,204416575;-0,458275667;0,224904284;-0,281387762;-0,097682142;-0,524806057;-0,097655981;0,114864931;0,07814306;-0,058794095;0,254655086;-0,097649554;-0,097695176;-0,145587527;0,117662405;0,252374841;-0,403910137;-0,097624561;-0,434248239;-0,470890959;-0,347357148;-0,443577848;-0,097680906;0,414787405;-0,198454328;-0,084878642;0,242350966;-0,09770018;0,086049579;0,374340105;0,145578212;-0,338834106;0,441462552;0,054050656;-0,468723855;-0,293287038;-0,459762091;-0,423684687;0,222618736;0,297785769;-0,229967928;-0,097703266;0,343409558;-0,097714068;-0,537337342;-0,222826534;-0,242772047;-0,097716538;0,045205501;-0,09769818;-0,097701536;0,267026037;-0,0976293;0,381293127;0,405789734;-0,097700484;-0,097664098;-0,097706512;0,15489458;0,400549208;-0,097635145;-0,333834851;0,35915565;-0,097678342;0,149625599;0,373017183;-0,097699658;-0,054571256;-0,097656158;-0,097669657;0,180446093;-0,429015733;-0,09763906;0,381485065;-0,097641315;-0,492280181;-0,260733816;-0,097625331;0,344321674;-0,155989363;-0,097669907;-0,097674454;-0,097654526;-0,097708619;0,196782257;-0,512799464;-0,097697672;0,029436174;-0,097649753;0,045003163;0,131626478;-0,323589521;0,10715961;-0,1588459;-0,125136232;0,323691699;-0,077106245;-0,097662912;0,286227906;-0,097622763;-0,128085893;0,529055081;-0,011371324;-0,162524496;0,261019283;-0,059803507;0,052888529;-0,092195557;-0,097694888;0,097445878;-0,097688837;-0,099936055;-0,644926079;0,262847679;-0,008720732;0,23981329;-0,39957248;0,059753457;0,198018612;0,265006462;-0,061123074;0,317867096;-0,097672647;0,349930418;-0,097701928;-0,097697472;-0,358602485;-0,097658151;-0,09770168;-0,208543537;0,285705506;-0,097712969;0,126752106;-0,097676466;0,288503795;0,033580954;-0,364721371;-0,097651382;-0,284432008;0,536248255;-0,087485011;-0,297326999;-0,030247906;-0,304270811;-0,097643956;-0,097664623;-0,400659639;0,014561311;0,05812406;-0,123088304;-0,391022122;0,026596288;-0,097664276;-0,097632939;0,065094316;-0,097662522;-0,411684111;-0,356624982;0,234855556;-0,097691314
-1,730326034;-0,063190624;0,191934012;0,105650521;0,098897632;-0,063181069;0,118451385;-0,240113407;-0,210429521;-0,063202141;0,045972323;0,273108403;-0,287452832;-0,201190231;0,131118983;0,15049765;0,103396302;0,219752358;0,099273776;-0,284701905;-0,234183612;-0,26170369;-0,272821496;-0,063196342;-0,063200808;0,092533949;-0,021256201;0,233253034;-0,063163544;-0,229945337;-0,304233134;-0,063185308;-0,31375456;-0,063155798;-0,194693518;0,200621089;0,09607624;-0,063184479;0,107746072;-0,063201769;-0,063134837;0,221282773;0,170325003;-0,363744356;-0,283631882;0,102056908;-0,063170837;-0,239031722;-0,063181055;0,066156489;-0,3656235;-0,359856046;0,133059959;-0,063181597;-0,300864654;0,106832454;-0,063170542;-0,063202418;0,204788573;0,168746998;0,224976899;0,259327728;0,17682345;-0,331869596;-0,306348171;-0,120352696;0,102614505;0,137546004;-0,063145743;-0,241429946;0,157488985;-0,063194338;-0,063154154;0,14081386;-0,063152539;0,182638308;-0,368960974;0,115090841;-0,316041983;-0,063179143;-0,224041979;-0,063160776;0,127099914;0,136348245;0,131053209;-0,277199499;-0,063156234;-0,063188221;0,215517102;0,116098814;-0,252115927;0,051652232;-0,063138461;0,227795216;0,179761086;0,190175929;-0,148600008;-0,06317828;0,143298242;-0,040018257;0,046295801;-0,307872834;-0,063191694;0,185307069;0,090235818;0,06847182;0,095766477;0,257404229;-0,350414064;-0,347069007;-0,359215135;-0,21382614;0,207831375;0,109959147;-0,295684947;0,111821773;-0,063193831;0,19898121;-0,063201292;0,155124804;-0,353741393;0,13974643;-0,063202994;0,027293363;-0,063190307;-0,063192634;-0,339284668;-0,063141844;-0,206141511;0,200975497;-0,063191905;-0,063166496;-0,063196077;0,11752194;-0,314249157;-0,063146008;-0,286556853;-0,218649664;-0,063176488;0,160032755;0,032119544;-0,063191332;-0,244410386;-0,063160901;-0,063170403;0,164230956;-0,329897833;-0,063148793;0,130242704;-0,063150394;-0,248961405;-0,195472081;-0,063139011;0,22159662;0,204133714;-0,063170578;-0,063173766;-0,063159748;-0,063197533;0,180059388;-0,287828746;-0,063189955;-0,216540504;-0,063156375;0,160580661;0,009391871;0,137624221;-0,231510011;0,163480009;-0,29860682;-0,271313071;-0,233200389;-0,063165661;-0,341084144;-0,063137176;0,17439877;-0,001795362;-0,329338864;-0,252851137;-0,387319484;0,172000466;-0,326932924;-0,285742;-0,063188022;-0,249922954;-0,063183813;0,191381799;-0,196175236;-0,375052237;-0,293258888;-0,256621402;0,161954764;-0,28673481;0,144123961;0,243321294;-0,11302354;0,148242082;-0,063172499;0,140859167;-0,063192905;-0,063189816;-0,237380668;-0,063162307;-0,063192734;0,233733916;0,194534226;-0,063200535;0,158872936;-0,063175175;-0,253300863;-0,243115231;0,109285259;-0,063157527;-0,320200464;-0,183857758;-0,01415315;-0,151474356;0,295492194;0,145627539;-0,063152268;-0,063166865;0,220935087;0,078307281;-0,220537057;-0,39266477;0,133771236;0,115288728;-0,063166621;-0,063144438;0,128104604;-0,063165387;0,158117024;-0,341084995;-0,156068784;-0,063185537
-1,6407947;-0,057211382;0,164328918;0,106693275;0,086780427;-0,057266643;0,129532371;-0,251587917;-0,164454028;-0,057144571;0,036209855;-0,206783836;0,050226091;-0,227460453;0,120011295;0,088133156;0,103356631;0,101878593;0,075135511;0,206045021;-0,182390425;-0,166823618;-0,163463549;-0,057178241;-0,057152318;0,098012515;0,053797587;-0,219514671;-0,05736762;-0,062076305;0,244247453;-0,057242144;0,115540927;-0,057412098;-0,102547207;0,129472762;0,091514958;-0,057246942;-0,303468789;-0,057146733;-0,057531984;-0,202878274;0,147996585;0,22886651;-0,233140662;0,085530458;-0,057325658;0,227216734;-0,057266727;0,019852063;-0,390192455;0,174779847;0,124577556;-0,057263595;-0,256044111;0,145824772;-0,057327357;-0,057142964;-0,33183326;0,211640589;0,267806116;-0,2137812;-0,26978925;0,139574609;-0,179125808;-0,197108165;0,044121469;0,072595216;-0,057469691;0,168839963;-0,254689294;-0,057189859;-0,057421525;-0,292370006;-0,057430784;-0,296274816;0,129974368;-0,032878245;0,140295495;-0,057277765;0,236420461;-0,057383527;-0,319594059;0,187773802;0,171868098;-0,26412349;-0,057409597;-0,057225291;0,266775516;0,124077906;0,174315266;0,136604019;-0,057511306;0,210773396;0,153558029;0,178440736;-0,19115986;-0,057282746;-0,154297482;-0,247642291;-0,47850103;-0,354947974;-0,057205186;-0,126851988;0,078864482;0,196151412;0,109874914;-0,250421328;-0,125909695;0,254835249;0,175749681;-0,195621982;-0,281639177;0,142359288;-0,164229711;0,140595208;-0,057192798;0,232235127;-0,057149502;0,147702961;-0,074956334;-0,386772868;-0,057139617;0,092899528;-0,057213219;-0,057199741;0,201205351;-0,057491984;-0,213878325;-0,292947492;-0,057203962;-0,057350648;-0,057179776;0,147351505;-0,311205926;-0,057468173;0,247272208;-0,250635135;-0,057293088;-0,302882057;-0,217796114;-0,05720728;-0,256603123;-0,057382809;-0,057328161;-0,242786351;-0,252432309;-0,057452238;0,042223807;-0,05744307;0,195950293;-0,190786022;-0,057508166;0,157503892;-0,297342618;-0,057327154;-0,057308783;-0,057389426;-0,05717133;0,25662851;0,094262335;-0,057215258;-0,261513425;-0,057408788;-0,288443266;-0,153199097;0,157486708;-0,276594623;-0,380139857;0,211025509;-0,305343315;-0,306599431;-0,05735545;0,218164128;-0,057518642;0,120767196;-0,149021722;0,095222908;0,12105536;0,139072074;0,150191176;-0,29238198;-0,166020897;-0,057226448;-0,228125366;-0,057250791;0,159295765;-0,262267215;-0,284158737;0,227547772;-0,29278287;0,135206424;-0,146410236;-0,335954807;-0,263636417;-0,078144189;0,212100154;-0,057316083;0,135275867;-0,057198165;-0,057216064;0,312646359;-0,05737473;-0,057199161;0,227859702;-0,247166432;-0,057153901;-0,341660174;-0,057300658;-0,31651955;-0,318034777;0,13654019;-0,057402178;0,228261081;-0,180291003;-0,575637751;-0,176792539;-0,242380842;0,140885588;-0,057432335;-0,057348524;0,137760687;0,031871617;-0,241707207;0,166171723;0,092080728;-0,465476889;-0,057349928;-0,057477155;0,158782279;-0,057357027;0,172485476;0,177703542;-0,144990219;-0,057240821
-2,601979297;-0,089607409;-0,381319233;-0,122995728;0,162036059;-0,089599751;0,140352855;-0,264137616;-0,411383419;-0,089616699;-0,039207979;0,185887236;0,340351064;0,024031889;-0,348856861;0,318081949;0,289051801;0,298802575;-0,442629683;0,231459375;0,407465924;0,173341223;0,225300489;-0,089612013;-0,08961562;-0,185645614;-0,006995263;0,391106932;-0,089585815;0,192849116;0,137145565;-0,089603143;-0,566744063;-0,089579699;0,131114576;-0,35128901;0,211173675;-0,089602479;-0,625524382;-0,089616398;-0,089563281;-0,274016175;0,103707445;-0,044483434;0,091975051;0,375165652;-0,089591597;-0,083371328;-0,089599739;0,285863763;0,013993904;0,083100063;0,311150093;-0,089600173;0,105954751;-0,275061066;-0,089591363;-0,089616923;0,247186721;-0,29894902;-0,261085324;0,329935581;-0,348168461;-0,039754748;0,152123984;0,34025713;0,09229546;0,297605105;-0,089571801;0,300317442;-0,280579143;-0,089610398;-0,089578405;-0,40495068;-0,089577134;-0,517928803;-0,355304246;0,267729653;0,012520555;-0,089598212;0,247228862;-0,089583626;-0,506366074;0,373013899;-0,304590754;-0,410145545;-0,089580043;-0,089605479;0,378171715;0,067857847;0,135585246;0,093660156;-0,089566107;-0,315506248;-0,316308413;0,240283075;-0,137527636;-0,089597524;-0,422397861;0,17023444;-0,053232526;-0,657906127;-0,089608269;0,342175779;-0,313007868;0,09507227;-0,010155163;0,303879029;0,259529399;-0,366837506;0,01503147;-0,371871209;0,202760261;-0,305977836;-0,38384966;-0,364341015;-0,08960999;0,436757101;-0,089616012;-0,262878099;0,223780708;0,25819478;-0,089617389;-0,02527417;-0,089607154;-0,089609025;0,180267658;-0,089568749;-0,346654575;0,062563945;-0,089608439;-0,089588152;-0,089611799;-0,165066107;0,317425774;-0,089572008;-0,283206948;-0,502480387;-0,089596094;-0,434766755;-0,242118767;-0,089607978;-0,399469809;-0,089583725;-0,089591252;0,113397775;-0,346270176;-0,089574192;0,122043286;-0,089575449;0,042829744;-0,050696043;-0,089566536;-0,233920269;-0,416402881;-0,089591391;-0,089593926;-0,089582815;-0,089612974;0,214426056;0,343594727;-0,089606871;-0,249781842;-0,089580154;-0,447926183;-0,177090757;-0,286895207;-0,391789074;0,32382355;-0,159499295;0,4167128;0,302833193;-0,089587491;-0,001973786;-0,089565104;-0,287006694;0,545119504;0,36105179;-0,190371815;0,123043882;-0,589930645;0,015456472;0,343606764;-0,089605319;0,222799762;-0,089601945;-0,080974514;0,214148408;-0,421945698;0,253815662;-0,357239195;-0,02528244;-0,403664161;-0,329649379;0,224093283;0,68220558;0,40225666;-0,089592919;0,287038792;-0,089609244;-0,089606759;-0,14187985;-0,089584836;-0,089609106;-0,295040584;-0,095558848;-0,089615399;0,015063367;-0,089595048;0,190312879;0,305426936;0,022656155;-0,089581062;-0,243133855;-0,276577538;-0,0560023;-0,319958992;-0,193907458;0,231371917;-0,089576921;-0,089588445;0,192879982;0,044300271;-0,542977788;0,186711534;0,371925395;0,245357601;-0,089588251;-0,089570778;0,126639231;-0,089587274;0,223018232;0,328315513;-0,107163898;-0,089603327
-1,636440767;-0,060699095;-0,443803411;-0,421713023;-0,411923295;-0,060690721;-0,351983704;-0,43618253;-0,337513594;-0,060709276;-0,007847198;0,234730475;-0,420096662;-0,210134995;-0,270353088;-0,153047;-0,315419528;0,109276537;-0,164223405;-0,305982978;0,131005364;0,358088509;-0,46186151;-0,060704138;-0,060708092;-0,379699747;0,007228965;0,322684694;-0,060675524;0,232513566;0,292253019;-0,060694428;-0,35589063;-0,060668873;-0,343236515;-0,224890169;-0,216025293;-0,060693701;-0,113047181;-0,060708946;-0,060651072;0,149600229;-0,224260367;-0,368957836;0,124772144;-0,309596899;-0,060681823;-0,23712274;-0,060690708;0,163731122;-0,016672973;0,149374569;0,164757978;-0,060691181;0,216261516;0,163927543;-0,060681567;-0,060709522;0,124266239;0,378146218;-0,0593096;0,313679415;-0,374301911;0,246111141;0,219393021;0,176677196;0,122533103;0,180151131;-0,060660299;0,342437103;-0,365906156;-0,060702368;-0,060667467;-0,553370078;-0,060666087;0,292172642;0,346149782;-0,460929443;0,074126677;-0,06068904;-0,24756029;-0,060673143;0,125125354;-0,330632285;-0,183292698;0,344650766;-0,060669247;-0,060696983;-0,181734879;0,124884828;-0,302365719;-0,410074112;-0,060654129;-0,148791491;0,205564773;-0,366607036;-0,172002535;-0,060688288;-0,372197816;-0,259650802;-0,051979395;0,263328454;-0,060700037;0,282558277;-0,371286301;0,151163126;0,030700228;0,23666222;0,25802859;0,371159926;0,108930609;0,113944781;0,221926602;-0,363762883;0,377139785;-0,274242503;-0,060701921;-0,254786226;-0,060708522;-0,282764398;0,149281207;-0,461465401;-0,060710034;0,042449841;-0,060698816;-0,060700864;0,108974606;-0,060656991;-0,114773158;0,115596608;-0,060700223;-0,060678069;-0,060703903;-0,415621942;0,077559957;-0,060660524;0,430407095;0,297377183;-0,060686728;-0,355966247;0,236379995;-0,060699718;-0,384668084;-0,06067325;-0,060681446;0,099847678;0,098463385;-0,060662893;0,157213372;-0,060664257;-0,063107378;0,204716067;-0,060654594;-0,280041363;-0,35762354;-0,060681598;-0,060684362;-0,06067226;-0,060705191;-0,376108571;-0,125660756;-0,060698506;-0,424147619;-0,060669367;-0,464968257;0,210360464;-0,213645212;-0,28339534;-0,107163074;-0,224978113;0,036367672;-0,42457546;-0,060677349;-0,290977566;-0,060653044;-0,226083754;-0,235410383;0,169584613;-0,320663512;0,063100225;-0,209025894;0,102488132;0,172931779;-0,060696808;0,234974283;-0,060693118;-0,339593507;0,144445078;0,253946179;0,096543043;0,143991656;-0,356402998;0,171738929;0,140470696;-0,37763571;-0,149471189;-0,338536812;-0,060683263;0,189661243;-0,060701104;-0,060698384;-0,124809756;-0,060674459;-0,060700953;-0,28876167;0,183127239;-0,060707851;0,117928383;-0,060685586;0,084339698;0,047281973;-0,038029033;-0,060670355;-0,305864523;-0,257397108;-0,052794051;0,410629956;-0,096183278;0,332787949;-0,060665856;-0,060678388;-0,259483748;0,093370225;0,157880176;0,167731183;-0,224632842;0,13086471;-0,060678177;-0,060659191;0,321658482;-0,060677112;-0,311340431;0,165570932;-0,005990598;-0,060694628
-1,858705656;-0,067594975;0,287585213;0,257045724;-0,350163895;-0,06758654;-0,486707031;0,38653543;0,347714776;-0,067605212;-0,002045612;0,136334041;-0,410848954;0,247164235;-0,275623642;-0,301340516;-0,34378211;0,210268565;-0,240801774;-0,25637019;0,226828476;0,205193703;0,177503594;-0,067600048;-0,067604023;-0,349451057;0,037741746;0,179669296;-0,067571199;0,190808287;-0,442180068;-0,067590276;-0,278249075;-0,067564472;0,232431092;-0,277857806;-0,34631378;-0,067589544;0,146482551;-0,06760488;-0,067546422;-0,297030472;-0,19286119;-0,111174679;0,057241825;-0,32673315;-0,067577563;-0,259369466;-0,067586527;0,144849236;0,040711503;0,128812972;0,189795055;-0,067587004;0,083708488;0,195319927;-0,067577305;-0,067605459;0,154474625;-0,133237185;-0,104032914;0,166048429;0,364384489;0,231898626;0,134055044;0,167514569;0,004549325;0,199475394;-0,067555785;-0,456318989;-0,409565577;-0,067598268;-0,067563048;0,21982161;-0,06756165;-0,035348936;-0,415661511;-0,506760479;-0,32945356;-0,067584846;0,236414289;-0,067568791;0,156033019;0,243091849;-0,242781732;-0,391095859;-0,067564849;-0,067592849;-0,235229882;-0,347013699;-0,376717867;0,190869819;-0,067549527;-0,118243156;0,17230977;-0,353464468;0,298536813;-0,067584087;-0,346504764;-0,211797674;-0,057099439;-0,571327938;-0,067595922;-0,388472068;-0,399186278;0,155201516;0,195276534;-0,450857571;0,168372936;-0,303354086;0,24351528;0,269326579;-0,300348889;-0,389342963;-0,456910135;-0,265280759;-0,067597818;-0,291129195;-0,067604455;0,360766205;0,177516318;0,260196561;-0,067605973;0,006936727;-0,067594694;-0,067596756;0,100413189;-0,067552431;-0,349403299;0,106197594;-0,06759611;-0,067573771;-0,067599812;0,301632846;0,110046676;-0,067556014;-0,207507315;-0,533195892;-0,067582513;0,316887512;0,193084469;-0,067595602;0,213040796;-0,0675689;-0,067577183;0,195045012;-0,307657296;-0,067558415;-0,378068665;-0,067559797;0,170677511;0,228390461;-0,067549998;-0,291657614;0,259485326;-0,067577336;-0,067580127;-0,067567899;-0,067601107;0,268116647;0,355486646;-0,067594382;0,233617956;-0,067564972;0,282752761;0,154658377;-0,211826095;0,240458732;0,028389201;-0,157034384;0,142161258;0,24160893;-0,067573043;-0,433805007;-0,067548425;-0,280765172;-0,289660042;-0,11886101;-0,130039209;0,047672023;-0,205483356;0,063998789;0,156490577;-0,067592672;0,179288417;-0,067588956;-0,01961027;0,209245017;0,067473903;-0,113193513;0,18343933;-0,189555858;-0,45235785;0,115905912;0,286898391;-0,142687597;-0,417745263;-0,067579017;0,143523041;-0,067596997;-0,067594259;-0,133737998;-0,067570123;-0,067596844;-0,106241683;0,266121185;-0,06760378;0,054362154;-0,067581362;0,061122932;0,084892628;-0,245563451;-0,067565971;-0,250687926;-0,351741542;-0,058605896;-0,341459588;-0,198220957;-0,410583757;-0,067561416;-0,067574093;-0,166805868;-0,055528291;0,144610814;-0,345437834;-0,274693203;0,124818636;-0,06757388;-0,067554662;-0,494662153;-0,067572804;0,337604198;-0,349883998;0,255752223;-0,067590478
-1,736759249;-0,0571123;-0,300370783;-0,235811483;0,107304239;-0,05711058;0,183033415;-0,296432895;-0,14304983;-0,057114379;-0,017273478;-0,289523861;-0,431476808;0,211892807;-0,223548358;0,284558475;0,212676662;0,237674977;0,270718517;-0,539655287;-0,374976128;-0,201727322;0,223923091;-0,057113331;-0,057114138;-0,311059988;-0,361686114;-0,100953726;-0,057107434;0,252535875;0,104932507;-0,057111342;0,182065083;-0,057106047;0,386769058;0,209820683;-0,497386088;-0,057111193;-0,40878702;-0,057114312;-0,057102304;-0,27938605;0,390575082;0,357828623;0,21762344;-0,184839012;-0,057108741;0,287081867;-0,057110577;-0,42834459;0,035180691;-0,326961942;0,128845607;-0,057110674;-0,541560507;-0,471149527;-0,057108688;-0,057114429;0,333878911;-0,313387315;-0,145783805;-0,352708541;-0,275073392;0,148728564;0,274282254;0,105831867;0,207302289;-0,264792424;-0,05710425;-0,299619938;-0,25792737;-0,05711297;-0,057105753;0,166321332;-0,057105464;-0,22343106;-0,084662887;0,281188898;-0,020610593;-0,057110233;0,109569499;-0,057106938;-0,292910411;-0,214960604;-0,325888077;-0,296688856;-0,057106125;-0,057111867;-0,316896985;-0,376982975;0,023022634;0,297130698;-0,05710295;-0,198255758;-0,035303428;0,115364251;0,258476324;-0,057110078;-0,355474856;0,181782889;-0,00811642;0,318881503;-0,057112493;-0,008465428;0,046076177;0,103876262;0,076662979;-0,340010357;-0,428228476;0,364216253;-0,15460412;-0,019459292;0,303362588;-0,439392738;-0,177024966;0,195273413;-0,057112878;-0,236176661;-0,057114226;0,485395415;-0,23066419;0,372939669;-0,057114533;0,050122844;-0,057112243;-0,057112662;-0,023137195;-0,057103553;-0,379041524;-0,007822973;-0,057112531;-0,057107963;-0,057113283;-0,30341564;0,174708072;-0,057104297;0,04806089;-0,440856733;-0,057109756;-0,28619991;-0,422559059;-0,057112427;0,257545049;-0,05710696;-0,057108663;-0,431707557;0,22435677;-0,057104794;-0,022327286;-0,05710508;0,27375591;0,233238392;-0,057103048;-0,332776101;0,327495893;-0,057108695;-0,057109267;-0,057106754;-0,057113546;-0,082673797;0,337942604;-0,057112179;0,104509727;-0,05710615;0,220421082;-0,340025253;-0,059846912;-0,371416563;-0,09232657;-0,000934471;-0,541010208;0,08209344;-0,057107813;0,206423102;-0,057102721;0,378504324;-0,176602384;-0,471597892;0,335443262;0,015539781;0,371428552;0,190665356;0,231217319;-0,057111831;0,081595045;-0,057111073;-0,355743948;0,219118936;0,212871397;-0,162466065;-0,21749566;0,378230264;-0,573327506;-0,395478613;-0,237180471;-0,379804706;-0,298920545;-0,05710904;0,148363675;-0,057112711;-0,057112154;-0,151770824;-0,057107212;-0,05711268;-0,360535296;-0,304360032;-0,057114089;0,161720139;-0,05710952;-0,198511139;0,099565155;-0,10038625;-0,057106356;0,002479773;-0,259383958;-0,048176218;-0,225718673;0,356676171;-0,400347875;-0,057105415;-0,057108029;0,311609547;0,129891382;-0,427219881;-0,418176861;0,077886844;-0,611309624;-0,057107985;-0,057104017;0,196996941;-0,057107764;0,400044897;0,247200307;-0,367155793;-0,057111384
